,Unnamed: 0,id,date,scope_paths,smp_paths,ram
0,0,BDG_20250228,2/28/25 0:00,"['/Users/colemankane_1/Library/CloudStorage/GoogleDrive-ColemanKane@boisestate.edu/Shared drives/2024-2025 CRREL Snow Strength/Data/Scrubbed pit_strength_transect data/crrel_exports/Snow_Scope/2025-02-28_1010_Profile181_SN00377.csv', '/Users/colemankane_1/Library/CloudStorage/GoogleDrive-ColemanKane@boisestate.edu/Shared drives/2024-2025 CRREL Snow Strength/Data/Scrubbed pit_strength_transect data/crrel_exports/Snow_Scope/2025-02-28_1011_Profile183_SN00377.csv', '/Users/colemankane_1/Library/CloudStorage/GoogleDrive-ColemanKane@boisestate.edu/Shared drives/2024-2025 CRREL Snow Strength/Data/Scrubbed pit_strength_transect data/crrel_exports/Snow_Scope/2025-02-28_1013_Profile184_SN00377.csv', '/Users/colemankane_1/Library/CloudStorage/GoogleDrive-ColemanKane@boisestate.edu/Shared drives/2024-2025 CRREL Snow Strength/Data/Scrubbed pit_strength_transect data/crrel_exports/Snow_Scope/2025-02-28_1013_Profile185_SN00377.csv', '/Users/colemankane_1/Library/CloudStorage/GoogleDrive-ColemanKane@boisestate.edu/Shared drives/2024-2025 CRREL Snow Strength/Data/Scrubbed pit_strength_transect data/crrel_exports/Snow_Scope/2025-02-28_1015_Profile186_SN00377.csv']","['/Users/colemankane_1/Library/CloudStorage/GoogleDrive-ColemanKane@boisestate.edu/Shared drives/2024-2025 CRREL Snow Strength/Data/Scrubbed pit_strength_transect data/crrel_exports/smp_profiles_exports/S06M0518.PNT_samples.csv', '/Users/colemankane_1/Library/CloudStorage/GoogleDrive-ColemanKane@boisestate.edu/Shared drives/2024-2025 CRREL Snow Strength/Data/Scrubbed pit_strength_transect data/crrel_exports/smp_profiles_exports/S06M0519.PNT_samples.csv', '/Users/colemankane_1/Library/CloudStorage/GoogleDrive-ColemanKane@boisestate.edu/Shared drives/2024-2025 CRREL Snow Strength/Data/Scrubbed pit_strength_transect data/crrel_exports/smp_profiles_exports/S06M0520.PNT_samples.csv', '/Users/colemankane_1/Library/CloudStorage/GoogleDrive-ColemanKane@boisestate.edu/Shared drives/2024-2025 CRREL Snow Strength/Data/Scrubbed pit_strength_transect data/crrel_exports/smp_profiles_exports/S06M0521.PNT_samples.csv', '/Users/colemankane_1/Library/CloudStorage/GoogleDrive-ColemanKane@boisestate.edu/Shared drives/2024-2025 CRREL Snow Strength/Data/Scrubbed pit_strength_transect data/crrel_exports/smp_profiles_exports/S06M0522.PNT_samples.csv']",/Users/colemankane_1/Library/CloudStorage/GoogleDrive-ColemanKane@boisestate.edu/Shared drives/2024-2025 CRREL Snow Strength/Data/Scrubbed pit_strength_transect data/crrel_exports/BDG_20250228_sram.csv
1,1,FEFHQ_20250107,1/7/25 0:00,"['/Users/colemankane_1/Library/CloudStorage/GoogleDrive-ColemanKane@boisestate.edu/Shared drives/2024-2025 CRREL Snow Strength/Data/Scrubbed pit_strength_transect data/crrel_exports/Snow_Scope/2025-01-07_1530_Profile82_SN00308.csv', '/Users/colemankane_1/Library/CloudStorage/GoogleDrive-ColemanKane@boisestate.edu/Shared drives/2024-2025 CRREL Snow Strength/Data/Scrubbed pit_strength_transect data/crrel_exports/Snow_Scope/2025-01-07_1531_Profile83_SN00308.csv', '/Users/colemankane_1/Library/CloudStorage/GoogleDrive-ColemanKane@boisestate.edu/Shared drives/2024-2025 CRREL Snow Strength/Data/Scrubbed pit_strength_transect data/crrel_exports/Snow_Scope/2025-01-07_1531_Profile84_SN00308.csv', '/Users/colemankane_1/Library/CloudStorage/GoogleDrive-ColemanKane@boisestate.edu/Shared drives/2024-2025 CRREL Snow Strength/Data/Scrubbed pit_strength_transect data/crrel_exports/Snow_Scope/2025-01-07_1531_Profile85_SN00308.csv', '/Users/colemankane_1/Library/CloudStorage/GoogleDrive-ColemanKane@boisestate.edu/Shared drives/2024-2025 CRREL Snow Strength/Data/Scrubbed pit_strength_transect data/crrel_exports/Snow_Scope/2025-01-07_1532_Profile86_SN00308.csv']",,/Users/colemankane_1/Library/CloudStorage/GoogleDrive-ColemanKane@boisestate.edu/Shared drives/2024-2025 CRREL Snow Strength/Data/Scrubbed pit_strength_transect data/crrel_exports/FEFHQ_20250107_sram.csv
2,2,PLT2_20241206,12/6/24 0:00,[],[],
3,3,JPLMet_20250305,3/5/25 0:00,"['/Users/colemankane_1/Library/CloudStorage/GoogleDrive-ColemanKane@boisestate.edu/Shared drives/2024-2025 CRREL Snow Strength/Data/Scrubbed pit_strength_transect data/crrel_exports/Snow_Scope/2025-03-05_1638_Profile159_SN00308.csv', '/Users/colemankane_1/Library/CloudStorage/GoogleDrive-ColemanKane@boisestate.edu/Shared drives/2024-2025 CRREL Snow Strength/Data/Scrubbed pit_strength_transect data/crrel_exports/Snow_Scope/2025-03-05_1639_Profile163_SN00308.csv']",,/Users/colemankane_1/Library/CloudStorage/GoogleDrive-ColemanKane@boisestate.edu/Shared drives/2024-2025 CRREL Snow Strength/Data/Scrubbed pit_strength_transect data/crrel_exports/JPLMet_20250305_sram.csv
4,4,BOG_20250116,1/16/25 0:00,[],"['/Users/colemankane_1/Library/CloudStorage/GoogleDrive-ColemanKane@boisestate.edu/Shared drives/2024-2025 CRREL Snow Strength/Data/Scrubbed pit_strength_transect data/crrel_exports/smp_profiles_exports/S19M0563.PNT_samples.csv', '/Users/colemankane_1/Library/CloudStorage/GoogleDrive-ColemanKane@boisestate.edu/Shared drives/2024-2025 CRREL Snow Strength/Data/Scrubbed pit_strength_transect data/crrel_exports/smp_profiles_exports/S19M0564.PNT_samples.csv', '/Users/colemankane_1/Library/CloudStorage/GoogleDrive-ColemanKane@boisestate.edu/Shared drives/2024-2025 CRREL Snow Strength/Data/Scrubbed pit_strength_transect data/crrel_exports/smp_profiles_exports/S19M0565.PNT_samples.csv', '/Users/colemankane_1/Library/CloudStorage/GoogleDrive-ColemanKane@boisestate.edu/Shared drives/2024-2025 CRREL Snow Strength/Data/Scrubbed pit_strength_transect data/crrel_exports/smp_profiles_exports/S19M0567.PNT_samples.csv', '/Users/colemankane_1/Library/CloudStorage/GoogleDrive-ColemanKane@boisestate.edu/Shared drives/2024-2025 CRREL Snow Strength/Data/Scrubbed pit_strength_transect data/crrel_exports/smp_profiles_exports/S19M0571.PNT_samples.csv', '/Users/colemankane_1/Library/CloudStorage/GoogleDrive-ColemanKane@boisestate.edu/Shared drives/2024-2025 CRREL Snow Strength/Data/Scrubbed pit_strength_transect data/crrel_exports/smp_profiles_exports/S19M0572.PNT_samples.csv']",/Users/colemankane_1/Library/CloudStorage/GoogleDrive-ColemanKane@boisestate.edu/Shared drives/2024-2025 CRREL Snow Strength/Data/Scrubbed pit_strength_transect data/crrel_exports/BOG_20250116_sram.csv
5,5,SLMet_20241230,12/30/24 0:00,"['/Users/colemankane_1/Library/CloudStorage/GoogleDrive-ColemanKane@boisestate.edu/Shared drives/2024-2025 CRREL Snow Strength/Data/Scrubbed pit_strength_transect data/crrel_exports/Snow_Scope/2024-12-30_1421_Profile1064_SN00234.csv', '/Users/colemankane_1/Library/CloudStorage/GoogleDrive-ColemanKane@boisestate.edu/Shared drives/2024-2025 CRREL Snow Strength/Data/Scrubbed pit_strength_transect data/crrel_exports/Snow_Scope/2024-12-30_1421_Profile1065_SN00234.csv', '/Users/colemankane_1/Library/CloudStorage/GoogleDrive-ColemanKane@boisestate.edu/Shared drives/2024-2025 CRREL Snow Strength/Data/Scrubbed pit_strength_transect data/crrel_exports/Snow_Scope/2024-12-30_1422_Profile1066_SN00234.csv', '/Users/colemankane_1/Library/CloudStorage/GoogleDrive-ColemanKane@boisestate.edu/Shared drives/2024-2025 CRREL Snow Strength/Data/Scrubbed pit_strength_transect data/crrel_exports/Snow_Scope/2024-12-30_1423_Profile1068_SN00234.csv']","['/Users/colemankane_1/Library/CloudStorage/GoogleDrive-ColemanKane@boisestate.edu/Shared drives/2024-2025 CRREL Snow Strength/Data/Scrubbed pit_strength_transect data/crrel_exports/smp_profiles_exports/S06M0318.PNT_samples.csv', '/Users/colemankane_1/Library/CloudStorage/GoogleDrive-ColemanKane@boisestate.edu/Shared drives/2024-2025 CRREL Snow Strength/Data/Scrubbed pit_strength_transect data/crrel_exports/smp_profiles_exports/S06M0319.PNT_samples.csv', '/Users/colemankane_1/Library/CloudStorage/GoogleDrive-ColemanKane@boisestate.edu/Shared drives/2024-2025 CRREL Snow Strength/Data/Scrubbed pit_strength_transect data/crrel_exports/smp_profiles_exports/S06M0320.PNT_samples.csv', '/Users/colemankane_1/Library/CloudStorage/GoogleDrive-ColemanKane@boisestate.edu/Shared drives/2024-2025 CRREL Snow Strength/Data/Scrubbed pit_strength_transect data/crrel_exports/smp_profiles_exports/S06M0321.PNT_samples.csv', '/Users/colemankane_1/Library/CloudStorage/GoogleDrive-ColemanKane@boisestate.edu/Shared drives/2024-2025 CRREL Snow Strength/Data/Scrubbed pit_strength_transect data/crrel_exports/smp_profiles_exports/S06M0322.PNT_samples.csv', '/Users/colemankane_1/Library/CloudStorage/GoogleDrive-ColemanKane@boisestate.edu/Shared drives/2024-2025 CRREL Snow Strength/Data/Scrubbed pit_strength_transect data/crrel_exports/smp_profiles_exports/S06M0323.PNT_samples.csv', '/Users/colemankane_1/Library/CloudStorage/GoogleDrive-ColemanKane@boisestate.edu/Shared drives/2024-2025 CRREL Snow Strength/Data/Scrubbed pit_strength_transect data/crrel_exports/smp_profiles_exports/S06M0324.PNT_samples.csv', '/Users/colemankane_1/Library/CloudStorage/GoogleDrive-ColemanKane@boisestate.edu/Shared drives/2024-2025 CRREL Snow Strength/Data/Scrubbed pit_strength_transect data/crrel_exports/smp_profiles_exports/S06M0325.PNT_samples.csv', '/Users/colemankane_1/Library/CloudStorage/GoogleDrive-ColemanKane@boisestate.edu/Shared drives/2024-2025 CRREL Snow Strength/Data/Scrubbed pit_strength_transect data/crrel_exports/smp_profiles_exports/S06M0326.PNT_samples.csv', '/Users/colemankane_1/Library/CloudStorage/GoogleDrive-ColemanKane@boisestate.edu/Shared drives/2024-2025 CRREL Snow Strength/Data/Scrubbed pit_strength_transect data/crrel_exports/smp_profiles_exports/S06M0327.PNT_samples.csv']",/Users/colemankane_1/Library/CloudStorage/GoogleDrive-ColemanKane@boisestate.edu/Shared drives/2024-2025 CRREL Snow Strength/Data/Scrubbed pit_strength_transect data/crrel_exports/SLMet_20241230_sram.csv
6,6,FST_20241122,11/22/24 0:00,"['/Users/colemankane_1/Library/CloudStorage/GoogleDrive-ColemanKane@boisestate.edu/Shared drives/2024-2025 CRREL Snow Strength/Data/Scrubbed pit_strength_transect data/crrel_exports/Snow_Scope/2024-11-22_1214_Profile758_SN00234.csv', '/Users/colemankane_1/Library/CloudStorage/GoogleDrive-ColemanKane@boisestate.edu/Shared drives/2024-2025 CRREL Snow Strength/Data/Scrubbed pit_strength_transect data/crrel_exports/Snow_Scope/2024-11-22_1215_Profile760_SN00234.csv', '/Users/colemankane_1/Library/CloudStorage/GoogleDrive-ColemanKane@boisestate.edu/Shared drives/2024-2025 CRREL Snow Strength/Data/Scrubbed pit_strength_transect data/crrel_exports/Snow_Scope/2024-11-22_1216_Profile762_SN00234.csv', '/Users/colemankane_1/Library/CloudStorage/GoogleDrive-ColemanKane@boisestate.edu/Shared drives/2024-2025 CRREL Snow Strength/Data/Scrubbed pit_strength_transect data/crrel_exports/Snow_Scope/2024-11-22_1217_Profile764_SN00234.csv', '/Users/colemankane_1/Library/CloudStorage/GoogleDrive-ColemanKane@boisestate.edu/Shared drives/2024-2025 CRREL Snow Strength/Data/Scrubbed pit_strength_transect data/crrel_exports/Snow_Scope/2024-11-22_1217_Profile765_SN00234.csv']",,/Users/colemankane_1/Library/CloudStorage/GoogleDrive-ColemanKane@boisestate.edu/Shared drives/2024-2025 CRREL Snow Strength/Data/Scrubbed pit_strength_transect data/crrel_exports/FST_20241122_sram.csv
7,7,AM_20250416,4/16/25 0:00,"['/Users/colemankane_1/Library/CloudStorage/GoogleDrive-ColemanKane@boisestate.edu/Shared drives/2024-2025 CRREL Snow Strength/Data/Scrubbed pit_strength_transect data/crrel_exports/Snow_Scope/2025-04-16_1240_Profile421_SN00308.csv', '/Users/colemankane_1/Library/CloudStorage/GoogleDrive-ColemanKane@boisestate.edu/Shared drives/2024-2025 CRREL Snow Strength/Data/Scrubbed pit_strength_transect data/crrel_exports/Snow_Scope/2025-04-16_1240_Profile424_SN00308.csv']",,/Users/colemankane_1/Library/CloudStorage/GoogleDrive-ColemanKane@boisestate.edu/Shared drives/2024-2025 CRREL Snow Strength/Data/Scrubbed pit_strength_transect data/crrel_exports/AM_20250416_sram.csv
8,8,JPLMet_20250407_TS_1200,4/7/25 0:00,"['/Users/colemankane_1/Library/CloudStorage/GoogleDrive-ColemanKane@boisestate.edu/Shared drives/2024-2025 CRREL Snow Strength/Data/Scrubbed pit_strength_transect data/crrel_exports/Snow_Scope/2025-04-07_1207_Profile232_SN00377.csv', '/Users/colemankane_1/Library/CloudStorage/GoogleDrive-ColemanKane@boisestate.edu/Shared drives/2024-2025 CRREL Snow Strength/Data/Scrubbed pit_strength_transect data/crrel_exports/Snow_Scope/2025-04-07_1208_Profile235_SN00377.csv', '/Users/colemankane_1/Library/CloudStorage/GoogleDrive-ColemanKane@boisestate.edu/Shared drives/2024-2025 CRREL Snow Strength/Data/Scrubbed pit_strength_transect data/crrel_exports/Snow_Scope/2025-04-07_1210_Profile239_SN00377.csv', '/Users/colemankane_1/Library/CloudStorage/GoogleDrive-ColemanKane@boisestate.edu/Shared drives/2024-2025 CRREL Snow Strength/Data/Scrubbed pit_strength_transect data/crrel_exports/Snow_Scope/2025-04-07_1212_Profile241_SN00377.csv', '/Users/colemankane_1/Library/CloudStorage/GoogleDrive-ColemanKane@boisestate.edu/Shared drives/2024-2025 CRREL Snow Strength/Data/Scrubbed pit_strength_transect data/crrel_exports/Snow_Scope/2025-04-07_1328_Profile3_SN00373.csv']","['/Users/colemankane_1/Library/CloudStorage/GoogleDrive-ColemanKane@boisestate.edu/Shared drives/2024-2025 CRREL Snow Strength/Data/Scrubbed pit_strength_transect data/crrel_exports/smp_profiles_exports/S19M0736.PNT_samples.csv', '/Users/colemankane_1/Library/CloudStorage/GoogleDrive-ColemanKane@boisestate.edu/Shared drives/2024-2025 CRREL Snow Strength/Data/Scrubbed pit_strength_transect data/crrel_exports/smp_profiles_exports/S19M0737.PNT_samples.csv', '/Users/colemankane_1/Library/CloudStorage/GoogleDrive-ColemanKane@boisestate.edu/Shared drives/2024-2025 CRREL Snow Strength/Data/Scrubbed pit_strength_transect data/crrel_exports/smp_profiles_exports/S19M0738.PNT_samples.csv', '/Users/colemankane_1/Library/CloudStorage/GoogleDrive-ColemanKane@boisestate.edu/Shared drives/2024-2025 CRREL Snow Strength/Data/Scrubbed pit_strength_transect data/crrel_exports/smp_profiles_exports/S19M0739.PNT_samples.csv', '/Users/colemankane_1/Library/CloudStorage/GoogleDrive-ColemanKane@boisestate.edu/Shared drives/2024-2025 CRREL Snow Strength/Data/Scrubbed pit_strength_transect data/crrel_exports/smp_profiles_exports/S19M0740.PNT_samples.csv']",/Users/colemankane_1/Library/CloudStorage/GoogleDrive-ColemanKane@boisestate.edu/Shared drives/2024-2025 CRREL Snow Strength/Data/Scrubbed pit_strength_transect data/crrel_exports/JPLMet_20250407_TS_1200_sram.csv
9,9,JPLMet_20241216,12/16/24 0:00,"['/Users/colemankane_1/Library/CloudStorage/GoogleDrive-ColemanKane@boisestate.edu/Shared drives/2024-2025 CRREL Snow Strength/Data/Scrubbed pit_strength_transect data/crrel_exports/Snow_Scope/2024-12-16_1319_Profile959_SN00234.csv', '/Users/colemankane_1/Library/CloudStorage/GoogleDrive-ColemanKane@boisestate.edu/Shared drives/2024-2025 CRREL Snow Strength/Data/Scrubbed pit_strength_transect data/crrel_exports/Snow_Scope/2024-12-16_1320_Profile960_SN00234.csv']",,/Users/colemankane_1/Library/CloudStorage/GoogleDrive-ColemanKane@boisestate.edu/Shared drives/2024-2025 CRREL Snow Strength/Data/Scrubbed pit_strength_transect data/crrel_exports/JPLMet_20241216_sram.csv
10,10,DHMet_20250318,3/18/25 0:00,[],,/Users/colemankane_1/Library/CloudStorage/GoogleDrive-ColemanKane@boisestate.edu/Shared drives/2024-2025 CRREL Snow Strength/Data/Scrubbed pit_strength_transect data/crrel_exports/DHMet_20250318_sram.csv
11,11,FST_20241231,12/31/24 0:00,"['/Users/colemankane_1/Library/CloudStorage/GoogleDrive-ColemanKane@boisestate.edu/Shared drives/2024-2025 CRREL Snow Strength/Data/Scrubbed pit_strength_transect data/crrel_exports/Snow_Scope/2024-12-31_1416_Profile52_SN00308.csv', '/Users/colemankane_1/Library/CloudStorage/GoogleDrive-ColemanKane@boisestate.edu/Shared drives/2024-2025 CRREL Snow Strength/Data/Scrubbed pit_strength_transect data/crrel_exports/Snow_Scope/2024-12-31_1416_Profile53_SN00308.csv', '/Users/colemankane_1/Library/CloudStorage/GoogleDrive-ColemanKane@boisestate.edu/Shared drives/2024-2025 CRREL Snow Strength/Data/Scrubbed pit_strength_transect data/crrel_exports/Snow_Scope/2024-12-31_1417_Profile56_SN00308.csv']","['/Users/colemankane_1/Library/CloudStorage/GoogleDrive-ColemanKane@boisestate.edu/Shared drives/2024-2025 CRREL Snow Strength/Data/Scrubbed pit_strength_transect data/crrel_exports/smp_profiles_exports/S06M0341.PNT_samples.csv', '/Users/colemankane_1/Library/CloudStorage/GoogleDrive-ColemanKane@boisestate.edu/Shared drives/2024-2025 CRREL Snow Strength/Data/Scrubbed pit_strength_transect data/crrel_exports/smp_profiles_exports/S06M0342.PNT_samples.csv', '/Users/colemankane_1/Library/CloudStorage/GoogleDrive-ColemanKane@boisestate.edu/Shared drives/2024-2025 CRREL Snow Strength/Data/Scrubbed pit_strength_transect data/crrel_exports/smp_profiles_exports/S06M0345.PNT_samples.csv']",/Users/colemankane_1/Library/CloudStorage/GoogleDrive-ColemanKane@boisestate.edu/Shared drives/2024-2025 CRREL Snow Strength/Data/Scrubbed pit_strength_transect data/crrel_exports/FST_20241231_sram.csv
12,12,JPLMet_20241129,11/29/24 0:00,"['/Users/colemankane_1/Library/CloudStorage/GoogleDrive-ColemanKane@boisestate.edu/Shared drives/2024-2025 CRREL Snow Strength/Data/Scrubbed pit_strength_transect data/crrel_exports/Snow_Scope/2024-11-29_1109_Profile780_SN00234.csv', '/Users/colemankane_1/Library/CloudStorage/GoogleDrive-ColemanKane@boisestate.edu/Shared drives/2024-2025 CRREL Snow Strength/Data/Scrubbed pit_strength_transect data/crrel_exports/Snow_Scope/2024-11-29_1110_Profile781_SN00234.csv', '/Users/colemankane_1/Library/CloudStorage/GoogleDrive-ColemanKane@boisestate.edu/Shared drives/2024-2025 CRREL Snow Strength/Data/Scrubbed pit_strength_transect data/crrel_exports/Snow_Scope/2024-11-29_1111_Profile783_SN00234.csv', '/Users/colemankane_1/Library/CloudStorage/GoogleDrive-ColemanKane@boisestate.edu/Shared drives/2024-2025 CRREL Snow Strength/Data/Scrubbed pit_strength_transect data/crrel_exports/Snow_Scope/2024-11-29_1112_Profile784_SN00234.csv', '/Users/colemankane_1/Library/CloudStorage/GoogleDrive-ColemanKane@boisestate.edu/Shared drives/2024-2025 CRREL Snow Strength/Data/Scrubbed pit_strength_transect data/crrel_exports/Snow_Scope/2024-11-29_1112_Profile785_SN00234.csv']",,/Users/colemankane_1/Library/CloudStorage/GoogleDrive-ColemanKane@boisestate.edu/Shared drives/2024-2025 CRREL Snow Strength/Data/Scrubbed pit_strength_transect data/crrel_exports/JPLMet_20241129_sram.csv
13,13,AM_20250313,3/13/25 0:00,"['/Users/colemankane_1/Library/CloudStorage/GoogleDrive-ColemanKane@boisestate.edu/Shared drives/2024-2025 CRREL Snow Strength/Data/Scrubbed pit_strength_transect data/crrel_exports/Snow_Scope/2025-03-13_1138_Profile195_SN00308.csv', '/Users/colemankane_1/Library/CloudStorage/GoogleDrive-ColemanKane@boisestate.edu/Shared drives/2024-2025 CRREL Snow Strength/Data/Scrubbed pit_strength_transect data/crrel_exports/Snow_Scope/2025-03-13_1139_Profile196_SN00308.csv', '/Users/colemankane_1/Library/CloudStorage/GoogleDrive-ColemanKane@boisestate.edu/Shared drives/2024-2025 CRREL Snow Strength/Data/Scrubbed pit_strength_transect data/crrel_exports/Snow_Scope/2025-03-13_1139_Profile197_SN00308.csv', '/Users/colemankane_1/Library/CloudStorage/GoogleDrive-ColemanKane@boisestate.edu/Shared drives/2024-2025 CRREL Snow Strength/Data/Scrubbed pit_strength_transect data/crrel_exports/Snow_Scope/2025-03-13_1141_Profile200_SN00308.csv']",,/Users/colemankane_1/Library/CloudStorage/GoogleDrive-ColemanKane@boisestate.edu/Shared drives/2024-2025 CRREL Snow Strength/Data/Scrubbed pit_strength_transect data/crrel_exports/AM_20250313_sram.csv
14,14,JPLMet_20250407_TS_B,4/7/25 0:00,"['/Users/colemankane_1/Library/CloudStorage/GoogleDrive-ColemanKane@boisestate.edu/Shared drives/2024-2025 CRREL Snow Strength/Data/Scrubbed pit_strength_transect data/crrel_exports/Snow_Scope/2025-04-08_0943_Profile12_SN00373.csv', '/Users/colemankane_1/Library/CloudStorage/GoogleDrive-ColemanKane@boisestate.edu/Shared drives/2024-2025 CRREL Snow Strength/Data/Scrubbed pit_strength_transect data/crrel_exports/Snow_Scope/2025-04-08_0945_Profile16_SN00373.csv', '/Users/colemankane_1/Library/CloudStorage/GoogleDrive-ColemanKane@boisestate.edu/Shared drives/2024-2025 CRREL Snow Strength/Data/Scrubbed pit_strength_transect data/crrel_exports/Snow_Scope/2025-04-08_0946_Profile18_SN00373.csv', '/Users/colemankane_1/Library/CloudStorage/GoogleDrive-ColemanKane@boisestate.edu/Shared drives/2024-2025 CRREL Snow Strength/Data/Scrubbed pit_strength_transect data/crrel_exports/Snow_Scope/2025-04-08_0947_Profile20_SN00373.csv', '/Users/colemankane_1/Library/CloudStorage/GoogleDrive-ColemanKane@boisestate.edu/Shared drives/2024-2025 CRREL Snow Strength/Data/Scrubbed pit_strength_transect data/crrel_exports/Snow_Scope/2025-04-08_1043_Profile31_SN00373.csv', '/Users/colemankane_1/Library/CloudStorage/GoogleDrive-ColemanKane@boisestate.edu/Shared drives/2024-2025 CRREL Snow Strength/Data/Scrubbed pit_strength_transect data/crrel_exports/Snow_Scope/2025-04-08_1045_Profile35_SN00373.csv', '/Users/colemankane_1/Library/CloudStorage/GoogleDrive-ColemanKane@boisestate.edu/Shared drives/2024-2025 CRREL Snow Strength/Data/Scrubbed pit_strength_transect data/crrel_exports/Snow_Scope/2025-04-08_1045_Profile36_SN00373.csv', '/Users/colemankane_1/Library/CloudStorage/GoogleDrive-ColemanKane@boisestate.edu/Shared drives/2024-2025 CRREL Snow Strength/Data/Scrubbed pit_strength_transect data/crrel_exports/Snow_Scope/2025-04-08_1130_Profile43_SN00373.csv', '/Users/colemankane_1/Library/CloudStorage/GoogleDrive-ColemanKane@boisestate.edu/Shared drives/2024-2025 CRREL Snow Strength/Data/Scrubbed pit_strength_transect data/crrel_exports/Snow_Scope/2025-04-08_1242_Profile57_SN00373.csv', '/Users/colemankane_1/Library/CloudStorage/GoogleDrive-ColemanKane@boisestate.edu/Shared drives/2024-2025 CRREL Snow Strength/Data/Scrubbed pit_strength_transect data/crrel_exports/Snow_Scope/2025-04-08_1242_Profile59_SN00373.csv', '/Users/colemankane_1/Library/CloudStorage/GoogleDrive-ColemanKane@boisestate.edu/Shared drives/2024-2025 CRREL Snow Strength/Data/Scrubbed pit_strength_transect data/crrel_exports/Snow_Scope/2025-04-08_1436_Profile316_SN00377.csv']",,
15,15,FEFHQ_20250415,4/15/25 0:00,"['/Users/colemankane_1/Library/CloudStorage/GoogleDrive-ColemanKane@boisestate.edu/Shared drives/2024-2025 CRREL Snow Strength/Data/Scrubbed pit_strength_transect data/crrel_exports/Snow_Scope/2025-04-15_1638_Profile411_SN00308.csv', '/Users/colemankane_1/Library/CloudStorage/GoogleDrive-ColemanKane@boisestate.edu/Shared drives/2024-2025 CRREL Snow Strength/Data/Scrubbed pit_strength_transect data/crrel_exports/Snow_Scope/2025-04-15_1639_Profile412_SN00308.csv']",,
16,16,TPO_20241129,11/29/24 0:00,"['/Users/colemankane_1/Library/CloudStorage/GoogleDrive-ColemanKane@boisestate.edu/Shared drives/2024-2025 CRREL Snow Strength/Data/Scrubbed pit_strength_transect data/crrel_exports/Snow_Scope/2024-11-29_1231_Profile748_SN00151.csv', '/Users/colemankane_1/Library/CloudStorage/GoogleDrive-ColemanKane@boisestate.edu/Shared drives/2024-2025 CRREL Snow Strength/Data/Scrubbed pit_strength_transect data/crrel_exports/Snow_Scope/2024-11-29_1232_Profile750_SN00151.csv', '/Users/colemankane_1/Library/CloudStorage/GoogleDrive-ColemanKane@boisestate.edu/Shared drives/2024-2025 CRREL Snow Strength/Data/Scrubbed pit_strength_transect data/crrel_exports/Snow_Scope/2024-11-29_1238_Profile752_SN00151.csv']",,
17,17,BOG_20250205,2/5/25 0:00,"['/Users/colemankane_1/Library/CloudStorage/GoogleDrive-ColemanKane@boisestate.edu/Shared drives/2024-2025 CRREL Snow Strength/Data/Scrubbed pit_strength_transect data/crrel_exports/Snow_Scope/2025-02-05_1134_Profile132_SN00377.csv', '/Users/colemankane_1/Library/CloudStorage/GoogleDrive-ColemanKane@boisestate.edu/Shared drives/2024-2025 CRREL Snow Strength/Data/Scrubbed pit_strength_transect data/crrel_exports/Snow_Scope/2025-02-05_1135_Profile133_SN00377.csv', '/Users/colemankane_1/Library/CloudStorage/GoogleDrive-ColemanKane@boisestate.edu/Shared drives/2024-2025 CRREL Snow Strength/Data/Scrubbed pit_strength_transect data/crrel_exports/Snow_Scope/2025-02-05_1136_Profile135_SN00377.csv', '/Users/colemankane_1/Library/CloudStorage/GoogleDrive-ColemanKane@boisestate.edu/Shared drives/2024-2025 CRREL Snow Strength/Data/Scrubbed pit_strength_transect data/crrel_exports/Snow_Scope/2025-02-05_1137_Profile136_SN00377.csv']","['/Users/colemankane_1/Library/CloudStorage/GoogleDrive-ColemanKane@boisestate.edu/Shared drives/2024-2025 CRREL Snow Strength/Data/Scrubbed pit_strength_transect data/crrel_exports/smp_profiles_exports/S19M0611.PNT_samples.csv', '/Users/colemankane_1/Library/CloudStorage/GoogleDrive-ColemanKane@boisestate.edu/Shared drives/2024-2025 CRREL Snow Strength/Data/Scrubbed pit_strength_transect data/crrel_exports/smp_profiles_exports/S19M0612.PNT_samples.csv', '/Users/colemankane_1/Library/CloudStorage/GoogleDrive-ColemanKane@boisestate.edu/Shared drives/2024-2025 CRREL Snow Strength/Data/Scrubbed pit_strength_transect data/crrel_exports/smp_profiles_exports/S19M0613.PNT_samples.csv', '/Users/colemankane_1/Library/CloudStorage/GoogleDrive-ColemanKane@boisestate.edu/Shared drives/2024-2025 CRREL Snow Strength/Data/Scrubbed pit_strength_transect data/crrel_exports/smp_profiles_exports/S19M0614.PNT_samples.csv', '/Users/colemankane_1/Library/CloudStorage/GoogleDrive-ColemanKane@boisestate.edu/Shared drives/2024-2025 CRREL Snow Strength/Data/Scrubbed pit_strength_transect data/crrel_exports/smp_profiles_exports/S19M0615.PNT_samples.csv', '/Users/colemankane_1/Library/CloudStorage/GoogleDrive-ColemanKane@boisestate.edu/Shared drives/2024-2025 CRREL Snow Strength/Data/Scrubbed pit_strength_transect data/crrel_exports/smp_profiles_exports/S19M0616.PNT_samples.csv', '/Users/colemankane_1/Library/CloudStorage/GoogleDrive-ColemanKane@boisestate.edu/Shared drives/2024-2025 CRREL Snow Strength/Data/Scrubbed pit_strength_transect data/crrel_exports/smp_profiles_exports/S19M0617.PNT_samples.csv', '/Users/colemankane_1/Library/CloudStorage/GoogleDrive-ColemanKane@boisestate.edu/Shared drives/2024-2025 CRREL Snow Strength/Data/Scrubbed pit_strength_transect data/crrel_exports/smp_profiles_exports/S19M0618.PNT_samples.csv', '/Users/colemankane_1/Library/CloudStorage/GoogleDrive-ColemanKane@boisestate.edu/Shared drives/2024-2025 CRREL Snow Strength/Data/Scrubbed pit_strength_transect data/crrel_exports/smp_profiles_exports/S19M0619.PNT_samples.csv', '/Users/colemankane_1/Library/CloudStorage/GoogleDrive-ColemanKane@boisestate.edu/Shared drives/2024-2025 CRREL Snow Strength/Data/Scrubbed pit_strength_transect data/crrel_exports/smp_profiles_exports/S19M0620.PNT_samples.csv']",/Users/colemankane_1/Library/CloudStorage/GoogleDrive-ColemanKane@boisestate.edu/Shared drives/2024-2025 CRREL Snow Strength/Data/Scrubbed pit_strength_transect data/crrel_exports/BOG_20250205_sram.csv
18,18,LFMet_20250416,4/16/25 0:00,"['/Users/colemankane_1/Library/CloudStorage/GoogleDrive-ColemanKane@boisestate.edu/Shared drives/2024-2025 CRREL Snow Strength/Data/Scrubbed pit_strength_transect data/crrel_exports/Snow_Scope/2025-04-16_0956_Profile413_SN00308.csv', '/Users/colemankane_1/Library/CloudStorage/GoogleDrive-ColemanKane@boisestate.edu/Shared drives/2024-2025 CRREL Snow Strength/Data/Scrubbed pit_strength_transect data/crrel_exports/Snow_Scope/2025-04-16_0958_Profile416_SN00308.csv']",,/Users/colemankane_1/Library/CloudStorage/GoogleDrive-ColemanKane@boisestate.edu/Shared drives/2024-2025 CRREL Snow Strength/Data/Scrubbed pit_strength_transect data/crrel_exports/LFMet_20250416_sram.csv
19,19,CLPX_FAD16_20250213,2/13/25 0:00,"['/Users/colemankane_1/Library/CloudStorage/GoogleDrive-ColemanKane@boisestate.edu/Shared drives/2024-2025 CRREL Snow Strength/Data/Scrubbed pit_strength_transect data/crrel_exports/Snow_Scope/2025-02-13_1116_Profile916_SN00151.csv', '/Users/colemankane_1/Library/CloudStorage/GoogleDrive-ColemanKane@boisestate.edu/Shared drives/2024-2025 CRREL Snow Strength/Data/Scrubbed pit_strength_transect data/crrel_exports/Snow_Scope/2025-02-13_1116_Profile917_SN00151.csv', '/Users/colemankane_1/Library/CloudStorage/GoogleDrive-ColemanKane@boisestate.edu/Shared drives/2024-2025 CRREL Snow Strength/Data/Scrubbed pit_strength_transect data/crrel_exports/Snow_Scope/2025-02-13_1117_Profile919_SN00151.csv', '/Users/colemankane_1/Library/CloudStorage/GoogleDrive-ColemanKane@boisestate.edu/Shared drives/2024-2025 CRREL Snow Strength/Data/Scrubbed pit_strength_transect data/crrel_exports/Snow_Scope/2025-02-13_1117_Profile920_SN00151.csv', '/Users/colemankane_1/Library/CloudStorage/GoogleDrive-ColemanKane@boisestate.edu/Shared drives/2024-2025 CRREL Snow Strength/Data/Scrubbed pit_strength_transect data/crrel_exports/Snow_Scope/2025-02-13_1119_Profile923_SN00151.csv']",,/Users/colemankane_1/Library/CloudStorage/GoogleDrive-ColemanKane@boisestate.edu/Shared drives/2024-2025 CRREL Snow Strength/Data/Scrubbed pit_strength_transect data/crrel_exports/CLPX_FAD16_20250213_sram.csv
20,20,BOG_20250326,3/26/25 0:00,[],"['/Users/colemankane_1/Library/CloudStorage/GoogleDrive-ColemanKane@boisestate.edu/Shared drives/2024-2025 CRREL Snow Strength/Data/Scrubbed pit_strength_transect data/crrel_exports/smp_profiles_exports/S06M0548.PNT_samples.csv', '/Users/colemankane_1/Library/CloudStorage/GoogleDrive-ColemanKane@boisestate.edu/Shared drives/2024-2025 CRREL Snow Strength/Data/Scrubbed pit_strength_transect data/crrel_exports/smp_profiles_exports/S06M0551.PNT_samples.csv', '/Users/colemankane_1/Library/CloudStorage/GoogleDrive-ColemanKane@boisestate.edu/Shared drives/2024-2025 CRREL Snow Strength/Data/Scrubbed pit_strength_transect data/crrel_exports/smp_profiles_exports/S06M0553.PNT_samples.csv', '/Users/colemankane_1/Library/CloudStorage/GoogleDrive-ColemanKane@boisestate.edu/Shared drives/2024-2025 CRREL Snow Strength/Data/Scrubbed pit_strength_transect data/crrel_exports/smp_profiles_exports/S06M0555.PNT_samples.csv']",/Users/colemankane_1/Library/CloudStorage/GoogleDrive-ColemanKane@boisestate.edu/Shared drives/2024-2025 CRREL Snow Strength/Data/Scrubbed pit_strength_transect data/crrel_exports/BOG_20250326_sram.csv
21,21,JPLMet_20250114,1/14/25 0:00,"['/Users/colemankane_1/Library/CloudStorage/GoogleDrive-ColemanKane@boisestate.edu/Shared drives/2024-2025 CRREL Snow Strength/Data/Scrubbed pit_strength_transect data/crrel_exports/Snow_Scope/2025-01-14_0940_Profile1142_SN00234.csv', '/Users/colemankane_1/Library/CloudStorage/GoogleDrive-ColemanKane@boisestate.edu/Shared drives/2024-2025 CRREL Snow Strength/Data/Scrubbed pit_strength_transect data/crrel_exports/Snow_Scope/2025-01-14_0941_Profile1143_SN00234.csv', '/Users/colemankane_1/Library/CloudStorage/GoogleDrive-ColemanKane@boisestate.edu/Shared drives/2024-2025 CRREL Snow Strength/Data/Scrubbed pit_strength_transect data/crrel_exports/Snow_Scope/2025-01-14_0941_Profile1144_SN00234.csv']",,/Users/colemankane_1/Library/CloudStorage/GoogleDrive-ColemanKane@boisestate.edu/Shared drives/2024-2025 CRREL Snow Strength/Data/Scrubbed pit_strength_transect data/crrel_exports/JPLMet_20250114_sram.csv
22,22,BOG_20250110,1/10/25 0:00,"['/Users/colemankane_1/Library/CloudStorage/GoogleDrive-ColemanKane@boisestate.edu/Shared drives/2024-2025 CRREL Snow Strength/Data/Scrubbed pit_strength_transect data/crrel_exports/Snow_Scope/2025-01-10_1136_Profile24_SN00340.csv', '/Users/colemankane_1/Library/CloudStorage/GoogleDrive-ColemanKane@boisestate.edu/Shared drives/2024-2025 CRREL Snow Strength/Data/Scrubbed pit_strength_transect data/crrel_exports/Snow_Scope/2025-01-10_1140_Profile25_SN00340.csv', '/Users/colemankane_1/Library/CloudStorage/GoogleDrive-ColemanKane@boisestate.edu/Shared drives/2024-2025 CRREL Snow Strength/Data/Scrubbed pit_strength_transect data/crrel_exports/Snow_Scope/2025-01-10_1141_Profile27_SN00340.csv', '/Users/colemankane_1/Library/CloudStorage/GoogleDrive-ColemanKane@boisestate.edu/Shared drives/2024-2025 CRREL Snow Strength/Data/Scrubbed pit_strength_transect data/crrel_exports/Snow_Scope/2025-01-10_1143_Profile31_SN00340.csv']","['/Users/colemankane_1/Library/CloudStorage/GoogleDrive-ColemanKane@boisestate.edu/Shared drives/2024-2025 CRREL Snow Strength/Data/Scrubbed pit_strength_transect data/crrel_exports/smp_profiles_exports/S19M0535.PNT_samples.csv', '/Users/colemankane_1/Library/CloudStorage/GoogleDrive-ColemanKane@boisestate.edu/Shared drives/2024-2025 CRREL Snow Strength/Data/Scrubbed pit_strength_transect data/crrel_exports/smp_profiles_exports/S19M0536.PNT_samples.csv', '/Users/colemankane_1/Library/CloudStorage/GoogleDrive-ColemanKane@boisestate.edu/Shared drives/2024-2025 CRREL Snow Strength/Data/Scrubbed pit_strength_transect data/crrel_exports/smp_profiles_exports/S19M0537.PNT_samples.csv', '/Users/colemankane_1/Library/CloudStorage/GoogleDrive-ColemanKane@boisestate.edu/Shared drives/2024-2025 CRREL Snow Strength/Data/Scrubbed pit_strength_transect data/crrel_exports/smp_profiles_exports/S19M0542.PNT_samples.csv', '/Users/colemankane_1/Library/CloudStorage/GoogleDrive-ColemanKane@boisestate.edu/Shared drives/2024-2025 CRREL Snow Strength/Data/Scrubbed pit_strength_transect data/crrel_exports/smp_profiles_exports/S19M0538.PNT_samples.csv', '/Users/colemankane_1/Library/CloudStorage/GoogleDrive-ColemanKane@boisestate.edu/Shared drives/2024-2025 CRREL Snow Strength/Data/Scrubbed pit_strength_transect data/crrel_exports/smp_profiles_exports/S19M0540.PNT_samples.csv', '/Users/colemankane_1/Library/CloudStorage/GoogleDrive-ColemanKane@boisestate.edu/Shared drives/2024-2025 CRREL Snow Strength/Data/Scrubbed pit_strength_transect data/crrel_exports/smp_profiles_exports/S19M0543.PNT_samples.csv']",/Users/colemankane_1/Library/CloudStorage/GoogleDrive-ColemanKane@boisestate.edu/Shared drives/2024-2025 CRREL Snow Strength/Data/Scrubbed pit_strength_transect data/crrel_exports/BOG_20250110_sram.csv
23,23,JPLMet_20250408_TS_1321,4/8/25 0:00,"['/Users/colemankane_1/Library/CloudStorage/GoogleDrive-ColemanKane@boisestate.edu/Shared drives/2024-2025 CRREL Snow Strength/Data/Scrubbed pit_strength_transect data/crrel_exports/Snow_Scope/2025-04-08_1334_Profile304_SN00377.csv', '/Users/colemankane_1/Library/CloudStorage/GoogleDrive-ColemanKane@boisestate.edu/Shared drives/2024-2025 CRREL Snow Strength/Data/Scrubbed pit_strength_transect data/crrel_exports/Snow_Scope/2025-04-08_1336_Profile305_SN00377.csv', '/Users/colemankane_1/Library/CloudStorage/GoogleDrive-ColemanKane@boisestate.edu/Shared drives/2024-2025 CRREL Snow Strength/Data/Scrubbed pit_strength_transect data/crrel_exports/Snow_Scope/2025-04-08_1336_Profile306_SN00377.csv', '/Users/colemankane_1/Library/CloudStorage/GoogleDrive-ColemanKane@boisestate.edu/Shared drives/2024-2025 CRREL Snow Strength/Data/Scrubbed pit_strength_transect data/crrel_exports/Snow_Scope/2025-04-08_1337_Profile307_SN00377.csv', '/Users/colemankane_1/Library/CloudStorage/GoogleDrive-ColemanKane@boisestate.edu/Shared drives/2024-2025 CRREL Snow Strength/Data/Scrubbed pit_strength_transect data/crrel_exports/Snow_Scope/2025-04-08_1338_Profile309_SN00377.csv']","['/Users/colemankane_1/Library/CloudStorage/GoogleDrive-ColemanKane@boisestate.edu/Shared drives/2024-2025 CRREL Snow Strength/Data/Scrubbed pit_strength_transect data/crrel_exports/smp_profiles_exports/S19M0842.PNT_samples.csv', '/Users/colemankane_1/Library/CloudStorage/GoogleDrive-ColemanKane@boisestate.edu/Shared drives/2024-2025 CRREL Snow Strength/Data/Scrubbed pit_strength_transect data/crrel_exports/smp_profiles_exports/S19M0843.PNT_samples.csv', '/Users/colemankane_1/Library/CloudStorage/GoogleDrive-ColemanKane@boisestate.edu/Shared drives/2024-2025 CRREL Snow Strength/Data/Scrubbed pit_strength_transect data/crrel_exports/smp_profiles_exports/S19M0844.PNT_samples.csv', '/Users/colemankane_1/Library/CloudStorage/GoogleDrive-ColemanKane@boisestate.edu/Shared drives/2024-2025 CRREL Snow Strength/Data/Scrubbed pit_strength_transect data/crrel_exports/smp_profiles_exports/S19M0845.PNT_samples.csv', '/Users/colemankane_1/Library/CloudStorage/GoogleDrive-ColemanKane@boisestate.edu/Shared drives/2024-2025 CRREL Snow Strength/Data/Scrubbed pit_strength_transect data/crrel_exports/smp_profiles_exports/S19M0846.PNT_samples.csv']",/Users/colemankane_1/Library/CloudStorage/GoogleDrive-ColemanKane@boisestate.edu/Shared drives/2024-2025 CRREL Snow Strength/Data/Scrubbed pit_strength_transect data/crrel_exports/JPLMet_20250408_TS_1321_sram.csv
24,24,BMO_20241201,12/1/24 0:00,"['/Users/colemankane_1/Library/CloudStorage/GoogleDrive-ColemanKane@boisestate.edu/Shared drives/2024-2025 CRREL Snow Strength/Data/Scrubbed pit_strength_transect data/crrel_exports/Snow_Scope/2024-12-01_1035_Profile759_SN00151.csv', '/Users/colemankane_1/Library/CloudStorage/GoogleDrive-ColemanKane@boisestate.edu/Shared drives/2024-2025 CRREL Snow Strength/Data/Scrubbed pit_strength_transect data/crrel_exports/Snow_Scope/2024-12-01_1041_Profile763_SN00151.csv', '/Users/colemankane_1/Library/CloudStorage/GoogleDrive-ColemanKane@boisestate.edu/Shared drives/2024-2025 CRREL Snow Strength/Data/Scrubbed pit_strength_transect data/crrel_exports/Snow_Scope/2024-12-01_1044_Profile764_SN00151.csv']",,
25,25,AM_20241206,12/6/24 0:00,"['/Users/colemankane_1/Library/CloudStorage/GoogleDrive-ColemanKane@boisestate.edu/Shared drives/2024-2025 CRREL Snow Strength/Data/Scrubbed pit_strength_transect data/crrel_exports/Snow_Scope/2024-12-06_1041_Profile892_SN00234.csv', '/Users/colemankane_1/Library/CloudStorage/GoogleDrive-ColemanKane@boisestate.edu/Shared drives/2024-2025 CRREL Snow Strength/Data/Scrubbed pit_strength_transect data/crrel_exports/Snow_Scope/2024-12-06_1042_Profile893_SN00234.csv', '/Users/colemankane_1/Library/CloudStorage/GoogleDrive-ColemanKane@boisestate.edu/Shared drives/2024-2025 CRREL Snow Strength/Data/Scrubbed pit_strength_transect data/crrel_exports/Snow_Scope/2024-12-06_1042_Profile894_SN00234.csv', '/Users/colemankane_1/Library/CloudStorage/GoogleDrive-ColemanKane@boisestate.edu/Shared drives/2024-2025 CRREL Snow Strength/Data/Scrubbed pit_strength_transect data/crrel_exports/Snow_Scope/2024-12-06_1043_Profile895_SN00234.csv', '/Users/colemankane_1/Library/CloudStorage/GoogleDrive-ColemanKane@boisestate.edu/Shared drives/2024-2025 CRREL Snow Strength/Data/Scrubbed pit_strength_transect data/crrel_exports/Snow_Scope/2024-12-06_1043_Profile896_SN00234.csv']",,/Users/colemankane_1/Library/CloudStorage/GoogleDrive-ColemanKane@boisestate.edu/Shared drives/2024-2025 CRREL Snow Strength/Data/Scrubbed pit_strength_transect data/crrel_exports/AM_20241206_sram.csv
26,26,FEFHQ_20250120,1/20/25 0:00,"['/Users/colemankane_1/Library/CloudStorage/GoogleDrive-ColemanKane@boisestate.edu/Shared drives/2024-2025 CRREL Snow Strength/Data/Scrubbed pit_strength_transect data/crrel_exports/Snow_Scope/2025-01-20_1416_Profile1207_SN00234.csv', '/Users/colemankane_1/Library/CloudStorage/GoogleDrive-ColemanKane@boisestate.edu/Shared drives/2024-2025 CRREL Snow Strength/Data/Scrubbed pit_strength_transect data/crrel_exports/Snow_Scope/2025-01-20_1417_Profile1208_SN00234.csv', '/Users/colemankane_1/Library/CloudStorage/GoogleDrive-ColemanKane@boisestate.edu/Shared drives/2024-2025 CRREL Snow Strength/Data/Scrubbed pit_strength_transect data/crrel_exports/Snow_Scope/2025-01-20_1417_Profile1209_SN00234.csv', '/Users/colemankane_1/Library/CloudStorage/GoogleDrive-ColemanKane@boisestate.edu/Shared drives/2024-2025 CRREL Snow Strength/Data/Scrubbed pit_strength_transect data/crrel_exports/Snow_Scope/2025-01-20_1417_Profile1210_SN00234.csv', '/Users/colemankane_1/Library/CloudStorage/GoogleDrive-ColemanKane@boisestate.edu/Shared drives/2024-2025 CRREL Snow Strength/Data/Scrubbed pit_strength_transect data/crrel_exports/Snow_Scope/2025-01-20_1418_Profile1211_SN00234.csv']",,/Users/colemankane_1/Library/CloudStorage/GoogleDrive-ColemanKane@boisestate.edu/Shared drives/2024-2025 CRREL Snow Strength/Data/Scrubbed pit_strength_transect data/crrel_exports/FEFHQ_20250120_sram.csv
27,27,SLMet_20250415,4/15/25 0:00,['/Users/colemankane_1/Library/CloudStorage/GoogleDrive-ColemanKane@boisestate.edu/Shared drives/2024-2025 CRREL Snow Strength/Data/Scrubbed pit_strength_transect data/crrel_exports/Snow_Scope/2025-04-15_1011_Profile385_SN00308.csv'],,/Users/colemankane_1/Library/CloudStorage/GoogleDrive-ColemanKane@boisestate.edu/Shared drives/2024-2025 CRREL Snow Strength/Data/Scrubbed pit_strength_transect data/crrel_exports/SLMet_20250415_sram.csv
28,28,FCO_20240311,3/11/24 0:00,[],,/Users/colemankane_1/Desktop/fraser_23_24_exports/FCO_20240311_sram.csv
29,29,AM_20250205,2/5/25 0:00,"['/Users/colemankane_1/Library/CloudStorage/GoogleDrive-ColemanKane@boisestate.edu/Shared drives/2024-2025 CRREL Snow Strength/Data/Scrubbed pit_strength_transect data/crrel_exports/Snow_Scope/2025-02-05_1249_Profile1300_SN00234.csv', '/Users/colemankane_1/Library/CloudStorage/GoogleDrive-ColemanKane@boisestate.edu/Shared drives/2024-2025 CRREL Snow Strength/Data/Scrubbed pit_strength_transect data/crrel_exports/Snow_Scope/2025-02-05_1249_Profile1301_SN00234.csv', '/Users/colemankane_1/Library/CloudStorage/GoogleDrive-ColemanKane@boisestate.edu/Shared drives/2024-2025 CRREL Snow Strength/Data/Scrubbed pit_strength_transect data/crrel_exports/Snow_Scope/2025-02-05_1250_Profile1302_SN00234.csv', '/Users/colemankane_1/Library/CloudStorage/GoogleDrive-ColemanKane@boisestate.edu/Shared drives/2024-2025 CRREL Snow Strength/Data/Scrubbed pit_strength_transect data/crrel_exports/Snow_Scope/2025-02-05_1251_Profile1303_SN00234.csv', '/Users/colemankane_1/Library/CloudStorage/GoogleDrive-ColemanKane@boisestate.edu/Shared drives/2024-2025 CRREL Snow Strength/Data/Scrubbed pit_strength_transect data/crrel_exports/Snow_Scope/2025-02-05_1251_Profile1304_SN00234.csv']",,/Users/colemankane_1/Library/CloudStorage/GoogleDrive-ColemanKane@boisestate.edu/Shared drives/2024-2025 CRREL Snow Strength/Data/Scrubbed pit_strength_transect data/crrel_exports/AM_20250205_sram.csv
30,30,CLPX_FASP8_20250121,1/21/25 0:00,"['/Users/colemankane_1/Library/CloudStorage/GoogleDrive-ColemanKane@boisestate.edu/Shared drives/2024-2025 CRREL Snow Strength/Data/Scrubbed pit_strength_transect data/crrel_exports/Snow_Scope/2025-01-21_1215_Profile87_SN00308.csv', '/Users/colemankane_1/Library/CloudStorage/GoogleDrive-ColemanKane@boisestate.edu/Shared drives/2024-2025 CRREL Snow Strength/Data/Scrubbed pit_strength_transect data/crrel_exports/Snow_Scope/2025-01-21_1215_Profile88_SN00308.csv', '/Users/colemankane_1/Library/CloudStorage/GoogleDrive-ColemanKane@boisestate.edu/Shared drives/2024-2025 CRREL Snow Strength/Data/Scrubbed pit_strength_transect data/crrel_exports/Snow_Scope/2025-01-21_1216_Profile90_SN00308.csv', '/Users/colemankane_1/Library/CloudStorage/GoogleDrive-ColemanKane@boisestate.edu/Shared drives/2024-2025 CRREL Snow Strength/Data/Scrubbed pit_strength_transect data/crrel_exports/Snow_Scope/2025-01-21_1217_Profile93_SN00308.csv', '/Users/colemankane_1/Library/CloudStorage/GoogleDrive-ColemanKane@boisestate.edu/Shared drives/2024-2025 CRREL Snow Strength/Data/Scrubbed pit_strength_transect data/crrel_exports/Snow_Scope/2025-01-21_1219_Profile94_SN00308.csv']",,/Users/colemankane_1/Library/CloudStorage/GoogleDrive-ColemanKane@boisestate.edu/Shared drives/2024-2025 CRREL Snow Strength/Data/Scrubbed pit_strength_transect data/crrel_exports/CLPX_FASP8_20250121_sram.csv
31,31,SLMet_20241217,12/17/24 0:00,"['/Users/colemankane_1/Library/CloudStorage/GoogleDrive-ColemanKane@boisestate.edu/Shared drives/2024-2025 CRREL Snow Strength/Data/Scrubbed pit_strength_transect data/crrel_exports/Snow_Scope/2024-12-17_0949_Profile987_SN00234.csv', '/Users/colemankane_1/Library/CloudStorage/GoogleDrive-ColemanKane@boisestate.edu/Shared drives/2024-2025 CRREL Snow Strength/Data/Scrubbed pit_strength_transect data/crrel_exports/Snow_Scope/2024-12-17_0950_Profile989_SN00234.csv', '/Users/colemankane_1/Library/CloudStorage/GoogleDrive-ColemanKane@boisestate.edu/Shared drives/2024-2025 CRREL Snow Strength/Data/Scrubbed pit_strength_transect data/crrel_exports/Snow_Scope/2024-12-17_0951_Profile990_SN00234.csv']",,/Users/colemankane_1/Library/CloudStorage/GoogleDrive-ColemanKane@boisestate.edu/Shared drives/2024-2025 CRREL Snow Strength/Data/Scrubbed pit_strength_transect data/crrel_exports/SLMet_20241217_sram.csv
32,32,DHMet_DHSMET_20250228,2/28/25 0:00,[],,/Users/colemankane_1/Library/CloudStorage/GoogleDrive-ColemanKane@boisestate.edu/Shared drives/2024-2025 CRREL Snow Strength/Data/Scrubbed pit_strength_transect data/crrel_exports/DHMet_DHSMET_20250228_sram.csv
33,33,SLMet_20250107,1/7/25 0:00,"['/Users/colemankane_1/Library/CloudStorage/GoogleDrive-ColemanKane@boisestate.edu/Shared drives/2024-2025 CRREL Snow Strength/Data/Scrubbed pit_strength_transect data/crrel_exports/Snow_Scope/2025-01-07_1344_Profile77_SN00308.csv', '/Users/colemankane_1/Library/CloudStorage/GoogleDrive-ColemanKane@boisestate.edu/Shared drives/2024-2025 CRREL Snow Strength/Data/Scrubbed pit_strength_transect data/crrel_exports/Snow_Scope/2025-01-07_1344_Profile78_SN00308.csv', '/Users/colemankane_1/Library/CloudStorage/GoogleDrive-ColemanKane@boisestate.edu/Shared drives/2024-2025 CRREL Snow Strength/Data/Scrubbed pit_strength_transect data/crrel_exports/Snow_Scope/2025-01-07_1344_Profile79_SN00308.csv', '/Users/colemankane_1/Library/CloudStorage/GoogleDrive-ColemanKane@boisestate.edu/Shared drives/2024-2025 CRREL Snow Strength/Data/Scrubbed pit_strength_transect data/crrel_exports/Snow_Scope/2025-01-07_1345_Profile80_SN00308.csv', '/Users/colemankane_1/Library/CloudStorage/GoogleDrive-ColemanKane@boisestate.edu/Shared drives/2024-2025 CRREL Snow Strength/Data/Scrubbed pit_strength_transect data/crrel_exports/Snow_Scope/2025-01-07_1346_Profile81_SN00308.csv']",,/Users/colemankane_1/Library/CloudStorage/GoogleDrive-ColemanKane@boisestate.edu/Shared drives/2024-2025 CRREL Snow Strength/Data/Scrubbed pit_strength_transect data/crrel_exports/SLMet_20250107_sram.csv
34,34,AM_20250409,4/9/25 0:00,"['/Users/colemankane_1/Library/CloudStorage/GoogleDrive-ColemanKane@boisestate.edu/Shared drives/2024-2025 CRREL Snow Strength/Data/Scrubbed pit_strength_transect data/crrel_exports/Snow_Scope/2025-04-09_0913_Profile282_SN00308.csv', '/Users/colemankane_1/Library/CloudStorage/GoogleDrive-ColemanKane@boisestate.edu/Shared drives/2024-2025 CRREL Snow Strength/Data/Scrubbed pit_strength_transect data/crrel_exports/Snow_Scope/2025-04-09_0914_Profile284_SN00308.csv', '/Users/colemankane_1/Library/CloudStorage/GoogleDrive-ColemanKane@boisestate.edu/Shared drives/2024-2025 CRREL Snow Strength/Data/Scrubbed pit_strength_transect data/crrel_exports/Snow_Scope/2025-04-09_0916_Profile285_SN00308.csv', '/Users/colemankane_1/Library/CloudStorage/GoogleDrive-ColemanKane@boisestate.edu/Shared drives/2024-2025 CRREL Snow Strength/Data/Scrubbed pit_strength_transect data/crrel_exports/Snow_Scope/2025-04-09_0916_Profile286_SN00308.csv']","['/Users/colemankane_1/Library/CloudStorage/GoogleDrive-ColemanKane@boisestate.edu/Shared drives/2024-2025 CRREL Snow Strength/Data/Scrubbed pit_strength_transect data/crrel_exports/smp_profiles_exports/S19M0853.PNT_samples.csv', '/Users/colemankane_1/Library/CloudStorage/GoogleDrive-ColemanKane@boisestate.edu/Shared drives/2024-2025 CRREL Snow Strength/Data/Scrubbed pit_strength_transect data/crrel_exports/smp_profiles_exports/S19M0854.PNT_samples.csv', '/Users/colemankane_1/Library/CloudStorage/GoogleDrive-ColemanKane@boisestate.edu/Shared drives/2024-2025 CRREL Snow Strength/Data/Scrubbed pit_strength_transect data/crrel_exports/smp_profiles_exports/S19M0855.PNT_samples.csv', '/Users/colemankane_1/Library/CloudStorage/GoogleDrive-ColemanKane@boisestate.edu/Shared drives/2024-2025 CRREL Snow Strength/Data/Scrubbed pit_strength_transect data/crrel_exports/smp_profiles_exports/S19M0856.PNT_samples.csv', '/Users/colemankane_1/Library/CloudStorage/GoogleDrive-ColemanKane@boisestate.edu/Shared drives/2024-2025 CRREL Snow Strength/Data/Scrubbed pit_strength_transect data/crrel_exports/smp_profiles_exports/S19M0857.PNT_samples.csv']",/Users/colemankane_1/Library/CloudStorage/GoogleDrive-ColemanKane@boisestate.edu/Shared drives/2024-2025 CRREL Snow Strength/Data/Scrubbed pit_strength_transect data/crrel_exports/AM_20250409_sram.csv
35,35,CLPX_FASP8_20250213,2/13/25 0:00,"['/Users/colemankane_1/Library/CloudStorage/GoogleDrive-ColemanKane@boisestate.edu/Shared drives/2024-2025 CRREL Snow Strength/Data/Scrubbed pit_strength_transect data/crrel_exports/Snow_Scope/2025-02-13_1336_Profile935_SN00151.csv', '/Users/colemankane_1/Library/CloudStorage/GoogleDrive-ColemanKane@boisestate.edu/Shared drives/2024-2025 CRREL Snow Strength/Data/Scrubbed pit_strength_transect data/crrel_exports/Snow_Scope/2025-02-13_1336_Profile936_SN00151.csv', '/Users/colemankane_1/Library/CloudStorage/GoogleDrive-ColemanKane@boisestate.edu/Shared drives/2024-2025 CRREL Snow Strength/Data/Scrubbed pit_strength_transect data/crrel_exports/Snow_Scope/2025-02-13_1337_Profile939_SN00151.csv', '/Users/colemankane_1/Library/CloudStorage/GoogleDrive-ColemanKane@boisestate.edu/Shared drives/2024-2025 CRREL Snow Strength/Data/Scrubbed pit_strength_transect data/crrel_exports/Snow_Scope/2025-02-13_1338_Profile940_SN00151.csv']",,/Users/colemankane_1/Library/CloudStorage/GoogleDrive-ColemanKane@boisestate.edu/Shared drives/2024-2025 CRREL Snow Strength/Data/Scrubbed pit_strength_transect data/crrel_exports/CLPX_FASP8_20250213_sram.csv
36,36,JPLMet_20250226,2/26/25 0:00,"['/Users/colemankane_1/Library/CloudStorage/GoogleDrive-ColemanKane@boisestate.edu/Shared drives/2024-2025 CRREL Snow Strength/Data/Scrubbed pit_strength_transect data/crrel_exports/Snow_Scope/2025-02-26_1343_Profile1355_SN00234.csv', '/Users/colemankane_1/Library/CloudStorage/GoogleDrive-ColemanKane@boisestate.edu/Shared drives/2024-2025 CRREL Snow Strength/Data/Scrubbed pit_strength_transect data/crrel_exports/Snow_Scope/2025-02-26_1344_Profile1357_SN00234.csv']",,/Users/colemankane_1/Library/CloudStorage/GoogleDrive-ColemanKane@boisestate.edu/Shared drives/2024-2025 CRREL Snow Strength/Data/Scrubbed pit_strength_transect data/crrel_exports/JPLMet_20250226_sram.csv
37,37,DHMet_20250128,1/28/25 0:00,"['/Users/colemankane_1/Library/CloudStorage/GoogleDrive-ColemanKane@boisestate.edu/Shared drives/2024-2025 CRREL Snow Strength/Data/Scrubbed pit_strength_transect data/crrel_exports/Snow_Scope/2025-01-28_1114_Profile822_SN00151.csv', '/Users/colemankane_1/Library/CloudStorage/GoogleDrive-ColemanKane@boisestate.edu/Shared drives/2024-2025 CRREL Snow Strength/Data/Scrubbed pit_strength_transect data/crrel_exports/Snow_Scope/2025-01-28_1114_Profile823_SN00151.csv', '/Users/colemankane_1/Library/CloudStorage/GoogleDrive-ColemanKane@boisestate.edu/Shared drives/2024-2025 CRREL Snow Strength/Data/Scrubbed pit_strength_transect data/crrel_exports/Snow_Scope/2025-01-28_1114_Profile824_SN00151.csv', '/Users/colemankane_1/Library/CloudStorage/GoogleDrive-ColemanKane@boisestate.edu/Shared drives/2024-2025 CRREL Snow Strength/Data/Scrubbed pit_strength_transect data/crrel_exports/Snow_Scope/2025-01-28_1115_Profile825_SN00151.csv', '/Users/colemankane_1/Library/CloudStorage/GoogleDrive-ColemanKane@boisestate.edu/Shared drives/2024-2025 CRREL Snow Strength/Data/Scrubbed pit_strength_transect data/crrel_exports/Snow_Scope/2025-01-28_1115_Profile826_SN00151.csv']",,/Users/colemankane_1/Library/CloudStorage/GoogleDrive-ColemanKane@boisestate.edu/Shared drives/2024-2025 CRREL Snow Strength/Data/Scrubbed pit_strength_transect data/crrel_exports/DHMet_20250128_sram.csv
38,38,PLT1_20241206,12/6/24 0:00,"['/Users/colemankane_1/Library/CloudStorage/GoogleDrive-ColemanKane@boisestate.edu/Shared drives/2024-2025 CRREL Snow Strength/Data/Scrubbed pit_strength_transect data/crrel_exports/Snow_Scope/2024-12-06_1208_Profile8_SN00359.csv', '/Users/colemankane_1/Library/CloudStorage/GoogleDrive-ColemanKane@boisestate.edu/Shared drives/2024-2025 CRREL Snow Strength/Data/Scrubbed pit_strength_transect data/crrel_exports/Snow_Scope/2024-12-06_1208_Profile9_SN00359.csv', '/Users/colemankane_1/Library/CloudStorage/GoogleDrive-ColemanKane@boisestate.edu/Shared drives/2024-2025 CRREL Snow Strength/Data/Scrubbed pit_strength_transect data/crrel_exports/Snow_Scope/2024-12-06_1442_Profile2_SN00308.csv', '/Users/colemankane_1/Library/CloudStorage/GoogleDrive-ColemanKane@boisestate.edu/Shared drives/2024-2025 CRREL Snow Strength/Data/Scrubbed pit_strength_transect data/crrel_exports/Snow_Scope/2024-12-06_1442_Profile3_SN00308.csv', '/Users/colemankane_1/Library/CloudStorage/GoogleDrive-ColemanKane@boisestate.edu/Shared drives/2024-2025 CRREL Snow Strength/Data/Scrubbed pit_strength_transect data/crrel_exports/Snow_Scope/2024-12-06_1444_Profile4_SN00308.csv', '/Users/colemankane_1/Library/CloudStorage/GoogleDrive-ColemanKane@boisestate.edu/Shared drives/2024-2025 CRREL Snow Strength/Data/Scrubbed pit_strength_transect data/crrel_exports/Snow_Scope/2024-12-06_1444_Profile5_SN00308.csv', '/Users/colemankane_1/Library/CloudStorage/GoogleDrive-ColemanKane@boisestate.edu/Shared drives/2024-2025 CRREL Snow Strength/Data/Scrubbed pit_strength_transect data/crrel_exports/Snow_Scope/2024-12-06_1444_Profile6_SN00308.csv']",['/Users/colemankane_1/Library/CloudStorage/GoogleDrive-ColemanKane@boisestate.edu/Shared drives/2024-2025 CRREL Snow Strength/Data/Scrubbed pit_strength_transect data/crrel_exports/smp_profiles_exports/S19M0309.PNT_samples.csv'],/Users/colemankane_1/Library/CloudStorage/GoogleDrive-ColemanKane@boisestate.edu/Shared drives/2024-2025 CRREL Snow Strength/Data/Scrubbed pit_strength_transect data/crrel_exports/PLT1_20241206_sram.csv
39,39,JPLMet_20250408_TS_1225,4/8/25 0:00,"['/Users/colemankane_1/Library/CloudStorage/GoogleDrive-ColemanKane@boisestate.edu/Shared drives/2024-2025 CRREL Snow Strength/Data/Scrubbed pit_strength_transect data/crrel_exports/Snow_Scope/2025-04-08_1242_Profile57_SN00373.csv', '/Users/colemankane_1/Library/CloudStorage/GoogleDrive-ColemanKane@boisestate.edu/Shared drives/2024-2025 CRREL Snow Strength/Data/Scrubbed pit_strength_transect data/crrel_exports/Snow_Scope/2025-04-08_1242_Profile59_SN00373.csv']","['/Users/colemankane_1/Library/CloudStorage/GoogleDrive-ColemanKane@boisestate.edu/Shared drives/2024-2025 CRREL Snow Strength/Data/Scrubbed pit_strength_transect data/crrel_exports/smp_profiles_exports/S19M0837.PNT_samples.csv', '/Users/colemankane_1/Library/CloudStorage/GoogleDrive-ColemanKane@boisestate.edu/Shared drives/2024-2025 CRREL Snow Strength/Data/Scrubbed pit_strength_transect data/crrel_exports/smp_profiles_exports/S19M0838.PNT_samples.csv', '/Users/colemankane_1/Library/CloudStorage/GoogleDrive-ColemanKane@boisestate.edu/Shared drives/2024-2025 CRREL Snow Strength/Data/Scrubbed pit_strength_transect data/crrel_exports/smp_profiles_exports/S19M0839.PNT_samples.csv', '/Users/colemankane_1/Library/CloudStorage/GoogleDrive-ColemanKane@boisestate.edu/Shared drives/2024-2025 CRREL Snow Strength/Data/Scrubbed pit_strength_transect data/crrel_exports/smp_profiles_exports/S19M0840.PNT_samples.csv', '/Users/colemankane_1/Library/CloudStorage/GoogleDrive-ColemanKane@boisestate.edu/Shared drives/2024-2025 CRREL Snow Strength/Data/Scrubbed pit_strength_transect data/crrel_exports/smp_profiles_exports/S19M0841.PNT_samples.csv']",/Users/colemankane_1/Library/CloudStorage/GoogleDrive-ColemanKane@boisestate.edu/Shared drives/2024-2025 CRREL Snow Strength/Data/Scrubbed pit_strength_transect data/crrel_exports/JPLMet_20250408_TS_1225_sram.csv
40,40,FEFHQ_20241230,12/30/24 0:00,"['/Users/colemankane_1/Library/CloudStorage/GoogleDrive-ColemanKane@boisestate.edu/Shared drives/2024-2025 CRREL Snow Strength/Data/Scrubbed pit_strength_transect data/crrel_exports/Snow_Scope/2024-12-30_0956_Profile1054_SN00234.csv', '/Users/colemankane_1/Library/CloudStorage/GoogleDrive-ColemanKane@boisestate.edu/Shared drives/2024-2025 CRREL Snow Strength/Data/Scrubbed pit_strength_transect data/crrel_exports/Snow_Scope/2024-12-30_0956_Profile1055_SN00234.csv', '/Users/colemankane_1/Library/CloudStorage/GoogleDrive-ColemanKane@boisestate.edu/Shared drives/2024-2025 CRREL Snow Strength/Data/Scrubbed pit_strength_transect data/crrel_exports/Snow_Scope/2024-12-30_0956_Profile1056_SN00234.csv', '/Users/colemankane_1/Library/CloudStorage/GoogleDrive-ColemanKane@boisestate.edu/Shared drives/2024-2025 CRREL Snow Strength/Data/Scrubbed pit_strength_transect data/crrel_exports/Snow_Scope/2024-12-30_0957_Profile1057_SN00234.csv', '/Users/colemankane_1/Library/CloudStorage/GoogleDrive-ColemanKane@boisestate.edu/Shared drives/2024-2025 CRREL Snow Strength/Data/Scrubbed pit_strength_transect data/crrel_exports/Snow_Scope/2024-12-30_0957_Profile1058_SN00234.csv']",,/Users/colemankane_1/Library/CloudStorage/GoogleDrive-ColemanKane@boisestate.edu/Shared drives/2024-2025 CRREL Snow Strength/Data/Scrubbed pit_strength_transect data/crrel_exports/FEFHQ_20241230_sram.csv
41,41,JPLMet_20241210,12/10/24 0:00,"['/Users/colemankane_1/Library/CloudStorage/GoogleDrive-ColemanKane@boisestate.edu/Shared drives/2024-2025 CRREL Snow Strength/Data/Scrubbed pit_strength_transect data/crrel_exports/Snow_Scope/2024-12-10_1004_Profile904_SN00234.csv', '/Users/colemankane_1/Library/CloudStorage/GoogleDrive-ColemanKane@boisestate.edu/Shared drives/2024-2025 CRREL Snow Strength/Data/Scrubbed pit_strength_transect data/crrel_exports/Snow_Scope/2024-12-10_1005_Profile905_SN00234.csv', '/Users/colemankane_1/Library/CloudStorage/GoogleDrive-ColemanKane@boisestate.edu/Shared drives/2024-2025 CRREL Snow Strength/Data/Scrubbed pit_strength_transect data/crrel_exports/Snow_Scope/2024-12-10_1005_Profile906_SN00234.csv', '/Users/colemankane_1/Library/CloudStorage/GoogleDrive-ColemanKane@boisestate.edu/Shared drives/2024-2025 CRREL Snow Strength/Data/Scrubbed pit_strength_transect data/crrel_exports/Snow_Scope/2024-12-10_1005_Profile907_SN00234.csv', '/Users/colemankane_1/Library/CloudStorage/GoogleDrive-ColemanKane@boisestate.edu/Shared drives/2024-2025 CRREL Snow Strength/Data/Scrubbed pit_strength_transect data/crrel_exports/Snow_Scope/2024-12-10_1006_Profile908_SN00234.csv']",,/Users/colemankane_1/Library/CloudStorage/GoogleDrive-ColemanKane@boisestate.edu/Shared drives/2024-2025 CRREL Snow Strength/Data/Scrubbed pit_strength_transect data/crrel_exports/JPLMet_20241210_sram.csv
42,42,JPLMet_20241204,12/4/24 0:00,[],,/Users/colemankane_1/Library/CloudStorage/GoogleDrive-ColemanKane@boisestate.edu/Shared drives/2024-2025 CRREL Snow Strength/Data/Scrubbed pit_strength_transect data/crrel_exports/JPLMet_20241204_sram.csv
43,43,AM_20250108,1/8/25 0:00,"['/Users/colemankane_1/Library/CloudStorage/GoogleDrive-ColemanKane@boisestate.edu/Shared drives/2024-2025 CRREL Snow Strength/Data/Scrubbed pit_strength_transect data/crrel_exports/Snow_Scope/2025-01-08_1200_Profile1107_SN00234.csv', '/Users/colemankane_1/Library/CloudStorage/GoogleDrive-ColemanKane@boisestate.edu/Shared drives/2024-2025 CRREL Snow Strength/Data/Scrubbed pit_strength_transect data/crrel_exports/Snow_Scope/2025-01-08_1200_Profile1108_SN00234.csv', '/Users/colemankane_1/Library/CloudStorage/GoogleDrive-ColemanKane@boisestate.edu/Shared drives/2024-2025 CRREL Snow Strength/Data/Scrubbed pit_strength_transect data/crrel_exports/Snow_Scope/2025-01-08_1201_Profile1109_SN00234.csv', '/Users/colemankane_1/Library/CloudStorage/GoogleDrive-ColemanKane@boisestate.edu/Shared drives/2024-2025 CRREL Snow Strength/Data/Scrubbed pit_strength_transect data/crrel_exports/Snow_Scope/2025-01-08_1201_Profile1110_SN00234.csv', '/Users/colemankane_1/Library/CloudStorage/GoogleDrive-ColemanKane@boisestate.edu/Shared drives/2024-2025 CRREL Snow Strength/Data/Scrubbed pit_strength_transect data/crrel_exports/Snow_Scope/2025-01-08_1201_Profile1111_SN00234.csv']",,/Users/colemankane_1/Library/CloudStorage/GoogleDrive-ColemanKane@boisestate.edu/Shared drives/2024-2025 CRREL Snow Strength/Data/Scrubbed pit_strength_transect data/crrel_exports/AM_20250108_sram.csv
44,44,SLMet_20250226,2/26/25 0:00,"['/Users/colemankane_1/Library/CloudStorage/GoogleDrive-ColemanKane@boisestate.edu/Shared drives/2024-2025 CRREL Snow Strength/Data/Scrubbed pit_strength_transect data/crrel_exports/Snow_Scope/2025-02-26_1053_Profile1344_SN00234.csv', '/Users/colemankane_1/Library/CloudStorage/GoogleDrive-ColemanKane@boisestate.edu/Shared drives/2024-2025 CRREL Snow Strength/Data/Scrubbed pit_strength_transect data/crrel_exports/Snow_Scope/2025-02-26_1053_Profile1345_SN00234.csv', '/Users/colemankane_1/Library/CloudStorage/GoogleDrive-ColemanKane@boisestate.edu/Shared drives/2024-2025 CRREL Snow Strength/Data/Scrubbed pit_strength_transect data/crrel_exports/Snow_Scope/2025-02-26_1054_Profile1346_SN00234.csv', '/Users/colemankane_1/Library/CloudStorage/GoogleDrive-ColemanKane@boisestate.edu/Shared drives/2024-2025 CRREL Snow Strength/Data/Scrubbed pit_strength_transect data/crrel_exports/Snow_Scope/2025-02-26_1055_Profile1348_SN00234.csv', '/Users/colemankane_1/Library/CloudStorage/GoogleDrive-ColemanKane@boisestate.edu/Shared drives/2024-2025 CRREL Snow Strength/Data/Scrubbed pit_strength_transect data/crrel_exports/Snow_Scope/2025-02-26_1055_Profile1349_SN00234.csv']",,/Users/colemankane_1/Library/CloudStorage/GoogleDrive-ColemanKane@boisestate.edu/Shared drives/2024-2025 CRREL Snow Strength/Data/Scrubbed pit_strength_transect data/crrel_exports/SLMet_20250226_sram.csv
45,45,SLMet_20241204,12/4/24 0:00,['/Users/colemankane_1/Library/CloudStorage/GoogleDrive-ColemanKane@boisestate.edu/Shared drives/2024-2025 CRREL Snow Strength/Data/Scrubbed pit_strength_transect data/crrel_exports/Snow_Scope/2024-12-04_1001_Profile816_SN00234.csv'],,/Users/colemankane_1/Library/CloudStorage/GoogleDrive-ColemanKane@boisestate.edu/Shared drives/2024-2025 CRREL Snow Strength/Data/Scrubbed pit_strength_transect data/crrel_exports/SLMet_20241204_sram.csv
46,46,BMO_20250224,2/24/25 0:00,[],,/Users/colemankane_1/Library/CloudStorage/GoogleDrive-ColemanKane@boisestate.edu/Shared drives/2024-2025 CRREL Snow Strength/Data/Scrubbed pit_strength_transect data/crrel_exports/BMO_20250224_sram.csv
47,47,FST_20250115,1/15/25 0:00,"['/Users/colemankane_1/Library/CloudStorage/GoogleDrive-ColemanKane@boisestate.edu/Shared drives/2024-2025 CRREL Snow Strength/Data/Scrubbed pit_strength_transect data/crrel_exports/Snow_Scope/2025-01-15_1130_Profile1176_SN00234.csv', '/Users/colemankane_1/Library/CloudStorage/GoogleDrive-ColemanKane@boisestate.edu/Shared drives/2024-2025 CRREL Snow Strength/Data/Scrubbed pit_strength_transect data/crrel_exports/Snow_Scope/2025-01-15_1131_Profile1177_SN00234.csv', '/Users/colemankane_1/Library/CloudStorage/GoogleDrive-ColemanKane@boisestate.edu/Shared drives/2024-2025 CRREL Snow Strength/Data/Scrubbed pit_strength_transect data/crrel_exports/Snow_Scope/2025-01-15_1132_Profile1178_SN00234.csv', '/Users/colemankane_1/Library/CloudStorage/GoogleDrive-ColemanKane@boisestate.edu/Shared drives/2024-2025 CRREL Snow Strength/Data/Scrubbed pit_strength_transect data/crrel_exports/Snow_Scope/2025-01-15_1132_Profile1179_SN00234.csv', '/Users/colemankane_1/Library/CloudStorage/GoogleDrive-ColemanKane@boisestate.edu/Shared drives/2024-2025 CRREL Snow Strength/Data/Scrubbed pit_strength_transect data/crrel_exports/Snow_Scope/2025-01-15_1133_Profile1180_SN00234.csv']",,/Users/colemankane_1/Library/CloudStorage/GoogleDrive-ColemanKane@boisestate.edu/Shared drives/2024-2025 CRREL Snow Strength/Data/Scrubbed pit_strength_transect data/crrel_exports/FST_20250115_sram.csv
48,48,LFMet_20250312,3/12/25 0:00,"['/Users/colemankane_1/Library/CloudStorage/GoogleDrive-ColemanKane@boisestate.edu/Shared drives/2024-2025 CRREL Snow Strength/Data/Scrubbed pit_strength_transect data/crrel_exports/Snow_Scope/2025-03-12_1539_Profile189_SN00308.csv', '/Users/colemankane_1/Library/CloudStorage/GoogleDrive-ColemanKane@boisestate.edu/Shared drives/2024-2025 CRREL Snow Strength/Data/Scrubbed pit_strength_transect data/crrel_exports/Snow_Scope/2025-03-12_1541_Profile193_SN00308.csv']",,/Users/colemankane_1/Library/CloudStorage/GoogleDrive-ColemanKane@boisestate.edu/Shared drives/2024-2025 CRREL Snow Strength/Data/Scrubbed pit_strength_transect data/crrel_exports/LFMet_20250312_sram.csv
49,49,FEFHQ_20241129,11/29/24 0:00,[],,/Users/colemankane_1/Library/CloudStorage/GoogleDrive-ColemanKane@boisestate.edu/Shared drives/2024-2025 CRREL Snow Strength/Data/Scrubbed pit_strength_transect data/crrel_exports/FEFHQ_20241129_sram.csv
50,50,FST_20241211,12/11/24 0:00,['/Users/colemankane_1/Library/CloudStorage/GoogleDrive-ColemanKane@boisestate.edu/Shared drives/2024-2025 CRREL Snow Strength/Data/Scrubbed pit_strength_transect data/crrel_exports/Snow_Scope/2024-12-11_1431_Profile938_SN00234.csv'],,/Users/colemankane_1/Library/CloudStorage/GoogleDrive-ColemanKane@boisestate.edu/Shared drives/2024-2025 CRREL Snow Strength/Data/Scrubbed pit_strength_transect data/crrel_exports/FST_20241211_sram.csv
51,51,CCY_20250206,2/6/25 0:00,"['/Users/colemankane_1/Library/CloudStorage/GoogleDrive-ColemanKane@boisestate.edu/Shared drives/2024-2025 CRREL Snow Strength/Data/Scrubbed pit_strength_transect data/crrel_exports/Snow_Scope/2025-02-06_1520_Profile141_SN00377.csv', '/Users/colemankane_1/Library/CloudStorage/GoogleDrive-ColemanKane@boisestate.edu/Shared drives/2024-2025 CRREL Snow Strength/Data/Scrubbed pit_strength_transect data/crrel_exports/Snow_Scope/2025-02-06_1522_Profile144_SN00377.csv']","['/Users/colemankane_1/Library/CloudStorage/GoogleDrive-ColemanKane@boisestate.edu/Shared drives/2024-2025 CRREL Snow Strength/Data/Scrubbed pit_strength_transect data/crrel_exports/smp_profiles_exports/S19M0624.PNT_samples.csv', '/Users/colemankane_1/Library/CloudStorage/GoogleDrive-ColemanKane@boisestate.edu/Shared drives/2024-2025 CRREL Snow Strength/Data/Scrubbed pit_strength_transect data/crrel_exports/smp_profiles_exports/S19M0625.PNT_samples.csv', '/Users/colemankane_1/Library/CloudStorage/GoogleDrive-ColemanKane@boisestate.edu/Shared drives/2024-2025 CRREL Snow Strength/Data/Scrubbed pit_strength_transect data/crrel_exports/smp_profiles_exports/S19M0626.PNT_samples.csv', '/Users/colemankane_1/Library/CloudStorage/GoogleDrive-ColemanKane@boisestate.edu/Shared drives/2024-2025 CRREL Snow Strength/Data/Scrubbed pit_strength_transect data/crrel_exports/smp_profiles_exports/S19M0627.PNT_samples.csv', '/Users/colemankane_1/Library/CloudStorage/GoogleDrive-ColemanKane@boisestate.edu/Shared drives/2024-2025 CRREL Snow Strength/Data/Scrubbed pit_strength_transect data/crrel_exports/smp_profiles_exports/S19M0628.PNT_samples.csv']",/Users/colemankane_1/Library/CloudStorage/GoogleDrive-ColemanKane@boisestate.edu/Shared drives/2024-2025 CRREL Snow Strength/Data/Scrubbed pit_strength_transect data/crrel_exports/CCY_20250206_sram.csv
52,52,FST_20250407,4/7/25 0:00,"['/Users/colemankane_1/Library/CloudStorage/GoogleDrive-ColemanKane@boisestate.edu/Shared drives/2024-2025 CRREL Snow Strength/Data/Scrubbed pit_strength_transect data/crrel_exports/Snow_Scope/2025-04-07_1504_Profile273_SN00308.csv', '/Users/colemankane_1/Library/CloudStorage/GoogleDrive-ColemanKane@boisestate.edu/Shared drives/2024-2025 CRREL Snow Strength/Data/Scrubbed pit_strength_transect data/crrel_exports/Snow_Scope/2025-04-07_1505_Profile275_SN00308.csv', '/Users/colemankane_1/Library/CloudStorage/GoogleDrive-ColemanKane@boisestate.edu/Shared drives/2024-2025 CRREL Snow Strength/Data/Scrubbed pit_strength_transect data/crrel_exports/Snow_Scope/2025-04-07_1506_Profile277_SN00308.csv', '/Users/colemankane_1/Library/CloudStorage/GoogleDrive-ColemanKane@boisestate.edu/Shared drives/2024-2025 CRREL Snow Strength/Data/Scrubbed pit_strength_transect data/crrel_exports/Snow_Scope/2025-04-07_1507_Profile280_SN00308.csv']",,/Users/colemankane_1/Library/CloudStorage/GoogleDrive-ColemanKane@boisestate.edu/Shared drives/2024-2025 CRREL Snow Strength/Data/Scrubbed pit_strength_transect data/crrel_exports/FST_20250407_sram.csv
53,53,FST_20250227,2/27/25 0:00,"['/Users/colemankane_1/Library/CloudStorage/GoogleDrive-ColemanKane@boisestate.edu/Shared drives/2024-2025 CRREL Snow Strength/Data/Scrubbed pit_strength_transect data/crrel_exports/Snow_Scope/2025-02-27_1108_Profile129_SN00308.csv', '/Users/colemankane_1/Library/CloudStorage/GoogleDrive-ColemanKane@boisestate.edu/Shared drives/2024-2025 CRREL Snow Strength/Data/Scrubbed pit_strength_transect data/crrel_exports/Snow_Scope/2025-02-27_1107_Profile127_SN00308.csv', '/Users/colemankane_1/Library/CloudStorage/GoogleDrive-ColemanKane@boisestate.edu/Shared drives/2024-2025 CRREL Snow Strength/Data/Scrubbed pit_strength_transect data/crrel_exports/Snow_Scope/2025-02-27_1106_Profile125_SN00308.csv']",,/Users/colemankane_1/Library/CloudStorage/GoogleDrive-ColemanKane@boisestate.edu/Shared drives/2024-2025 CRREL Snow Strength/Data/Scrubbed pit_strength_transect data/crrel_exports/FST_20250227_sram.csv
54,54,JPLMet_20250415,4/15/25 0:00,"['/Users/colemankane_1/Library/CloudStorage/GoogleDrive-ColemanKane@boisestate.edu/Shared drives/2024-2025 CRREL Snow Strength/Data/Scrubbed pit_strength_transect data/crrel_exports/Snow_Scope/2025-04-15_1219_Profile393_SN00308.csv', '/Users/colemankane_1/Library/CloudStorage/GoogleDrive-ColemanKane@boisestate.edu/Shared drives/2024-2025 CRREL Snow Strength/Data/Scrubbed pit_strength_transect data/crrel_exports/Snow_Scope/2025-04-15_1219_Profile394_SN00308.csv', '/Users/colemankane_1/Library/CloudStorage/GoogleDrive-ColemanKane@boisestate.edu/Shared drives/2024-2025 CRREL Snow Strength/Data/Scrubbed pit_strength_transect data/crrel_exports/Snow_Scope/2025-04-15_1220_Profile396_SN00308.csv']",,/Users/colemankane_1/Library/CloudStorage/GoogleDrive-ColemanKane@boisestate.edu/Shared drives/2024-2025 CRREL Snow Strength/Data/Scrubbed pit_strength_transect data/crrel_exports/JPLMet_20250415_sram.csv
55,55,DHMet_20250225,2/25/25 0:00,"['/Users/colemankane_1/Library/CloudStorage/GoogleDrive-ColemanKane@boisestate.edu/Shared drives/2024-2025 CRREL Snow Strength/Data/Scrubbed pit_strength_transect data/crrel_exports/Snow_Scope/2025-02-25_1133_Profile960_SN00151.csv', '/Users/colemankane_1/Library/CloudStorage/GoogleDrive-ColemanKane@boisestate.edu/Shared drives/2024-2025 CRREL Snow Strength/Data/Scrubbed pit_strength_transect data/crrel_exports/Snow_Scope/2025-02-25_1134_Profile962_SN00151.csv', '/Users/colemankane_1/Library/CloudStorage/GoogleDrive-ColemanKane@boisestate.edu/Shared drives/2024-2025 CRREL Snow Strength/Data/Scrubbed pit_strength_transect data/crrel_exports/Snow_Scope/2025-02-25_1137_Profile966_SN00151.csv', '/Users/colemankane_1/Library/CloudStorage/GoogleDrive-ColemanKane@boisestate.edu/Shared drives/2024-2025 CRREL Snow Strength/Data/Scrubbed pit_strength_transect data/crrel_exports/Snow_Scope/2025-02-25_1138_Profile967_SN00151.csv', '/Users/colemankane_1/Library/CloudStorage/GoogleDrive-ColemanKane@boisestate.edu/Shared drives/2024-2025 CRREL Snow Strength/Data/Scrubbed pit_strength_transect data/crrel_exports/Snow_Scope/2025-02-25_1138_Profile968_SN00151.csv']",,/Users/colemankane_1/Library/CloudStorage/GoogleDrive-ColemanKane@boisestate.edu/Shared drives/2024-2025 CRREL Snow Strength/Data/Scrubbed pit_strength_transect data/crrel_exports/DHMet_20250225_sram.csv
56,56,BOG_20241213,12/13/24 0:00,"['/Users/colemankane_1/Library/CloudStorage/GoogleDrive-ColemanKane@boisestate.edu/Shared drives/2024-2025 CRREL Snow Strength/Data/Scrubbed pit_strength_transect data/crrel_exports/Snow_Scope/2024-12-13_1002_Profile19_SN00308.csv', '/Users/colemankane_1/Library/CloudStorage/GoogleDrive-ColemanKane@boisestate.edu/Shared drives/2024-2025 CRREL Snow Strength/Data/Scrubbed pit_strength_transect data/crrel_exports/Snow_Scope/2024-12-13_1004_Profile22_SN00308.csv']",,/Users/colemankane_1/Library/CloudStorage/GoogleDrive-ColemanKane@boisestate.edu/Shared drives/2024-2025 CRREL Snow Strength/Data/Scrubbed pit_strength_transect data/crrel_exports/BOG_20241213_sram.csv
57,57,FST_20241205,12/5/24 0:00,"['/Users/colemankane_1/Library/CloudStorage/GoogleDrive-ColemanKane@boisestate.edu/Shared drives/2024-2025 CRREL Snow Strength/Data/Scrubbed pit_strength_transect data/crrel_exports/Snow_Scope/2024-12-05_1536_Profile882_SN00234.csv', '/Users/colemankane_1/Library/CloudStorage/GoogleDrive-ColemanKane@boisestate.edu/Shared drives/2024-2025 CRREL Snow Strength/Data/Scrubbed pit_strength_transect data/crrel_exports/Snow_Scope/2024-12-05_1537_Profile883_SN00234.csv', '/Users/colemankane_1/Library/CloudStorage/GoogleDrive-ColemanKane@boisestate.edu/Shared drives/2024-2025 CRREL Snow Strength/Data/Scrubbed pit_strength_transect data/crrel_exports/Snow_Scope/2024-12-05_1537_Profile884_SN00234.csv', '/Users/colemankane_1/Library/CloudStorage/GoogleDrive-ColemanKane@boisestate.edu/Shared drives/2024-2025 CRREL Snow Strength/Data/Scrubbed pit_strength_transect data/crrel_exports/Snow_Scope/2024-12-05_1538_Profile885_SN00234.csv', '/Users/colemankane_1/Library/CloudStorage/GoogleDrive-ColemanKane@boisestate.edu/Shared drives/2024-2025 CRREL Snow Strength/Data/Scrubbed pit_strength_transect data/crrel_exports/Snow_Scope/2024-12-05_1538_Profile886_SN00234.csv']",,/Users/colemankane_1/Library/CloudStorage/GoogleDrive-ColemanKane@boisestate.edu/Shared drives/2024-2025 CRREL Snow Strength/Data/Scrubbed pit_strength_transect data/crrel_exports/FST_20241205_sram.csv
58,58,BDG_20241212,12/12/24 0:00,"['/Users/colemankane_1/Library/CloudStorage/GoogleDrive-ColemanKane@boisestate.edu/Shared drives/2024-2025 CRREL Snow Strength/Data/Scrubbed pit_strength_transect data/crrel_exports/Snow_Scope/2024-12-12_1327_Profile12_SN00308.csv', '/Users/colemankane_1/Library/CloudStorage/GoogleDrive-ColemanKane@boisestate.edu/Shared drives/2024-2025 CRREL Snow Strength/Data/Scrubbed pit_strength_transect data/crrel_exports/Snow_Scope/2024-12-12_1327_Profile13_SN00308.csv']","['/Users/colemankane_1/Library/CloudStorage/GoogleDrive-ColemanKane@boisestate.edu/Shared drives/2024-2025 CRREL Snow Strength/Data/Scrubbed pit_strength_transect data/crrel_exports/smp_profiles_exports/S19M0461.PNT_samples.csv', '/Users/colemankane_1/Library/CloudStorage/GoogleDrive-ColemanKane@boisestate.edu/Shared drives/2024-2025 CRREL Snow Strength/Data/Scrubbed pit_strength_transect data/crrel_exports/smp_profiles_exports/S19M0462.PNT_samples.csv', '/Users/colemankane_1/Library/CloudStorage/GoogleDrive-ColemanKane@boisestate.edu/Shared drives/2024-2025 CRREL Snow Strength/Data/Scrubbed pit_strength_transect data/crrel_exports/smp_profiles_exports/S19M0463.PNT_samples.csv', '/Users/colemankane_1/Library/CloudStorage/GoogleDrive-ColemanKane@boisestate.edu/Shared drives/2024-2025 CRREL Snow Strength/Data/Scrubbed pit_strength_transect data/crrel_exports/smp_profiles_exports/S19M0464.PNT_samples.csv', '/Users/colemankane_1/Library/CloudStorage/GoogleDrive-ColemanKane@boisestate.edu/Shared drives/2024-2025 CRREL Snow Strength/Data/Scrubbed pit_strength_transect data/crrel_exports/smp_profiles_exports/S19M0465.PNT_samples.csv', '/Users/colemankane_1/Library/CloudStorage/GoogleDrive-ColemanKane@boisestate.edu/Shared drives/2024-2025 CRREL Snow Strength/Data/Scrubbed pit_strength_transect data/crrel_exports/smp_profiles_exports/S19M0466.PNT_samples.csv', '/Users/colemankane_1/Library/CloudStorage/GoogleDrive-ColemanKane@boisestate.edu/Shared drives/2024-2025 CRREL Snow Strength/Data/Scrubbed pit_strength_transect data/crrel_exports/smp_profiles_exports/S19M0467.PNT_samples.csv', '/Users/colemankane_1/Library/CloudStorage/GoogleDrive-ColemanKane@boisestate.edu/Shared drives/2024-2025 CRREL Snow Strength/Data/Scrubbed pit_strength_transect data/crrel_exports/smp_profiles_exports/S19M0468.PNT_samples.csv', '/Users/colemankane_1/Library/CloudStorage/GoogleDrive-ColemanKane@boisestate.edu/Shared drives/2024-2025 CRREL Snow Strength/Data/Scrubbed pit_strength_transect data/crrel_exports/smp_profiles_exports/S19M0469.PNT_samples.csv', '/Users/colemankane_1/Library/CloudStorage/GoogleDrive-ColemanKane@boisestate.edu/Shared drives/2024-2025 CRREL Snow Strength/Data/Scrubbed pit_strength_transect data/crrel_exports/smp_profiles_exports/S19M0470.PNT_samples.csv']",/Users/colemankane_1/Library/CloudStorage/GoogleDrive-ColemanKane@boisestate.edu/Shared drives/2024-2025 CRREL Snow Strength/Data/Scrubbed pit_strength_transect data/crrel_exports/BDG_20241212_sram.csv
59,59,DHMet_20250204,2/4/25 0:00,"['/Users/colemankane_1/Library/CloudStorage/GoogleDrive-ColemanKane@boisestate.edu/Shared drives/2024-2025 CRREL Snow Strength/Data/Scrubbed pit_strength_transect data/crrel_exports/Snow_Scope/2025-02-04_1310_Profile116_SN00308.csv', '/Users/colemankane_1/Library/CloudStorage/GoogleDrive-ColemanKane@boisestate.edu/Shared drives/2024-2025 CRREL Snow Strength/Data/Scrubbed pit_strength_transect data/crrel_exports/Snow_Scope/2025-02-04_1311_Profile117_SN00308.csv', '/Users/colemankane_1/Library/CloudStorage/GoogleDrive-ColemanKane@boisestate.edu/Shared drives/2024-2025 CRREL Snow Strength/Data/Scrubbed pit_strength_transect data/crrel_exports/Snow_Scope/2025-02-04_1312_Profile118_SN00308.csv']",,/Users/colemankane_1/Library/CloudStorage/GoogleDrive-ColemanKane@boisestate.edu/Shared drives/2024-2025 CRREL Snow Strength/Data/Scrubbed pit_strength_transect data/crrel_exports/DHMet_20250204_sram.csv
60,60,FEFHQ_20241216,12/16/24 0:00,[],,/Users/colemankane_1/Library/CloudStorage/GoogleDrive-ColemanKane@boisestate.edu/Shared drives/2024-2025 CRREL Snow Strength/Data/Scrubbed pit_strength_transect data/crrel_exports/FEFHQ_20241216_sram.csv
61,61,AM_20250130,1/30/25 0:00,"['/Users/colemankane_1/Library/CloudStorage/GoogleDrive-ColemanKane@boisestate.edu/Shared drives/2024-2025 CRREL Snow Strength/Data/Scrubbed pit_strength_transect data/crrel_exports/Snow_Scope/2025-01-30_1309_Profile852_SN00151.csv', '/Users/colemankane_1/Library/CloudStorage/GoogleDrive-ColemanKane@boisestate.edu/Shared drives/2024-2025 CRREL Snow Strength/Data/Scrubbed pit_strength_transect data/crrel_exports/Snow_Scope/2025-01-30_1309_Profile854_SN00151.csv', '/Users/colemankane_1/Library/CloudStorage/GoogleDrive-ColemanKane@boisestate.edu/Shared drives/2024-2025 CRREL Snow Strength/Data/Scrubbed pit_strength_transect data/crrel_exports/Snow_Scope/2025-01-30_1310_Profile855_SN00151.csv', '/Users/colemankane_1/Library/CloudStorage/GoogleDrive-ColemanKane@boisestate.edu/Shared drives/2024-2025 CRREL Snow Strength/Data/Scrubbed pit_strength_transect data/crrel_exports/Snow_Scope/2025-01-30_1310_Profile856_SN00151.csv', '/Users/colemankane_1/Library/CloudStorage/GoogleDrive-ColemanKane@boisestate.edu/Shared drives/2024-2025 CRREL Snow Strength/Data/Scrubbed pit_strength_transect data/crrel_exports/Snow_Scope/2025-01-30_1311_Profile858_SN00151.csv']",,/Users/colemankane_1/Library/CloudStorage/GoogleDrive-ColemanKane@boisestate.edu/Shared drives/2024-2025 CRREL Snow Strength/Data/Scrubbed pit_strength_transect data/crrel_exports/AM_20250130_sram.csv
62,62,AM_20250306,3/6/25 0:00,"['/Users/colemankane_1/Library/CloudStorage/GoogleDrive-ColemanKane@boisestate.edu/Shared drives/2024-2025 CRREL Snow Strength/Data/Scrubbed pit_strength_transect data/crrel_exports/Snow_Scope/2025-03-06_1123_Profile166_SN00308.csv', '/Users/colemankane_1/Library/CloudStorage/GoogleDrive-ColemanKane@boisestate.edu/Shared drives/2024-2025 CRREL Snow Strength/Data/Scrubbed pit_strength_transect data/crrel_exports/Snow_Scope/2025-03-06_1124_Profile168_SN00308.csv', '/Users/colemankane_1/Library/CloudStorage/GoogleDrive-ColemanKane@boisestate.edu/Shared drives/2024-2025 CRREL Snow Strength/Data/Scrubbed pit_strength_transect data/crrel_exports/Snow_Scope/2025-03-06_1124_Profile169_SN00308.csv', '/Users/colemankane_1/Library/CloudStorage/GoogleDrive-ColemanKane@boisestate.edu/Shared drives/2024-2025 CRREL Snow Strength/Data/Scrubbed pit_strength_transect data/crrel_exports/Snow_Scope/2025-03-06_1124_Profile170_SN00308.csv', '/Users/colemankane_1/Library/CloudStorage/GoogleDrive-ColemanKane@boisestate.edu/Shared drives/2024-2025 CRREL Snow Strength/Data/Scrubbed pit_strength_transect data/crrel_exports/Snow_Scope/2025-03-06_1125_Profile171_SN00308.csv']",,/Users/colemankane_1/Library/CloudStorage/GoogleDrive-ColemanKane@boisestate.edu/Shared drives/2024-2025 CRREL Snow Strength/Data/Scrubbed pit_strength_transect data/crrel_exports/AM_20250306_sram.csv
63,63,AM_20241218,12/18/24 0:00,"['/Users/colemankane_1/Library/CloudStorage/GoogleDrive-ColemanKane@boisestate.edu/Shared drives/2024-2025 CRREL Snow Strength/Data/Scrubbed pit_strength_transect data/crrel_exports/Snow_Scope/2024-12-18_1105_Profile996_SN00234.csv', '/Users/colemankane_1/Library/CloudStorage/GoogleDrive-ColemanKane@boisestate.edu/Shared drives/2024-2025 CRREL Snow Strength/Data/Scrubbed pit_strength_transect data/crrel_exports/Snow_Scope/2024-12-18_1105_Profile997_SN00234.csv', '/Users/colemankane_1/Library/CloudStorage/GoogleDrive-ColemanKane@boisestate.edu/Shared drives/2024-2025 CRREL Snow Strength/Data/Scrubbed pit_strength_transect data/crrel_exports/Snow_Scope/2024-12-18_1105_Profile998_SN00234.csv', '/Users/colemankane_1/Library/CloudStorage/GoogleDrive-ColemanKane@boisestate.edu/Shared drives/2024-2025 CRREL Snow Strength/Data/Scrubbed pit_strength_transect data/crrel_exports/Snow_Scope/2024-12-18_1106_Profile999_SN00234.csv', '/Users/colemankane_1/Library/CloudStorage/GoogleDrive-ColemanKane@boisestate.edu/Shared drives/2024-2025 CRREL Snow Strength/Data/Scrubbed pit_strength_transect data/crrel_exports/Snow_Scope/2024-12-18_1106_Profile1000_SN00234.csv']",,/Users/colemankane_1/Library/CloudStorage/GoogleDrive-ColemanKane@boisestate.edu/Shared drives/2024-2025 CRREL Snow Strength/Data/Scrubbed pit_strength_transect data/crrel_exports/AM_20241218_sram.csv
64,64,SLMet_20241129,11/29/24 0:00,"['/Users/colemankane_1/Library/CloudStorage/GoogleDrive-ColemanKane@boisestate.edu/Shared drives/2024-2025 CRREL Snow Strength/Data/Scrubbed pit_strength_transect data/crrel_exports/Snow_Scope/2024-11-29_1412_Profile794_SN00234.csv', '/Users/colemankane_1/Library/CloudStorage/GoogleDrive-ColemanKane@boisestate.edu/Shared drives/2024-2025 CRREL Snow Strength/Data/Scrubbed pit_strength_transect data/crrel_exports/Snow_Scope/2024-11-29_1413_Profile795_SN00234.csv', '/Users/colemankane_1/Library/CloudStorage/GoogleDrive-ColemanKane@boisestate.edu/Shared drives/2024-2025 CRREL Snow Strength/Data/Scrubbed pit_strength_transect data/crrel_exports/Snow_Scope/2024-11-29_1413_Profile796_SN00234.csv', '/Users/colemankane_1/Library/CloudStorage/GoogleDrive-ColemanKane@boisestate.edu/Shared drives/2024-2025 CRREL Snow Strength/Data/Scrubbed pit_strength_transect data/crrel_exports/Snow_Scope/2024-11-29_1414_Profile797_SN00234.csv']",,/Users/colemankane_1/Library/CloudStorage/GoogleDrive-ColemanKane@boisestate.edu/Shared drives/2024-2025 CRREL Snow Strength/Data/Scrubbed pit_strength_transect data/crrel_exports/SLMet_20241129_sram.csv
65,65,FEFHQ_20250114,1/14/25 0:00,"['/Users/colemankane_1/Library/CloudStorage/GoogleDrive-ColemanKane@boisestate.edu/Shared drives/2024-2025 CRREL Snow Strength/Data/Scrubbed pit_strength_transect data/crrel_exports/Snow_Scope/2025-01-14_1500_Profile1166_SN00234.csv', '/Users/colemankane_1/Library/CloudStorage/GoogleDrive-ColemanKane@boisestate.edu/Shared drives/2024-2025 CRREL Snow Strength/Data/Scrubbed pit_strength_transect data/crrel_exports/Snow_Scope/2025-01-14_1501_Profile1167_SN00234.csv', '/Users/colemankane_1/Library/CloudStorage/GoogleDrive-ColemanKane@boisestate.edu/Shared drives/2024-2025 CRREL Snow Strength/Data/Scrubbed pit_strength_transect data/crrel_exports/Snow_Scope/2025-01-14_1501_Profile1168_SN00234.csv', '/Users/colemankane_1/Library/CloudStorage/GoogleDrive-ColemanKane@boisestate.edu/Shared drives/2024-2025 CRREL Snow Strength/Data/Scrubbed pit_strength_transect data/crrel_exports/Snow_Scope/2025-01-14_1501_Profile1169_SN00234.csv', '/Users/colemankane_1/Library/CloudStorage/GoogleDrive-ColemanKane@boisestate.edu/Shared drives/2024-2025 CRREL Snow Strength/Data/Scrubbed pit_strength_transect data/crrel_exports/Snow_Scope/2025-01-14_1501_Profile1170_SN00234.csv']",,/Users/colemankane_1/Library/CloudStorage/GoogleDrive-ColemanKane@boisestate.edu/Shared drives/2024-2025 CRREL Snow Strength/Data/Scrubbed pit_strength_transect data/crrel_exports/FEFHQ_20250114_sram.csv
66,66,TPO_20250120,1/20/25 0:00,"['/Users/colemankane_1/Library/CloudStorage/GoogleDrive-ColemanKane@boisestate.edu/Shared drives/2024-2025 CRREL Snow Strength/Data/Scrubbed pit_strength_transect data/crrel_exports/Snow_Scope/2025-01-20_1158_Profile700_SN01114.csv', '/Users/colemankane_1/Library/CloudStorage/GoogleDrive-ColemanKane@boisestate.edu/Shared drives/2024-2025 CRREL Snow Strength/Data/Scrubbed pit_strength_transect data/crrel_exports/Snow_Scope/2025-01-20_1158_Profile701_SN01114.csv', '/Users/colemankane_1/Library/CloudStorage/GoogleDrive-ColemanKane@boisestate.edu/Shared drives/2024-2025 CRREL Snow Strength/Data/Scrubbed pit_strength_transect data/crrel_exports/Snow_Scope/2025-01-20_1159_Profile702_SN01114.csv', '/Users/colemankane_1/Library/CloudStorage/GoogleDrive-ColemanKane@boisestate.edu/Shared drives/2024-2025 CRREL Snow Strength/Data/Scrubbed pit_strength_transect data/crrel_exports/Snow_Scope/2025-01-20_1159_Profile703_SN01114.csv']",,/Users/colemankane_1/Library/CloudStorage/GoogleDrive-ColemanKane@boisestate.edu/Shared drives/2024-2025 CRREL Snow Strength/Data/Scrubbed pit_strength_transect data/crrel_exports/TPO_20250120_sram.csv
67,67,BDG_20241219,12/19/24 0:00,['/Users/colemankane_1/Library/CloudStorage/GoogleDrive-ColemanKane@boisestate.edu/Shared drives/2024-2025 CRREL Snow Strength/Data/Scrubbed pit_strength_transect data/crrel_exports/Snow_Scope/2024-12-19_1436_Profile41_SN00308.csv'],"['/Users/colemankane_1/Library/CloudStorage/GoogleDrive-ColemanKane@boisestate.edu/Shared drives/2024-2025 CRREL Snow Strength/Data/Scrubbed pit_strength_transect data/crrel_exports/smp_profiles_exports/S19M0483.PNT_samples.csv', '/Users/colemankane_1/Library/CloudStorage/GoogleDrive-ColemanKane@boisestate.edu/Shared drives/2024-2025 CRREL Snow Strength/Data/Scrubbed pit_strength_transect data/crrel_exports/smp_profiles_exports/S19M0484.PNT_samples.csv', '/Users/colemankane_1/Library/CloudStorage/GoogleDrive-ColemanKane@boisestate.edu/Shared drives/2024-2025 CRREL Snow Strength/Data/Scrubbed pit_strength_transect data/crrel_exports/smp_profiles_exports/S19M0485.PNT_samples.csv', '/Users/colemankane_1/Library/CloudStorage/GoogleDrive-ColemanKane@boisestate.edu/Shared drives/2024-2025 CRREL Snow Strength/Data/Scrubbed pit_strength_transect data/crrel_exports/smp_profiles_exports/S19M0486.PNT_samples.csv', '/Users/colemankane_1/Library/CloudStorage/GoogleDrive-ColemanKane@boisestate.edu/Shared drives/2024-2025 CRREL Snow Strength/Data/Scrubbed pit_strength_transect data/crrel_exports/smp_profiles_exports/S19M0487.PNT_samples.csv', '/Users/colemankane_1/Library/CloudStorage/GoogleDrive-ColemanKane@boisestate.edu/Shared drives/2024-2025 CRREL Snow Strength/Data/Scrubbed pit_strength_transect data/crrel_exports/smp_profiles_exports/S19M0489.PNT_samples.csv', '/Users/colemankane_1/Library/CloudStorage/GoogleDrive-ColemanKane@boisestate.edu/Shared drives/2024-2025 CRREL Snow Strength/Data/Scrubbed pit_strength_transect data/crrel_exports/smp_profiles_exports/S19M0490.PNT_samples.csv', '/Users/colemankane_1/Library/CloudStorage/GoogleDrive-ColemanKane@boisestate.edu/Shared drives/2024-2025 CRREL Snow Strength/Data/Scrubbed pit_strength_transect data/crrel_exports/smp_profiles_exports/S19M0491.PNT_samples.csv', '/Users/colemankane_1/Library/CloudStorage/GoogleDrive-ColemanKane@boisestate.edu/Shared drives/2024-2025 CRREL Snow Strength/Data/Scrubbed pit_strength_transect data/crrel_exports/smp_profiles_exports/S19M0492.PNT_samples.csv', '/Users/colemankane_1/Library/CloudStorage/GoogleDrive-ColemanKane@boisestate.edu/Shared drives/2024-2025 CRREL Snow Strength/Data/Scrubbed pit_strength_transect data/crrel_exports/smp_profiles_exports/S19M0493.PNT_samples.csv']",/Users/colemankane_1/Library/CloudStorage/GoogleDrive-ColemanKane@boisestate.edu/Shared drives/2024-2025 CRREL Snow Strength/Data/Scrubbed pit_strength_transect data/crrel_exports/BDG_20241219_sram.csv
68,68,FRE_20241210,12/10/24 0:00,[],"['/Users/colemankane_1/Library/CloudStorage/GoogleDrive-ColemanKane@boisestate.edu/Shared drives/2024-2025 CRREL Snow Strength/Data/Scrubbed pit_strength_transect data/crrel_exports/smp_profiles_exports/S19M0449.PNT_samples.csv', '/Users/colemankane_1/Library/CloudStorage/GoogleDrive-ColemanKane@boisestate.edu/Shared drives/2024-2025 CRREL Snow Strength/Data/Scrubbed pit_strength_transect data/crrel_exports/smp_profiles_exports/S19M0450.PNT_samples.csv', '/Users/colemankane_1/Library/CloudStorage/GoogleDrive-ColemanKane@boisestate.edu/Shared drives/2024-2025 CRREL Snow Strength/Data/Scrubbed pit_strength_transect data/crrel_exports/smp_profiles_exports/S19M0451.PNT_samples.csv', '/Users/colemankane_1/Library/CloudStorage/GoogleDrive-ColemanKane@boisestate.edu/Shared drives/2024-2025 CRREL Snow Strength/Data/Scrubbed pit_strength_transect data/crrel_exports/smp_profiles_exports/S19M0452.PNT_samples.csv', '/Users/colemankane_1/Library/CloudStorage/GoogleDrive-ColemanKane@boisestate.edu/Shared drives/2024-2025 CRREL Snow Strength/Data/Scrubbed pit_strength_transect data/crrel_exports/smp_profiles_exports/S19M0453.PNT_samples.csv', '/Users/colemankane_1/Library/CloudStorage/GoogleDrive-ColemanKane@boisestate.edu/Shared drives/2024-2025 CRREL Snow Strength/Data/Scrubbed pit_strength_transect data/crrel_exports/smp_profiles_exports/S19M0454.PNT_samples.csv', '/Users/colemankane_1/Library/CloudStorage/GoogleDrive-ColemanKane@boisestate.edu/Shared drives/2024-2025 CRREL Snow Strength/Data/Scrubbed pit_strength_transect data/crrel_exports/smp_profiles_exports/S19M0455.PNT_samples.csv', '/Users/colemankane_1/Library/CloudStorage/GoogleDrive-ColemanKane@boisestate.edu/Shared drives/2024-2025 CRREL Snow Strength/Data/Scrubbed pit_strength_transect data/crrel_exports/smp_profiles_exports/S19M0456.PNT_samples.csv', '/Users/colemankane_1/Library/CloudStorage/GoogleDrive-ColemanKane@boisestate.edu/Shared drives/2024-2025 CRREL Snow Strength/Data/Scrubbed pit_strength_transect data/crrel_exports/smp_profiles_exports/S19M0457.PNT_samples.csv']",/Users/colemankane_1/Library/CloudStorage/GoogleDrive-ColemanKane@boisestate.edu/Shared drives/2024-2025 CRREL Snow Strength/Data/Scrubbed pit_strength_transect data/crrel_exports/FRE_20241210_sram.csv
69,69,DHMet_20250312,3/12/25 0:00,[],,/Users/colemankane_1/Library/CloudStorage/GoogleDrive-ColemanKane@boisestate.edu/Shared drives/2024-2025 CRREL Snow Strength/Data/Scrubbed pit_strength_transect data/crrel_exports/DHMet_20250312_sram.csv
70,70,JPLMet_20250120,1/20/25 0:00,['/Users/colemankane_1/Library/CloudStorage/GoogleDrive-ColemanKane@boisestate.edu/Shared drives/2024-2025 CRREL Snow Strength/Data/Scrubbed pit_strength_transect data/crrel_exports/Snow_Scope/2025-01-20_1041_Profile1197_SN00234.csv'],,/Users/colemankane_1/Library/CloudStorage/GoogleDrive-ColemanKane@boisestate.edu/Shared drives/2024-2025 CRREL Snow Strength/Data/Scrubbed pit_strength_transect data/crrel_exports/JPLMet_20250120_sram.csv
71,71,FEFHQ_20241204,12/4/24 0:00,[],,/Users/colemankane_1/Library/CloudStorage/GoogleDrive-ColemanKane@boisestate.edu/Shared drives/2024-2025 CRREL Snow Strength/Data/Scrubbed pit_strength_transect data/crrel_exports/FEFHQ_20241204_sram.csv
72,72,JPLMet_20250212,2/12/25 0:00,[],,/Users/colemankane_1/Library/CloudStorage/GoogleDrive-ColemanKane@boisestate.edu/Shared drives/2024-2025 CRREL Snow Strength/Data/Scrubbed pit_strength_transect data/crrel_exports/JPLMet_20250212_sram.csv
73,73,PLT_20241206,12/6/24 0:00,[],[],
74,74,LFMet_20250430,4/30/25 0:00,"['/Users/colemankane_1/Library/CloudStorage/GoogleDrive-ColemanKane@boisestate.edu/Shared drives/2024-2025 CRREL Snow Strength/Data/Scrubbed pit_strength_transect data/crrel_exports/Snow_Scope/2025-04-30_0941_Profile433_SN00308.csv', '/Users/colemankane_1/Library/CloudStorage/GoogleDrive-ColemanKane@boisestate.edu/Shared drives/2024-2025 CRREL Snow Strength/Data/Scrubbed pit_strength_transect data/crrel_exports/Snow_Scope/2025-04-30_0942_Profile435_SN00308.csv', '/Users/colemankane_1/Library/CloudStorage/GoogleDrive-ColemanKane@boisestate.edu/Shared drives/2024-2025 CRREL Snow Strength/Data/Scrubbed pit_strength_transect data/crrel_exports/Snow_Scope/2025-04-30_0944_Profile436_SN00308.csv', '/Users/colemankane_1/Library/CloudStorage/GoogleDrive-ColemanKane@boisestate.edu/Shared drives/2024-2025 CRREL Snow Strength/Data/Scrubbed pit_strength_transect data/crrel_exports/Snow_Scope/2025-04-30_0944_Profile437_SN00308.csv', '/Users/colemankane_1/Library/CloudStorage/GoogleDrive-ColemanKane@boisestate.edu/Shared drives/2024-2025 CRREL Snow Strength/Data/Scrubbed pit_strength_transect data/crrel_exports/Snow_Scope/2025-04-30_0945_Profile438_SN00308.csv']",,/Users/colemankane_1/Library/CloudStorage/GoogleDrive-ColemanKane@boisestate.edu/Shared drives/2024-2025 CRREL Snow Strength/Data/Scrubbed pit_strength_transect data/crrel_exports/LFMet_20250430_sram.csv
75,75,SLMet_20250305,3/5/25 0:00,[],,/Users/colemankane_1/Library/CloudStorage/GoogleDrive-ColemanKane@boisestate.edu/Shared drives/2024-2025 CRREL Snow Strength/Data/Scrubbed pit_strength_transect data/crrel_exports/SLMet_20250305_sram.csv
76,76,SLMet_20250204,2/4/25 0:00,['/Users/colemankane_1/Library/CloudStorage/GoogleDrive-ColemanKane@boisestate.edu/Shared drives/2024-2025 CRREL Snow Strength/Data/Scrubbed pit_strength_transect data/crrel_exports/Snow_Scope/2025-02-04_1029_Profile113_SN00308.csv'],,/Users/colemankane_1/Library/CloudStorage/GoogleDrive-ColemanKane@boisestate.edu/Shared drives/2024-2025 CRREL Snow Strength/Data/Scrubbed pit_strength_transect data/crrel_exports/SLMet_20250204_sram.csv
77,77,DHMet_20250114,1/14/25 0:00,"['/Users/colemankane_1/Library/CloudStorage/GoogleDrive-ColemanKane@boisestate.edu/Shared drives/2024-2025 CRREL Snow Strength/Data/Scrubbed pit_strength_transect data/crrel_exports/Snow_Scope/2025-01-14_1305_Profile1155_SN00234.csv', '/Users/colemankane_1/Library/CloudStorage/GoogleDrive-ColemanKane@boisestate.edu/Shared drives/2024-2025 CRREL Snow Strength/Data/Scrubbed pit_strength_transect data/crrel_exports/Snow_Scope/2025-01-14_1305_Profile1157_SN00234.csv', '/Users/colemankane_1/Library/CloudStorage/GoogleDrive-ColemanKane@boisestate.edu/Shared drives/2024-2025 CRREL Snow Strength/Data/Scrubbed pit_strength_transect data/crrel_exports/Snow_Scope/2025-01-14_1306_Profile1158_SN00234.csv', '/Users/colemankane_1/Library/CloudStorage/GoogleDrive-ColemanKane@boisestate.edu/Shared drives/2024-2025 CRREL Snow Strength/Data/Scrubbed pit_strength_transect data/crrel_exports/Snow_Scope/2025-01-14_1306_Profile1159_SN00234.csv', '/Users/colemankane_1/Library/CloudStorage/GoogleDrive-ColemanKane@boisestate.edu/Shared drives/2024-2025 CRREL Snow Strength/Data/Scrubbed pit_strength_transect data/crrel_exports/Snow_Scope/2025-01-14_1306_Profile1160_SN00234.csv']",,/Users/colemankane_1/Library/CloudStorage/GoogleDrive-ColemanKane@boisestate.edu/Shared drives/2024-2025 CRREL Snow Strength/Data/Scrubbed pit_strength_transect data/crrel_exports/DHMet_20250114_sram.csv
78,78,BDG_20250115,1/15/25 0:00,"['/Users/colemankane_1/Library/CloudStorage/GoogleDrive-ColemanKane@boisestate.edu/Shared drives/2024-2025 CRREL Snow Strength/Data/Scrubbed pit_strength_transect data/crrel_exports/Snow_Scope/2025-01-15_1039_Profile36_SN00340.csv', '/Users/colemankane_1/Library/CloudStorage/GoogleDrive-ColemanKane@boisestate.edu/Shared drives/2024-2025 CRREL Snow Strength/Data/Scrubbed pit_strength_transect data/crrel_exports/Snow_Scope/2025-01-15_1040_Profile38_SN00340.csv']","['/Users/colemankane_1/Library/CloudStorage/GoogleDrive-ColemanKane@boisestate.edu/Shared drives/2024-2025 CRREL Snow Strength/Data/Scrubbed pit_strength_transect data/crrel_exports/smp_profiles_exports/S19M0552.PNT_samples.csv', '/Users/colemankane_1/Library/CloudStorage/GoogleDrive-ColemanKane@boisestate.edu/Shared drives/2024-2025 CRREL Snow Strength/Data/Scrubbed pit_strength_transect data/crrel_exports/smp_profiles_exports/S19M0553.PNT_samples.csv', '/Users/colemankane_1/Library/CloudStorage/GoogleDrive-ColemanKane@boisestate.edu/Shared drives/2024-2025 CRREL Snow Strength/Data/Scrubbed pit_strength_transect data/crrel_exports/smp_profiles_exports/S19M0554.PNT_samples.csv', '/Users/colemankane_1/Library/CloudStorage/GoogleDrive-ColemanKane@boisestate.edu/Shared drives/2024-2025 CRREL Snow Strength/Data/Scrubbed pit_strength_transect data/crrel_exports/smp_profiles_exports/S19M0555.PNT_samples.csv', '/Users/colemankane_1/Library/CloudStorage/GoogleDrive-ColemanKane@boisestate.edu/Shared drives/2024-2025 CRREL Snow Strength/Data/Scrubbed pit_strength_transect data/crrel_exports/smp_profiles_exports/S19M0556.PNT_samples.csv', '/Users/colemankane_1/Library/CloudStorage/GoogleDrive-ColemanKane@boisestate.edu/Shared drives/2024-2025 CRREL Snow Strength/Data/Scrubbed pit_strength_transect data/crrel_exports/smp_profiles_exports/S19M0557.PNT_samples.csv', '/Users/colemankane_1/Library/CloudStorage/GoogleDrive-ColemanKane@boisestate.edu/Shared drives/2024-2025 CRREL Snow Strength/Data/Scrubbed pit_strength_transect data/crrel_exports/smp_profiles_exports/S19M0558.PNT_samples.csv', '/Users/colemankane_1/Library/CloudStorage/GoogleDrive-ColemanKane@boisestate.edu/Shared drives/2024-2025 CRREL Snow Strength/Data/Scrubbed pit_strength_transect data/crrel_exports/smp_profiles_exports/S19M0559.PNT_samples.csv', '/Users/colemankane_1/Library/CloudStorage/GoogleDrive-ColemanKane@boisestate.edu/Shared drives/2024-2025 CRREL Snow Strength/Data/Scrubbed pit_strength_transect data/crrel_exports/smp_profiles_exports/S19M0560.PNT_samples.csv', '/Users/colemankane_1/Library/CloudStorage/GoogleDrive-ColemanKane@boisestate.edu/Shared drives/2024-2025 CRREL Snow Strength/Data/Scrubbed pit_strength_transect data/crrel_exports/smp_profiles_exports/S19M0561.PNT_samples.csv']",/Users/colemankane_1/Library/CloudStorage/GoogleDrive-ColemanKane@boisestate.edu/Shared drives/2024-2025 CRREL Snow Strength/Data/Scrubbed pit_strength_transect data/crrel_exports/BDG_20250115_sram.csv
79,79,FEFHQ_20250306,3/6/25 0:00,"['/Users/colemankane_1/Library/CloudStorage/GoogleDrive-ColemanKane@boisestate.edu/Shared drives/2024-2025 CRREL Snow Strength/Data/Scrubbed pit_strength_transect data/crrel_exports/Snow_Scope/2025-03-06_1640_Profile177_SN00308.csv', '/Users/colemankane_1/Library/CloudStorage/GoogleDrive-ColemanKane@boisestate.edu/Shared drives/2024-2025 CRREL Snow Strength/Data/Scrubbed pit_strength_transect data/crrel_exports/Snow_Scope/2025-03-06_1640_Profile178_SN00308.csv']",,/Users/colemankane_1/Library/CloudStorage/GoogleDrive-ColemanKane@boisestate.edu/Shared drives/2024-2025 CRREL Snow Strength/Data/Scrubbed pit_strength_transect data/crrel_exports/FEFHQ_20250306_sram.csv
80,80,JPLMet_20250408_TS_0930,4/8/25 0:00,"['/Users/colemankane_1/Library/CloudStorage/GoogleDrive-ColemanKane@boisestate.edu/Shared drives/2024-2025 CRREL Snow Strength/Data/Scrubbed pit_strength_transect data/crrel_exports/Snow_Scope/2025-04-08_0943_Profile12_SN00373.csv', '/Users/colemankane_1/Library/CloudStorage/GoogleDrive-ColemanKane@boisestate.edu/Shared drives/2024-2025 CRREL Snow Strength/Data/Scrubbed pit_strength_transect data/crrel_exports/Snow_Scope/2025-04-08_0945_Profile16_SN00373.csv', '/Users/colemankane_1/Library/CloudStorage/GoogleDrive-ColemanKane@boisestate.edu/Shared drives/2024-2025 CRREL Snow Strength/Data/Scrubbed pit_strength_transect data/crrel_exports/Snow_Scope/2025-04-08_0946_Profile18_SN00373.csv', '/Users/colemankane_1/Library/CloudStorage/GoogleDrive-ColemanKane@boisestate.edu/Shared drives/2024-2025 CRREL Snow Strength/Data/Scrubbed pit_strength_transect data/crrel_exports/Snow_Scope/2025-04-08_0947_Profile20_SN00373.csv']","['/Users/colemankane_1/Library/CloudStorage/GoogleDrive-ColemanKane@boisestate.edu/Shared drives/2024-2025 CRREL Snow Strength/Data/Scrubbed pit_strength_transect data/crrel_exports/smp_profiles_exports/S19M0821.PNT_samples.csv', '/Users/colemankane_1/Library/CloudStorage/GoogleDrive-ColemanKane@boisestate.edu/Shared drives/2024-2025 CRREL Snow Strength/Data/Scrubbed pit_strength_transect data/crrel_exports/smp_profiles_exports/S19M0822.PNT_samples.csv', '/Users/colemankane_1/Library/CloudStorage/GoogleDrive-ColemanKane@boisestate.edu/Shared drives/2024-2025 CRREL Snow Strength/Data/Scrubbed pit_strength_transect data/crrel_exports/smp_profiles_exports/S19M0824.PNT_samples.csv', '/Users/colemankane_1/Library/CloudStorage/GoogleDrive-ColemanKane@boisestate.edu/Shared drives/2024-2025 CRREL Snow Strength/Data/Scrubbed pit_strength_transect data/crrel_exports/smp_profiles_exports/S19M0825.PNT_samples.csv']",/Users/colemankane_1/Library/CloudStorage/GoogleDrive-ColemanKane@boisestate.edu/Shared drives/2024-2025 CRREL Snow Strength/Data/Scrubbed pit_strength_transect data/crrel_exports/JPLMet_20250408_TS_0930_sram.csv
81,81,SLMet_20241226,12/26/24 0:00,"['/Users/colemankane_1/Library/CloudStorage/GoogleDrive-ColemanKane@boisestate.edu/Shared drives/2024-2025 CRREL Snow Strength/Data/Scrubbed pit_strength_transect data/crrel_exports/Snow_Scope/2024-12-26_1002_Profile1016_SN00234.csv', '/Users/colemankane_1/Library/CloudStorage/GoogleDrive-ColemanKane@boisestate.edu/Shared drives/2024-2025 CRREL Snow Strength/Data/Scrubbed pit_strength_transect data/crrel_exports/Snow_Scope/2024-12-26_1006_Profile1020_SN00234.csv', '/Users/colemankane_1/Library/CloudStorage/GoogleDrive-ColemanKane@boisestate.edu/Shared drives/2024-2025 CRREL Snow Strength/Data/Scrubbed pit_strength_transect data/crrel_exports/Snow_Scope/2024-12-26_1010_Profile1030_SN00234.csv']",,/Users/colemankane_1/Library/CloudStorage/GoogleDrive-ColemanKane@boisestate.edu/Shared drives/2024-2025 CRREL Snow Strength/Data/Scrubbed pit_strength_transect data/crrel_exports/SLMet_20241226_sram.csv
82,82,JPLMet_20250313,3/13/25 0:00,[],,/Users/colemankane_1/Library/CloudStorage/GoogleDrive-ColemanKane@boisestate.edu/Shared drives/2024-2025 CRREL Snow Strength/Data/Scrubbed pit_strength_transect data/crrel_exports/JPLMet_20250313_sram.csv
83,83,SLMet_20250225,2/25/25 0:00,['/Users/colemankane_1/Library/CloudStorage/GoogleDrive-ColemanKane@boisestate.edu/Shared drives/2024-2025 CRREL Snow Strength/Data/Scrubbed pit_strength_transect data/crrel_exports/Snow_Scope/2025-02-25_1412_Profile979_SN00151.csv'],,/Users/colemankane_1/Library/CloudStorage/GoogleDrive-ColemanKane@boisestate.edu/Shared drives/2024-2025 CRREL Snow Strength/Data/Scrubbed pit_strength_transect data/crrel_exports/SLMet_20250225_sram.csv
84,84,JPLMet_20250408_TS_1022,4/8/25 0:00,"['/Users/colemankane_1/Library/CloudStorage/GoogleDrive-ColemanKane@boisestate.edu/Shared drives/2024-2025 CRREL Snow Strength/Data/Scrubbed pit_strength_transect data/crrel_exports/Snow_Scope/2025-04-08_1043_Profile31_SN00373.csv', '/Users/colemankane_1/Library/CloudStorage/GoogleDrive-ColemanKane@boisestate.edu/Shared drives/2024-2025 CRREL Snow Strength/Data/Scrubbed pit_strength_transect data/crrel_exports/Snow_Scope/2025-04-08_1045_Profile35_SN00373.csv', '/Users/colemankane_1/Library/CloudStorage/GoogleDrive-ColemanKane@boisestate.edu/Shared drives/2024-2025 CRREL Snow Strength/Data/Scrubbed pit_strength_transect data/crrel_exports/Snow_Scope/2025-04-08_1045_Profile36_SN00373.csv']","['/Users/colemankane_1/Library/CloudStorage/GoogleDrive-ColemanKane@boisestate.edu/Shared drives/2024-2025 CRREL Snow Strength/Data/Scrubbed pit_strength_transect data/crrel_exports/smp_profiles_exports/S19M0826.PNT_samples.csv', '/Users/colemankane_1/Library/CloudStorage/GoogleDrive-ColemanKane@boisestate.edu/Shared drives/2024-2025 CRREL Snow Strength/Data/Scrubbed pit_strength_transect data/crrel_exports/smp_profiles_exports/S19M0827.PNT_samples.csv', '/Users/colemankane_1/Library/CloudStorage/GoogleDrive-ColemanKane@boisestate.edu/Shared drives/2024-2025 CRREL Snow Strength/Data/Scrubbed pit_strength_transect data/crrel_exports/smp_profiles_exports/S19M0828.PNT_samples.csv', '/Users/colemankane_1/Library/CloudStorage/GoogleDrive-ColemanKane@boisestate.edu/Shared drives/2024-2025 CRREL Snow Strength/Data/Scrubbed pit_strength_transect data/crrel_exports/smp_profiles_exports/S19M0829.PNT_samples.csv', '/Users/colemankane_1/Library/CloudStorage/GoogleDrive-ColemanKane@boisestate.edu/Shared drives/2024-2025 CRREL Snow Strength/Data/Scrubbed pit_strength_transect data/crrel_exports/smp_profiles_exports/S19M0830.PNT_samples.csv']",/Users/colemankane_1/Library/CloudStorage/GoogleDrive-ColemanKane@boisestate.edu/Shared drives/2024-2025 CRREL Snow Strength/Data/Scrubbed pit_strength_transect data/crrel_exports/JPLMet_20250408_TS_1022_sram.csv
85,85,FST_20250205,2/5/25 0:00,['/Users/colemankane_1/Library/CloudStorage/GoogleDrive-ColemanKane@boisestate.edu/Shared drives/2024-2025 CRREL Snow Strength/Data/Scrubbed pit_strength_transect data/crrel_exports/Snow_Scope/2025-02-05_1048_Profile1289_SN00234.csv'],,/Users/colemankane_1/Library/CloudStorage/GoogleDrive-ColemanKane@boisestate.edu/Shared drives/2024-2025 CRREL Snow Strength/Data/Scrubbed pit_strength_transect data/crrel_exports/FST_20250205_sram.csv
86,86,JPLMet_20250408_TS_1420,4/8/25 0:00,['/Users/colemankane_1/Library/CloudStorage/GoogleDrive-ColemanKane@boisestate.edu/Shared drives/2024-2025 CRREL Snow Strength/Data/Scrubbed pit_strength_transect data/crrel_exports/Snow_Scope/2025-04-08_1436_Profile316_SN00377.csv'],"['/Users/colemankane_1/Library/CloudStorage/GoogleDrive-ColemanKane@boisestate.edu/Shared drives/2024-2025 CRREL Snow Strength/Data/Scrubbed pit_strength_transect data/crrel_exports/smp_profiles_exports/S19M0847.PNT_samples.csv', '/Users/colemankane_1/Library/CloudStorage/GoogleDrive-ColemanKane@boisestate.edu/Shared drives/2024-2025 CRREL Snow Strength/Data/Scrubbed pit_strength_transect data/crrel_exports/smp_profiles_exports/S19M0848.PNT_samples.csv', '/Users/colemankane_1/Library/CloudStorage/GoogleDrive-ColemanKane@boisestate.edu/Shared drives/2024-2025 CRREL Snow Strength/Data/Scrubbed pit_strength_transect data/crrel_exports/smp_profiles_exports/S19M0849.PNT_samples.csv', '/Users/colemankane_1/Library/CloudStorage/GoogleDrive-ColemanKane@boisestate.edu/Shared drives/2024-2025 CRREL Snow Strength/Data/Scrubbed pit_strength_transect data/crrel_exports/smp_profiles_exports/S19M0850.PNT_samples.csv', '/Users/colemankane_1/Library/CloudStorage/GoogleDrive-ColemanKane@boisestate.edu/Shared drives/2024-2025 CRREL Snow Strength/Data/Scrubbed pit_strength_transect data/crrel_exports/smp_profiles_exports/S19M0851.PNT_samples.csv']",/Users/colemankane_1/Library/CloudStorage/GoogleDrive-ColemanKane@boisestate.edu/Shared drives/2024-2025 CRREL Snow Strength/Data/Scrubbed pit_strength_transect data/crrel_exports/JPLMet_20250408_TS_1420_sram.csv
87,87,JPLMet_20250109,1/9/25 0:00,"['/Users/colemankane_1/Library/CloudStorage/GoogleDrive-ColemanKane@boisestate.edu/Shared drives/2024-2025 CRREL Snow Strength/Data/Scrubbed pit_strength_transect data/crrel_exports/Snow_Scope/2025-01-09_1047_Profile1130_SN00234.csv', '/Users/colemankane_1/Library/CloudStorage/GoogleDrive-ColemanKane@boisestate.edu/Shared drives/2024-2025 CRREL Snow Strength/Data/Scrubbed pit_strength_transect data/crrel_exports/Snow_Scope/2025-01-09_1047_Profile1131_SN00234.csv', '/Users/colemankane_1/Library/CloudStorage/GoogleDrive-ColemanKane@boisestate.edu/Shared drives/2024-2025 CRREL Snow Strength/Data/Scrubbed pit_strength_transect data/crrel_exports/Snow_Scope/2025-01-09_1047_Profile1132_SN00234.csv', '/Users/colemankane_1/Library/CloudStorage/GoogleDrive-ColemanKane@boisestate.edu/Shared drives/2024-2025 CRREL Snow Strength/Data/Scrubbed pit_strength_transect data/crrel_exports/Snow_Scope/2025-01-09_1048_Profile1134_SN00234.csv', '/Users/colemankane_1/Library/CloudStorage/GoogleDrive-ColemanKane@boisestate.edu/Shared drives/2024-2025 CRREL Snow Strength/Data/Scrubbed pit_strength_transect data/crrel_exports/Snow_Scope/2025-01-09_1048_Profile1135_SN00234.csv']",,/Users/colemankane_1/Library/CloudStorage/GoogleDrive-ColemanKane@boisestate.edu/Shared drives/2024-2025 CRREL Snow Strength/Data/Scrubbed pit_strength_transect data/crrel_exports/JPLMet_20250109_sram.csv
88,88,FEFHQ_20250129,1/29/25 0:00,"['/Users/colemankane_1/Library/CloudStorage/GoogleDrive-ColemanKane@boisestate.edu/Shared drives/2024-2025 CRREL Snow Strength/Data/Scrubbed pit_strength_transect data/crrel_exports/Snow_Scope/2025-01-29_1333_Profile1255_SN00234.csv', '/Users/colemankane_1/Library/CloudStorage/GoogleDrive-ColemanKane@boisestate.edu/Shared drives/2024-2025 CRREL Snow Strength/Data/Scrubbed pit_strength_transect data/crrel_exports/Snow_Scope/2025-01-29_1334_Profile1256_SN00234.csv', '/Users/colemankane_1/Library/CloudStorage/GoogleDrive-ColemanKane@boisestate.edu/Shared drives/2024-2025 CRREL Snow Strength/Data/Scrubbed pit_strength_transect data/crrel_exports/Snow_Scope/2025-01-29_1334_Profile1257_SN00234.csv', '/Users/colemankane_1/Library/CloudStorage/GoogleDrive-ColemanKane@boisestate.edu/Shared drives/2024-2025 CRREL Snow Strength/Data/Scrubbed pit_strength_transect data/crrel_exports/Snow_Scope/2025-01-29_1335_Profile1258_SN00234.csv', '/Users/colemankane_1/Library/CloudStorage/GoogleDrive-ColemanKane@boisestate.edu/Shared drives/2024-2025 CRREL Snow Strength/Data/Scrubbed pit_strength_transect data/crrel_exports/Snow_Scope/2025-01-29_1336_Profile1259_SN00234.csv']",,/Users/colemankane_1/Library/CloudStorage/GoogleDrive-ColemanKane@boisestate.edu/Shared drives/2024-2025 CRREL Snow Strength/Data/Scrubbed pit_strength_transect data/crrel_exports/FEFHQ_20250129_sram.csv
89,89,FCO_20241128,11/28/24 0:00,"['/Users/colemankane_1/Library/CloudStorage/GoogleDrive-ColemanKane@boisestate.edu/Shared drives/2024-2025 CRREL Snow Strength/Data/Scrubbed pit_strength_transect data/crrel_exports/Snow_Scope/2024-11-28_1237_Profile967_SN00127.csv', '/Users/colemankane_1/Library/CloudStorage/GoogleDrive-ColemanKane@boisestate.edu/Shared drives/2024-2025 CRREL Snow Strength/Data/Scrubbed pit_strength_transect data/crrel_exports/Snow_Scope/2024-11-28_1239_Profile737_SN00151.csv', '/Users/colemankane_1/Library/CloudStorage/GoogleDrive-ColemanKane@boisestate.edu/Shared drives/2024-2025 CRREL Snow Strength/Data/Scrubbed pit_strength_transect data/crrel_exports/Snow_Scope/2024-11-28_1240_Profile738_SN00151.csv', '/Users/colemankane_1/Library/CloudStorage/GoogleDrive-ColemanKane@boisestate.edu/Shared drives/2024-2025 CRREL Snow Strength/Data/Scrubbed pit_strength_transect data/crrel_exports/Snow_Scope/2024-11-28_1244_Profile742_SN00151.csv']",,
90,90,JPLMet_20250128,1/28/25 0:00,"['/Users/colemankane_1/Library/CloudStorage/GoogleDrive-ColemanKane@boisestate.edu/Shared drives/2024-2025 CRREL Snow Strength/Data/Scrubbed pit_strength_transect data/crrel_exports/Snow_Scope/2025-01-28_1426_Profile837_SN00151.csv', '/Users/colemankane_1/Library/CloudStorage/GoogleDrive-ColemanKane@boisestate.edu/Shared drives/2024-2025 CRREL Snow Strength/Data/Scrubbed pit_strength_transect data/crrel_exports/Snow_Scope/2025-01-28_1426_Profile838_SN00151.csv', '/Users/colemankane_1/Library/CloudStorage/GoogleDrive-ColemanKane@boisestate.edu/Shared drives/2024-2025 CRREL Snow Strength/Data/Scrubbed pit_strength_transect data/crrel_exports/Snow_Scope/2025-01-28_1427_Profile839_SN00151.csv', '/Users/colemankane_1/Library/CloudStorage/GoogleDrive-ColemanKane@boisestate.edu/Shared drives/2024-2025 CRREL Snow Strength/Data/Scrubbed pit_strength_transect data/crrel_exports/Snow_Scope/2025-01-28_1427_Profile840_SN00151.csv', '/Users/colemankane_1/Library/CloudStorage/GoogleDrive-ColemanKane@boisestate.edu/Shared drives/2024-2025 CRREL Snow Strength/Data/Scrubbed pit_strength_transect data/crrel_exports/Snow_Scope/2025-01-28_1427_Profile841_SN00151.csv']",,/Users/colemankane_1/Library/CloudStorage/GoogleDrive-ColemanKane@boisestate.edu/Shared drives/2024-2025 CRREL Snow Strength/Data/Scrubbed pit_strength_transect data/crrel_exports/JPLMet_20250128_sram.csv
91,91,DHMet_20241210,12/10/24 0:00,"['/Users/colemankane_1/Library/CloudStorage/GoogleDrive-ColemanKane@boisestate.edu/Shared drives/2024-2025 CRREL Snow Strength/Data/Scrubbed pit_strength_transect data/crrel_exports/Snow_Scope/2024-12-10_1420_Profile914_SN00234.csv', '/Users/colemankane_1/Library/CloudStorage/GoogleDrive-ColemanKane@boisestate.edu/Shared drives/2024-2025 CRREL Snow Strength/Data/Scrubbed pit_strength_transect data/crrel_exports/Snow_Scope/2024-12-10_1421_Profile916_SN00234.csv', '/Users/colemankane_1/Library/CloudStorage/GoogleDrive-ColemanKane@boisestate.edu/Shared drives/2024-2025 CRREL Snow Strength/Data/Scrubbed pit_strength_transect data/crrel_exports/Snow_Scope/2024-12-10_1422_Profile917_SN00234.csv', '/Users/colemankane_1/Library/CloudStorage/GoogleDrive-ColemanKane@boisestate.edu/Shared drives/2024-2025 CRREL Snow Strength/Data/Scrubbed pit_strength_transect data/crrel_exports/Snow_Scope/2024-12-10_1422_Profile918_SN00234.csv']",,/Users/colemankane_1/Library/CloudStorage/GoogleDrive-ColemanKane@boisestate.edu/Shared drives/2024-2025 CRREL Snow Strength/Data/Scrubbed pit_strength_transect data/crrel_exports/DHMet_20241210_sram.csv
92,92,FRE_20250312,3/12/25 0:00,[],"['/Users/colemankane_1/Library/CloudStorage/GoogleDrive-ColemanKane@boisestate.edu/Shared drives/2024-2025 CRREL Snow Strength/Data/Scrubbed pit_strength_transect data/crrel_exports/smp_profiles_exports/S06M0536.PNT_samples.csv', '/Users/colemankane_1/Library/CloudStorage/GoogleDrive-ColemanKane@boisestate.edu/Shared drives/2024-2025 CRREL Snow Strength/Data/Scrubbed pit_strength_transect data/crrel_exports/smp_profiles_exports/S06M0537.PNT_samples.csv', '/Users/colemankane_1/Library/CloudStorage/GoogleDrive-ColemanKane@boisestate.edu/Shared drives/2024-2025 CRREL Snow Strength/Data/Scrubbed pit_strength_transect data/crrel_exports/smp_profiles_exports/S06M0538.PNT_samples.csv', '/Users/colemankane_1/Library/CloudStorage/GoogleDrive-ColemanKane@boisestate.edu/Shared drives/2024-2025 CRREL Snow Strength/Data/Scrubbed pit_strength_transect data/crrel_exports/smp_profiles_exports/S06M0539.PNT_samples.csv']",/Users/colemankane_1/Library/CloudStorage/GoogleDrive-ColemanKane@boisestate.edu/Shared drives/2024-2025 CRREL Snow Strength/Data/Scrubbed pit_strength_transect data/crrel_exports/FRE_20250312_sram.csv
93,93,SLMet_20250314,3/14/25 0:00,"['/Users/colemankane_1/Library/CloudStorage/GoogleDrive-ColemanKane@boisestate.edu/Shared drives/2024-2025 CRREL Snow Strength/Data/Scrubbed pit_strength_transect data/crrel_exports/Snow_Scope/2025-03-14_1108_Profile216_SN00308.csv', '/Users/colemankane_1/Library/CloudStorage/GoogleDrive-ColemanKane@boisestate.edu/Shared drives/2024-2025 CRREL Snow Strength/Data/Scrubbed pit_strength_transect data/crrel_exports/Snow_Scope/2025-03-14_1109_Profile217_SN00308.csv', '/Users/colemankane_1/Library/CloudStorage/GoogleDrive-ColemanKane@boisestate.edu/Shared drives/2024-2025 CRREL Snow Strength/Data/Scrubbed pit_strength_transect data/crrel_exports/Snow_Scope/2025-03-14_1109_Profile218_SN00308.csv', '/Users/colemankane_1/Library/CloudStorage/GoogleDrive-ColemanKane@boisestate.edu/Shared drives/2024-2025 CRREL Snow Strength/Data/Scrubbed pit_strength_transect data/crrel_exports/Snow_Scope/2025-03-14_1109_Profile219_SN00308.csv', '/Users/colemankane_1/Library/CloudStorage/GoogleDrive-ColemanKane@boisestate.edu/Shared drives/2024-2025 CRREL Snow Strength/Data/Scrubbed pit_strength_transect data/crrel_exports/Snow_Scope/2025-03-14_1110_Profile220_SN00308.csv']",,/Users/colemankane_1/Library/CloudStorage/GoogleDrive-ColemanKane@boisestate.edu/Shared drives/2024-2025 CRREL Snow Strength/Data/Scrubbed pit_strength_transect data/crrel_exports/SLMet_20250314_sram.csv
94,94,JPLMet_20250407_TS_1045,4/7/25 0:00,"['/Users/colemankane_1/Library/CloudStorage/GoogleDrive-ColemanKane@boisestate.edu/Shared drives/2024-2025 CRREL Snow Strength/Data/Scrubbed pit_strength_transect data/crrel_exports/Snow_Scope/2025-04-07_1034_Profile217_SN00377.csv', '/Users/colemankane_1/Library/CloudStorage/GoogleDrive-ColemanKane@boisestate.edu/Shared drives/2024-2025 CRREL Snow Strength/Data/Scrubbed pit_strength_transect data/crrel_exports/Snow_Scope/2025-04-07_1035_Profile219_SN00377.csv', '/Users/colemankane_1/Library/CloudStorage/GoogleDrive-ColemanKane@boisestate.edu/Shared drives/2024-2025 CRREL Snow Strength/Data/Scrubbed pit_strength_transect data/crrel_exports/Snow_Scope/2025-04-07_1037_Profile224_SN00377.csv', '/Users/colemankane_1/Library/CloudStorage/GoogleDrive-ColemanKane@boisestate.edu/Shared drives/2024-2025 CRREL Snow Strength/Data/Scrubbed pit_strength_transect data/crrel_exports/Snow_Scope/2025-04-07_1038_Profile226_SN00377.csv']","['/Users/colemankane_1/Library/CloudStorage/GoogleDrive-ColemanKane@boisestate.edu/Shared drives/2024-2025 CRREL Snow Strength/Data/Scrubbed pit_strength_transect data/crrel_exports/smp_profiles_exports/S19M0731.PNT_samples.csv', '/Users/colemankane_1/Library/CloudStorage/GoogleDrive-ColemanKane@boisestate.edu/Shared drives/2024-2025 CRREL Snow Strength/Data/Scrubbed pit_strength_transect data/crrel_exports/smp_profiles_exports/S19M0732.PNT_samples.csv', '/Users/colemankane_1/Library/CloudStorage/GoogleDrive-ColemanKane@boisestate.edu/Shared drives/2024-2025 CRREL Snow Strength/Data/Scrubbed pit_strength_transect data/crrel_exports/smp_profiles_exports/S19M0733.PNT_samples.csv', '/Users/colemankane_1/Library/CloudStorage/GoogleDrive-ColemanKane@boisestate.edu/Shared drives/2024-2025 CRREL Snow Strength/Data/Scrubbed pit_strength_transect data/crrel_exports/smp_profiles_exports/S19M0734.PNT_samples.csv']",/Users/colemankane_1/Library/CloudStorage/GoogleDrive-ColemanKane@boisestate.edu/Shared drives/2024-2025 CRREL Snow Strength/Data/Scrubbed pit_strength_transect data/crrel_exports/JPLMet_20250407_TS_1045_sram.csv
95,95,BDG_20250530,5/30/25 0:00,"['/Users/colemankane_1/Library/CloudStorage/GoogleDrive-ColemanKane@boisestate.edu/Shared drives/2024-2025 CRREL Snow Strength/Data/Scrubbed pit_strength_transect data/crrel_exports/Snow_Scope/2025-05-30_1141_Profile11_SN00316.csv', '/Users/colemankane_1/Library/CloudStorage/GoogleDrive-ColemanKane@boisestate.edu/Shared drives/2024-2025 CRREL Snow Strength/Data/Scrubbed pit_strength_transect data/crrel_exports/Snow_Scope/2025-05-30_1144_Profile13_SN00316.csv', '/Users/colemankane_1/Library/CloudStorage/GoogleDrive-ColemanKane@boisestate.edu/Shared drives/2024-2025 CRREL Snow Strength/Data/Scrubbed pit_strength_transect data/crrel_exports/Snow_Scope/2025-05-30_1144_Profile14_SN00316.csv', '/Users/colemankane_1/Library/CloudStorage/GoogleDrive-ColemanKane@boisestate.edu/Shared drives/2024-2025 CRREL Snow Strength/Data/Scrubbed pit_strength_transect data/crrel_exports/Snow_Scope/2025-05-30_1145_Profile15_SN00316.csv']","['/Users/colemankane_1/Library/CloudStorage/GoogleDrive-ColemanKane@boisestate.edu/Shared drives/2024-2025 CRREL Snow Strength/Data/Scrubbed pit_strength_transect data/crrel_exports/smp_profiles_exports/S19M0907.PNT_samples.csv', '/Users/colemankane_1/Library/CloudStorage/GoogleDrive-ColemanKane@boisestate.edu/Shared drives/2024-2025 CRREL Snow Strength/Data/Scrubbed pit_strength_transect data/crrel_exports/smp_profiles_exports/S19M0908.PNT_samples.csv', '/Users/colemankane_1/Library/CloudStorage/GoogleDrive-ColemanKane@boisestate.edu/Shared drives/2024-2025 CRREL Snow Strength/Data/Scrubbed pit_strength_transect data/crrel_exports/smp_profiles_exports/S19M0909.PNT_samples.csv', '/Users/colemankane_1/Library/CloudStorage/GoogleDrive-ColemanKane@boisestate.edu/Shared drives/2024-2025 CRREL Snow Strength/Data/Scrubbed pit_strength_transect data/crrel_exports/smp_profiles_exports/S19M0910.PNT_samples.csv', '/Users/colemankane_1/Library/CloudStorage/GoogleDrive-ColemanKane@boisestate.edu/Shared drives/2024-2025 CRREL Snow Strength/Data/Scrubbed pit_strength_transect data/crrel_exports/smp_profiles_exports/S19M0911.PNT_samples.csv', '/Users/colemankane_1/Library/CloudStorage/GoogleDrive-ColemanKane@boisestate.edu/Shared drives/2024-2025 CRREL Snow Strength/Data/Scrubbed pit_strength_transect data/crrel_exports/smp_profiles_exports/S19M0912.PNT_samples.csv', '/Users/colemankane_1/Library/CloudStorage/GoogleDrive-ColemanKane@boisestate.edu/Shared drives/2024-2025 CRREL Snow Strength/Data/Scrubbed pit_strength_transect data/crrel_exports/smp_profiles_exports/S19M0913.PNT_samples.csv', '/Users/colemankane_1/Library/CloudStorage/GoogleDrive-ColemanKane@boisestate.edu/Shared drives/2024-2025 CRREL Snow Strength/Data/Scrubbed pit_strength_transect data/crrel_exports/smp_profiles_exports/S19M0914.PNT_samples.csv', '/Users/colemankane_1/Library/CloudStorage/GoogleDrive-ColemanKane@boisestate.edu/Shared drives/2024-2025 CRREL Snow Strength/Data/Scrubbed pit_strength_transect data/crrel_exports/smp_profiles_exports/S19M0915.PNT_samples.csv', '/Users/colemankane_1/Library/CloudStorage/GoogleDrive-ColemanKane@boisestate.edu/Shared drives/2024-2025 CRREL Snow Strength/Data/Scrubbed pit_strength_transect data/crrel_exports/smp_profiles_exports/S19M0916.PNT_samples.csv']",/Users/colemankane_1/Library/CloudStorage/GoogleDrive-ColemanKane@boisestate.edu/Shared drives/2024-2025 CRREL Snow Strength/Data/Scrubbed pit_strength_transect data/crrel_exports/BDG_20250530_sram.csv
96,96,LFMet_20241122,11/22/24 0:00,"['/Users/colemankane_1/Library/CloudStorage/GoogleDrive-ColemanKane@boisestate.edu/Shared drives/2024-2025 CRREL Snow Strength/Data/Scrubbed pit_strength_transect data/crrel_exports/Snow_Scope/2024-11-22_1433_Profile775_SN00234.csv', '/Users/colemankane_1/Library/CloudStorage/GoogleDrive-ColemanKane@boisestate.edu/Shared drives/2024-2025 CRREL Snow Strength/Data/Scrubbed pit_strength_transect data/crrel_exports/Snow_Scope/2024-11-22_1435_Profile777_SN00234.csv', '/Users/colemankane_1/Library/CloudStorage/GoogleDrive-ColemanKane@boisestate.edu/Shared drives/2024-2025 CRREL Snow Strength/Data/Scrubbed pit_strength_transect data/crrel_exports/Snow_Scope/2024-11-22_1436_Profile778_SN00234.csv', '/Users/colemankane_1/Library/CloudStorage/GoogleDrive-ColemanKane@boisestate.edu/Shared drives/2024-2025 CRREL Snow Strength/Data/Scrubbed pit_strength_transect data/crrel_exports/Snow_Scope/2024-11-22_1436_Profile779_SN00234.csv']",,/Users/colemankane_1/Library/CloudStorage/GoogleDrive-ColemanKane@boisestate.edu/Shared drives/2024-2025 CRREL Snow Strength/Data/Scrubbed pit_strength_transect data/crrel_exports/LFMet_20241122_sram.csv
97,97,JPLMet_20250408_TS_1120,4/8/25 0:00,['/Users/colemankane_1/Library/CloudStorage/GoogleDrive-ColemanKane@boisestate.edu/Shared drives/2024-2025 CRREL Snow Strength/Data/Scrubbed pit_strength_transect data/crrel_exports/Snow_Scope/2025-04-08_1130_Profile43_SN00373.csv'],"['/Users/colemankane_1/Library/CloudStorage/GoogleDrive-ColemanKane@boisestate.edu/Shared drives/2024-2025 CRREL Snow Strength/Data/Scrubbed pit_strength_transect data/crrel_exports/smp_profiles_exports/S19M0832.PNT_samples.csv', '/Users/colemankane_1/Library/CloudStorage/GoogleDrive-ColemanKane@boisestate.edu/Shared drives/2024-2025 CRREL Snow Strength/Data/Scrubbed pit_strength_transect data/crrel_exports/smp_profiles_exports/S19M0833.PNT_samples.csv', '/Users/colemankane_1/Library/CloudStorage/GoogleDrive-ColemanKane@boisestate.edu/Shared drives/2024-2025 CRREL Snow Strength/Data/Scrubbed pit_strength_transect data/crrel_exports/smp_profiles_exports/S19M0834.PNT_samples.csv', '/Users/colemankane_1/Library/CloudStorage/GoogleDrive-ColemanKane@boisestate.edu/Shared drives/2024-2025 CRREL Snow Strength/Data/Scrubbed pit_strength_transect data/crrel_exports/smp_profiles_exports/S19M0835.PNT_samples.csv', '/Users/colemankane_1/Library/CloudStorage/GoogleDrive-ColemanKane@boisestate.edu/Shared drives/2024-2025 CRREL Snow Strength/Data/Scrubbed pit_strength_transect data/crrel_exports/smp_profiles_exports/S19M0836.PNT_samples.csv']",/Users/colemankane_1/Library/CloudStorage/GoogleDrive-ColemanKane@boisestate.edu/Shared drives/2024-2025 CRREL Snow Strength/Data/Scrubbed pit_strength_transect data/crrel_exports/JPLMet_20250408_TS_1120_sram.csv
98,98,BOG_20250305,3/5/25 0:00,[],"['/Users/colemankane_1/Library/CloudStorage/GoogleDrive-ColemanKane@boisestate.edu/Shared drives/2024-2025 CRREL Snow Strength/Data/Scrubbed pit_strength_transect data/crrel_exports/smp_profiles_exports/S06M0525.PNT_samples.csv', '/Users/colemankane_1/Library/CloudStorage/GoogleDrive-ColemanKane@boisestate.edu/Shared drives/2024-2025 CRREL Snow Strength/Data/Scrubbed pit_strength_transect data/crrel_exports/smp_profiles_exports/S06M0526.PNT_samples.csv', '/Users/colemankane_1/Library/CloudStorage/GoogleDrive-ColemanKane@boisestate.edu/Shared drives/2024-2025 CRREL Snow Strength/Data/Scrubbed pit_strength_transect data/crrel_exports/smp_profiles_exports/S06M0529.PNT_samples.csv', '/Users/colemankane_1/Library/CloudStorage/GoogleDrive-ColemanKane@boisestate.edu/Shared drives/2024-2025 CRREL Snow Strength/Data/Scrubbed pit_strength_transect data/crrel_exports/smp_profiles_exports/S06M0530.PNT_samples.csv', '/Users/colemankane_1/Library/CloudStorage/GoogleDrive-ColemanKane@boisestate.edu/Shared drives/2024-2025 CRREL Snow Strength/Data/Scrubbed pit_strength_transect data/crrel_exports/smp_profiles_exports/S06M0533.PNT_samples.csv']",/Users/colemankane_1/Library/CloudStorage/GoogleDrive-ColemanKane@boisestate.edu/Shared drives/2024-2025 CRREL Snow Strength/Data/Scrubbed pit_strength_transect data/crrel_exports/BOG_20250305_sram.csv
99,99,SLMet_20250129,1/29/25 0:00,"['/Users/colemankane_1/Library/CloudStorage/GoogleDrive-ColemanKane@boisestate.edu/Shared drives/2024-2025 CRREL Snow Strength/Data/Scrubbed pit_strength_transect data/crrel_exports/Snow_Scope/2025-01-29_1107_Profile1239_SN00234.csv', '/Users/colemankane_1/Library/CloudStorage/GoogleDrive-ColemanKane@boisestate.edu/Shared drives/2024-2025 CRREL Snow Strength/Data/Scrubbed pit_strength_transect data/crrel_exports/Snow_Scope/2025-01-29_1108_Profile1240_SN00234.csv', '/Users/colemankane_1/Library/CloudStorage/GoogleDrive-ColemanKane@boisestate.edu/Shared drives/2024-2025 CRREL Snow Strength/Data/Scrubbed pit_strength_transect data/crrel_exports/Snow_Scope/2025-01-29_1109_Profile1241_SN00234.csv', '/Users/colemankane_1/Library/CloudStorage/GoogleDrive-ColemanKane@boisestate.edu/Shared drives/2024-2025 CRREL Snow Strength/Data/Scrubbed pit_strength_transect data/crrel_exports/Snow_Scope/2025-01-29_1110_Profile1242_SN00234.csv', '/Users/colemankane_1/Library/CloudStorage/GoogleDrive-ColemanKane@boisestate.edu/Shared drives/2024-2025 CRREL Snow Strength/Data/Scrubbed pit_strength_transect data/crrel_exports/Snow_Scope/2025-01-29_1110_Profile1243_SN00234.csv']",,/Users/colemankane_1/Library/CloudStorage/GoogleDrive-ColemanKane@boisestate.edu/Shared drives/2024-2025 CRREL Snow Strength/Data/Scrubbed pit_strength_transect data/crrel_exports/SLMet_20250129_sram.csv
100,100,MCSST_20250402,4/2/25 0:00,[],"['/Users/colemankane_1/Library/CloudStorage/GoogleDrive-ColemanKane@boisestate.edu/Shared drives/2024-2025 CRREL Snow Strength/Data/Scrubbed pit_strength_transect data/crrel_exports/smp_profiles_exports/S19M0716.PNT_samples.csv', '/Users/colemankane_1/Library/CloudStorage/GoogleDrive-ColemanKane@boisestate.edu/Shared drives/2024-2025 CRREL Snow Strength/Data/Scrubbed pit_strength_transect data/crrel_exports/smp_profiles_exports/S19M0717.PNT_samples.csv', '/Users/colemankane_1/Library/CloudStorage/GoogleDrive-ColemanKane@boisestate.edu/Shared drives/2024-2025 CRREL Snow Strength/Data/Scrubbed pit_strength_transect data/crrel_exports/smp_profiles_exports/S19M0718.PNT_samples.csv', '/Users/colemankane_1/Library/CloudStorage/GoogleDrive-ColemanKane@boisestate.edu/Shared drives/2024-2025 CRREL Snow Strength/Data/Scrubbed pit_strength_transect data/crrel_exports/smp_profiles_exports/S19M0720.PNT_samples.csv', '/Users/colemankane_1/Library/CloudStorage/GoogleDrive-ColemanKane@boisestate.edu/Shared drives/2024-2025 CRREL Snow Strength/Data/Scrubbed pit_strength_transect data/crrel_exports/smp_profiles_exports/S19M0721.PNT_samples.csv', '/Users/colemankane_1/Library/CloudStorage/GoogleDrive-ColemanKane@boisestate.edu/Shared drives/2024-2025 CRREL Snow Strength/Data/Scrubbed pit_strength_transect data/crrel_exports/smp_profiles_exports/S19M0722.PNT_samples.csv', '/Users/colemankane_1/Library/CloudStorage/GoogleDrive-ColemanKane@boisestate.edu/Shared drives/2024-2025 CRREL Snow Strength/Data/Scrubbed pit_strength_transect data/crrel_exports/smp_profiles_exports/S19M0723.PNT_samples.csv', '/Users/colemankane_1/Library/CloudStorage/GoogleDrive-ColemanKane@boisestate.edu/Shared drives/2024-2025 CRREL Snow Strength/Data/Scrubbed pit_strength_transect data/crrel_exports/smp_profiles_exports/S19M0724.PNT_samples.csv', '/Users/colemankane_1/Library/CloudStorage/GoogleDrive-ColemanKane@boisestate.edu/Shared drives/2024-2025 CRREL Snow Strength/Data/Scrubbed pit_strength_transect data/crrel_exports/smp_profiles_exports/S19M0726.PNT_samples.csv', '/Users/colemankane_1/Library/CloudStorage/GoogleDrive-ColemanKane@boisestate.edu/Shared drives/2024-2025 CRREL Snow Strength/Data/Scrubbed pit_strength_transect data/crrel_exports/smp_profiles_exports/S19M0727.PNT_samples.csv', '/Users/colemankane_1/Library/CloudStorage/GoogleDrive-ColemanKane@boisestate.edu/Shared drives/2024-2025 CRREL Snow Strength/Data/Scrubbed pit_strength_transect data/crrel_exports/smp_profiles_exports/S19M0728.PNT_samples.csv', '/Users/colemankane_1/Library/CloudStorage/GoogleDrive-ColemanKane@boisestate.edu/Shared drives/2024-2025 CRREL Snow Strength/Data/Scrubbed pit_strength_transect data/crrel_exports/smp_profiles_exports/S19M0729.PNT_samples.csv']",/Users/colemankane_1/Library/CloudStorage/GoogleDrive-ColemanKane@boisestate.edu/Shared drives/2024-2025 CRREL Snow Strength/Data/Scrubbed pit_strength_transect data/crrel_exports/MCSST_20250402_sram.csv
101,101,AM_20241231,12/31/24 0:00,['/Users/colemankane_1/Library/CloudStorage/GoogleDrive-ColemanKane@boisestate.edu/Shared drives/2024-2025 CRREL Snow Strength/Data/Scrubbed pit_strength_transect data/crrel_exports/Snow_Scope/2024-12-31_1018_Profile47_SN00308.csv'],"['/Users/colemankane_1/Library/CloudStorage/GoogleDrive-ColemanKane@boisestate.edu/Shared drives/2024-2025 CRREL Snow Strength/Data/Scrubbed pit_strength_transect data/crrel_exports/smp_profiles_exports/S06M0329.PNT_samples.csv', '/Users/colemankane_1/Library/CloudStorage/GoogleDrive-ColemanKane@boisestate.edu/Shared drives/2024-2025 CRREL Snow Strength/Data/Scrubbed pit_strength_transect data/crrel_exports/smp_profiles_exports/S06M0330.PNT_samples.csv', '/Users/colemankane_1/Library/CloudStorage/GoogleDrive-ColemanKane@boisestate.edu/Shared drives/2024-2025 CRREL Snow Strength/Data/Scrubbed pit_strength_transect data/crrel_exports/smp_profiles_exports/S06M0331.PNT_samples.csv', '/Users/colemankane_1/Library/CloudStorage/GoogleDrive-ColemanKane@boisestate.edu/Shared drives/2024-2025 CRREL Snow Strength/Data/Scrubbed pit_strength_transect data/crrel_exports/smp_profiles_exports/S06M0332.PNT_samples.csv', '/Users/colemankane_1/Library/CloudStorage/GoogleDrive-ColemanKane@boisestate.edu/Shared drives/2024-2025 CRREL Snow Strength/Data/Scrubbed pit_strength_transect data/crrel_exports/smp_profiles_exports/S06M0333.PNT_samples.csv', '/Users/colemankane_1/Library/CloudStorage/GoogleDrive-ColemanKane@boisestate.edu/Shared drives/2024-2025 CRREL Snow Strength/Data/Scrubbed pit_strength_transect data/crrel_exports/smp_profiles_exports/S06M0334.PNT_samples.csv', '/Users/colemankane_1/Library/CloudStorage/GoogleDrive-ColemanKane@boisestate.edu/Shared drives/2024-2025 CRREL Snow Strength/Data/Scrubbed pit_strength_transect data/crrel_exports/smp_profiles_exports/S06M0335.PNT_samples.csv', '/Users/colemankane_1/Library/CloudStorage/GoogleDrive-ColemanKane@boisestate.edu/Shared drives/2024-2025 CRREL Snow Strength/Data/Scrubbed pit_strength_transect data/crrel_exports/smp_profiles_exports/S06M0336.PNT_samples.csv', '/Users/colemankane_1/Library/CloudStorage/GoogleDrive-ColemanKane@boisestate.edu/Shared drives/2024-2025 CRREL Snow Strength/Data/Scrubbed pit_strength_transect data/crrel_exports/smp_profiles_exports/S06M0337.PNT_samples.csv', '/Users/colemankane_1/Library/CloudStorage/GoogleDrive-ColemanKane@boisestate.edu/Shared drives/2024-2025 CRREL Snow Strength/Data/Scrubbed pit_strength_transect data/crrel_exports/smp_profiles_exports/S06M0338.PNT_samples.csv']",/Users/colemankane_1/Library/CloudStorage/GoogleDrive-ColemanKane@boisestate.edu/Shared drives/2024-2025 CRREL Snow Strength/Data/Scrubbed pit_strength_transect data/crrel_exports/AM_20241231_sram.csv
102,102,DHMet_20250305,3/5/25 0:00,[],,/Users/colemankane_1/Library/CloudStorage/GoogleDrive-ColemanKane@boisestate.edu/Shared drives/2024-2025 CRREL Snow Strength/Data/Scrubbed pit_strength_transect data/crrel_exports/DHMet_20250305_sram.csv
103,103,FST_20250313,3/13/25 0:00,"['/Users/colemankane_1/Library/CloudStorage/GoogleDrive-ColemanKane@boisestate.edu/Shared drives/2024-2025 CRREL Snow Strength/Data/Scrubbed pit_strength_transect data/crrel_exports/Snow_Scope/2025-03-13_1446_Profile203_SN00308.csv', '/Users/colemankane_1/Library/CloudStorage/GoogleDrive-ColemanKane@boisestate.edu/Shared drives/2024-2025 CRREL Snow Strength/Data/Scrubbed pit_strength_transect data/crrel_exports/Snow_Scope/2025-03-13_1446_Profile204_SN00308.csv', '/Users/colemankane_1/Library/CloudStorage/GoogleDrive-ColemanKane@boisestate.edu/Shared drives/2024-2025 CRREL Snow Strength/Data/Scrubbed pit_strength_transect data/crrel_exports/Snow_Scope/2025-03-13_1447_Profile205_SN00308.csv', '/Users/colemankane_1/Library/CloudStorage/GoogleDrive-ColemanKane@boisestate.edu/Shared drives/2024-2025 CRREL Snow Strength/Data/Scrubbed pit_strength_transect data/crrel_exports/Snow_Scope/2025-03-13_1447_Profile206_SN00308.csv']",,/Users/colemankane_1/Library/CloudStorage/GoogleDrive-ColemanKane@boisestate.edu/Shared drives/2024-2025 CRREL Snow Strength/Data/Scrubbed pit_strength_transect data/crrel_exports/FST_20250313_sram.csv
104,104,FCO_20250120,1/20/25 0:00,[],,/Users/colemankane_1/Library/CloudStorage/GoogleDrive-ColemanKane@boisestate.edu/Shared drives/2024-2025 CRREL Snow Strength/Data/Scrubbed pit_strength_transect data/crrel_exports/FCO_20250120_sram.csv
105,105,BDG_20250107,1/7/25 0:00,"['/Users/colemankane_1/Library/CloudStorage/GoogleDrive-ColemanKane@boisestate.edu/Shared drives/2024-2025 CRREL Snow Strength/Data/Scrubbed pit_strength_transect data/crrel_exports/Snow_Scope/2025-01-07_1103_Profile14_SN00340.csv', '/Users/colemankane_1/Library/CloudStorage/GoogleDrive-ColemanKane@boisestate.edu/Shared drives/2024-2025 CRREL Snow Strength/Data/Scrubbed pit_strength_transect data/crrel_exports/Snow_Scope/2025-01-07_1106_Profile15_SN00340.csv', '/Users/colemankane_1/Library/CloudStorage/GoogleDrive-ColemanKane@boisestate.edu/Shared drives/2024-2025 CRREL Snow Strength/Data/Scrubbed pit_strength_transect data/crrel_exports/Snow_Scope/2025-01-07_1107_Profile16_SN00340.csv', '/Users/colemankane_1/Library/CloudStorage/GoogleDrive-ColemanKane@boisestate.edu/Shared drives/2024-2025 CRREL Snow Strength/Data/Scrubbed pit_strength_transect data/crrel_exports/Snow_Scope/2025-01-07_1108_Profile17_SN00340.csv', '/Users/colemankane_1/Library/CloudStorage/GoogleDrive-ColemanKane@boisestate.edu/Shared drives/2024-2025 CRREL Snow Strength/Data/Scrubbed pit_strength_transect data/crrel_exports/Snow_Scope/2025-01-07_1109_Profile18_SN00340.csv']","['/Users/colemankane_1/Library/CloudStorage/GoogleDrive-ColemanKane@boisestate.edu/Shared drives/2024-2025 CRREL Snow Strength/Data/Scrubbed pit_strength_transect data/crrel_exports/smp_profiles_exports/S19M0514.PNT_samples.csv', '/Users/colemankane_1/Library/CloudStorage/GoogleDrive-ColemanKane@boisestate.edu/Shared drives/2024-2025 CRREL Snow Strength/Data/Scrubbed pit_strength_transect data/crrel_exports/smp_profiles_exports/S19M0515.PNT_samples.csv', '/Users/colemankane_1/Library/CloudStorage/GoogleDrive-ColemanKane@boisestate.edu/Shared drives/2024-2025 CRREL Snow Strength/Data/Scrubbed pit_strength_transect data/crrel_exports/smp_profiles_exports/S19M0516.PNT_samples.csv', '/Users/colemankane_1/Library/CloudStorage/GoogleDrive-ColemanKane@boisestate.edu/Shared drives/2024-2025 CRREL Snow Strength/Data/Scrubbed pit_strength_transect data/crrel_exports/smp_profiles_exports/S19M0517.PNT_samples.csv', '/Users/colemankane_1/Library/CloudStorage/GoogleDrive-ColemanKane@boisestate.edu/Shared drives/2024-2025 CRREL Snow Strength/Data/Scrubbed pit_strength_transect data/crrel_exports/smp_profiles_exports/S19M0518.PNT_samples.csv', '/Users/colemankane_1/Library/CloudStorage/GoogleDrive-ColemanKane@boisestate.edu/Shared drives/2024-2025 CRREL Snow Strength/Data/Scrubbed pit_strength_transect data/crrel_exports/smp_profiles_exports/S19M0519.PNT_samples.csv', '/Users/colemankane_1/Library/CloudStorage/GoogleDrive-ColemanKane@boisestate.edu/Shared drives/2024-2025 CRREL Snow Strength/Data/Scrubbed pit_strength_transect data/crrel_exports/smp_profiles_exports/S19M0520.PNT_samples.csv', '/Users/colemankane_1/Library/CloudStorage/GoogleDrive-ColemanKane@boisestate.edu/Shared drives/2024-2025 CRREL Snow Strength/Data/Scrubbed pit_strength_transect data/crrel_exports/smp_profiles_exports/S19M0521.PNT_samples.csv', '/Users/colemankane_1/Library/CloudStorage/GoogleDrive-ColemanKane@boisestate.edu/Shared drives/2024-2025 CRREL Snow Strength/Data/Scrubbed pit_strength_transect data/crrel_exports/smp_profiles_exports/S19M0522.PNT_samples.csv']",/Users/colemankane_1/Library/CloudStorage/GoogleDrive-ColemanKane@boisestate.edu/Shared drives/2024-2025 CRREL Snow Strength/Data/Scrubbed pit_strength_transect data/crrel_exports/BDG_20250107_sram.csv
106,106,JPLMet_20250102,1/2/25 0:00,"['/Users/colemankane_1/Library/CloudStorage/GoogleDrive-ColemanKane@boisestate.edu/Shared drives/2024-2025 CRREL Snow Strength/Data/Scrubbed pit_strength_transect data/crrel_exports/Snow_Scope/2025-01-02_1034_Profile67_SN00308.csv', '/Users/colemankane_1/Library/CloudStorage/GoogleDrive-ColemanKane@boisestate.edu/Shared drives/2024-2025 CRREL Snow Strength/Data/Scrubbed pit_strength_transect data/crrel_exports/Snow_Scope/2025-01-02_1035_Profile68_SN00308.csv', '/Users/colemankane_1/Library/CloudStorage/GoogleDrive-ColemanKane@boisestate.edu/Shared drives/2024-2025 CRREL Snow Strength/Data/Scrubbed pit_strength_transect data/crrel_exports/Snow_Scope/2025-01-02_1035_Profile69_SN00308.csv', '/Users/colemankane_1/Library/CloudStorage/GoogleDrive-ColemanKane@boisestate.edu/Shared drives/2024-2025 CRREL Snow Strength/Data/Scrubbed pit_strength_transect data/crrel_exports/Snow_Scope/2025-01-02_1036_Profile70_SN00308.csv', '/Users/colemankane_1/Library/CloudStorage/GoogleDrive-ColemanKane@boisestate.edu/Shared drives/2024-2025 CRREL Snow Strength/Data/Scrubbed pit_strength_transect data/crrel_exports/Snow_Scope/2025-01-02_1036_Profile71_SN00308.csv']",,/Users/colemankane_1/Library/CloudStorage/GoogleDrive-ColemanKane@boisestate.edu/Shared drives/2024-2025 CRREL Snow Strength/Data/Scrubbed pit_strength_transect data/crrel_exports/JPLMet_20250102_sram.csv
107,107,FRE_20250122,1/22/25 0:00,"['/Users/colemankane_1/Library/CloudStorage/GoogleDrive-ColemanKane@boisestate.edu/Shared drives/2024-2025 CRREL Snow Strength/Data/Scrubbed pit_strength_transect data/crrel_exports/Snow_Scope/2025-01-22_1122_Profile46_SN00340.csv', '/Users/colemankane_1/Library/CloudStorage/GoogleDrive-ColemanKane@boisestate.edu/Shared drives/2024-2025 CRREL Snow Strength/Data/Scrubbed pit_strength_transect data/crrel_exports/Snow_Scope/2025-01-22_1122_Profile47_SN00340.csv', '/Users/colemankane_1/Library/CloudStorage/GoogleDrive-ColemanKane@boisestate.edu/Shared drives/2024-2025 CRREL Snow Strength/Data/Scrubbed pit_strength_transect data/crrel_exports/Snow_Scope/2025-01-22_1123_Profile48_SN00340.csv', '/Users/colemankane_1/Library/CloudStorage/GoogleDrive-ColemanKane@boisestate.edu/Shared drives/2024-2025 CRREL Snow Strength/Data/Scrubbed pit_strength_transect data/crrel_exports/Snow_Scope/2025-01-22_1125_Profile50_SN00340.csv', '/Users/colemankane_1/Library/CloudStorage/GoogleDrive-ColemanKane@boisestate.edu/Shared drives/2024-2025 CRREL Snow Strength/Data/Scrubbed pit_strength_transect data/crrel_exports/Snow_Scope/2025-01-22_1126_Profile51_SN00340.csv']","['/Users/colemankane_1/Library/CloudStorage/GoogleDrive-ColemanKane@boisestate.edu/Shared drives/2024-2025 CRREL Snow Strength/Data/Scrubbed pit_strength_transect data/crrel_exports/smp_profiles_exports/S19M0576.PNT_samples.csv', '/Users/colemankane_1/Library/CloudStorage/GoogleDrive-ColemanKane@boisestate.edu/Shared drives/2024-2025 CRREL Snow Strength/Data/Scrubbed pit_strength_transect data/crrel_exports/smp_profiles_exports/S19M0577.PNT_samples.csv', '/Users/colemankane_1/Library/CloudStorage/GoogleDrive-ColemanKane@boisestate.edu/Shared drives/2024-2025 CRREL Snow Strength/Data/Scrubbed pit_strength_transect data/crrel_exports/smp_profiles_exports/S19M0578.PNT_samples.csv', '/Users/colemankane_1/Library/CloudStorage/GoogleDrive-ColemanKane@boisestate.edu/Shared drives/2024-2025 CRREL Snow Strength/Data/Scrubbed pit_strength_transect data/crrel_exports/smp_profiles_exports/S19M0579.PNT_samples.csv', '/Users/colemankane_1/Library/CloudStorage/GoogleDrive-ColemanKane@boisestate.edu/Shared drives/2024-2025 CRREL Snow Strength/Data/Scrubbed pit_strength_transect data/crrel_exports/smp_profiles_exports/S19M0580.PNT_samples.csv', '/Users/colemankane_1/Library/CloudStorage/GoogleDrive-ColemanKane@boisestate.edu/Shared drives/2024-2025 CRREL Snow Strength/Data/Scrubbed pit_strength_transect data/crrel_exports/smp_profiles_exports/S19M0581.PNT_samples.csv', '/Users/colemankane_1/Library/CloudStorage/GoogleDrive-ColemanKane@boisestate.edu/Shared drives/2024-2025 CRREL Snow Strength/Data/Scrubbed pit_strength_transect data/crrel_exports/smp_profiles_exports/S19M0582.PNT_samples.csv', '/Users/colemankane_1/Library/CloudStorage/GoogleDrive-ColemanKane@boisestate.edu/Shared drives/2024-2025 CRREL Snow Strength/Data/Scrubbed pit_strength_transect data/crrel_exports/smp_profiles_exports/S19M0583.PNT_samples.csv', '/Users/colemankane_1/Library/CloudStorage/GoogleDrive-ColemanKane@boisestate.edu/Shared drives/2024-2025 CRREL Snow Strength/Data/Scrubbed pit_strength_transect data/crrel_exports/smp_profiles_exports/S19M0584.PNT_samples.csv', '/Users/colemankane_1/Library/CloudStorage/GoogleDrive-ColemanKane@boisestate.edu/Shared drives/2024-2025 CRREL Snow Strength/Data/Scrubbed pit_strength_transect data/crrel_exports/smp_profiles_exports/S19M0585.PNT_samples.csv']",/Users/colemankane_1/Library/CloudStorage/GoogleDrive-ColemanKane@boisestate.edu/Shared drives/2024-2025 CRREL Snow Strength/Data/Scrubbed pit_strength_transect data/crrel_exports/FRE_20250122_sram.csv
108,108,FEFHQ_20250204,2/4/25 0:00,['/Users/colemankane_1/Library/CloudStorage/GoogleDrive-ColemanKane@boisestate.edu/Shared drives/2024-2025 CRREL Snow Strength/Data/Scrubbed pit_strength_transect data/crrel_exports/Snow_Scope/2025-02-04_1525_Profile871_SN00151.csv'],,/Users/colemankane_1/Library/CloudStorage/GoogleDrive-ColemanKane@boisestate.edu/Shared drives/2024-2025 CRREL Snow Strength/Data/Scrubbed pit_strength_transect data/crrel_exports/FEFHQ_20250204_sram.csv
109,109,FST_20250416,4/16/25 0:00,"['/Users/colemankane_1/Library/CloudStorage/GoogleDrive-ColemanKane@boisestate.edu/Shared drives/2024-2025 CRREL Snow Strength/Data/Scrubbed pit_strength_transect data/crrel_exports/Snow_Scope/2025-04-16_1521_Profile430_SN00308.csv', '/Users/colemankane_1/Library/CloudStorage/GoogleDrive-ColemanKane@boisestate.edu/Shared drives/2024-2025 CRREL Snow Strength/Data/Scrubbed pit_strength_transect data/crrel_exports/Snow_Scope/2025-04-16_1521_Profile431_SN00308.csv']",,/Users/colemankane_1/Library/CloudStorage/GoogleDrive-ColemanKane@boisestate.edu/Shared drives/2024-2025 CRREL Snow Strength/Data/Scrubbed pit_strength_transect data/crrel_exports/FST_20250416_sram.csv
110,110,AM_20241122,11/22/24 0:00,"['/Users/colemankane_1/Library/CloudStorage/GoogleDrive-ColemanKane@boisestate.edu/Shared drives/2024-2025 CRREL Snow Strength/Data/Scrubbed pit_strength_transect data/crrel_exports/Snow_Scope/2024-11-22_1006_Profile744_SN00234.csv', '/Users/colemankane_1/Library/CloudStorage/GoogleDrive-ColemanKane@boisestate.edu/Shared drives/2024-2025 CRREL Snow Strength/Data/Scrubbed pit_strength_transect data/crrel_exports/Snow_Scope/2024-11-22_1006_Profile745_SN00234.csv', '/Users/colemankane_1/Library/CloudStorage/GoogleDrive-ColemanKane@boisestate.edu/Shared drives/2024-2025 CRREL Snow Strength/Data/Scrubbed pit_strength_transect data/crrel_exports/Snow_Scope/2024-11-22_1007_Profile747_SN00234.csv', '/Users/colemankane_1/Library/CloudStorage/GoogleDrive-ColemanKane@boisestate.edu/Shared drives/2024-2025 CRREL Snow Strength/Data/Scrubbed pit_strength_transect data/crrel_exports/Snow_Scope/2024-11-22_1008_Profile749_SN00234.csv']",,/Users/colemankane_1/Library/CloudStorage/GoogleDrive-ColemanKane@boisestate.edu/Shared drives/2024-2025 CRREL Snow Strength/Data/Scrubbed pit_strength_transect data/crrel_exports/AM_20241122_sram.csv
111,111,JPLMet_20250318,3/18/25 0:00,"['/Users/colemankane_1/Library/CloudStorage/GoogleDrive-ColemanKane@boisestate.edu/Shared drives/2024-2025 CRREL Snow Strength/Data/Scrubbed pit_strength_transect data/crrel_exports/Snow_Scope/2025-03-18_1645_Profile236_SN00308.csv', '/Users/colemankane_1/Library/CloudStorage/GoogleDrive-ColemanKane@boisestate.edu/Shared drives/2024-2025 CRREL Snow Strength/Data/Scrubbed pit_strength_transect data/crrel_exports/Snow_Scope/2025-03-18_1647_Profile241_SN00308.csv']",,/Users/colemankane_1/Library/CloudStorage/GoogleDrive-ColemanKane@boisestate.edu/Shared drives/2024-2025 CRREL Snow Strength/Data/Scrubbed pit_strength_transect data/crrel_exports/JPLMet_20250318_sram.csv
112,112,CLPX_FSSP01_20250122,1/22/25 0:00,"['/Users/colemankane_1/Library/CloudStorage/GoogleDrive-ColemanKane@boisestate.edu/Shared drives/2024-2025 CRREL Snow Strength/Data/Scrubbed pit_strength_transect data/crrel_exports/Snow_Scope/2025-01-22_1544_Profile95_SN00308.csv', '/Users/colemankane_1/Library/CloudStorage/GoogleDrive-ColemanKane@boisestate.edu/Shared drives/2024-2025 CRREL Snow Strength/Data/Scrubbed pit_strength_transect data/crrel_exports/Snow_Scope/2025-01-22_1545_Profile99_SN00308.csv']",,
113,113,JPLMet_20250211,2/11/25 0:00,['/Users/colemankane_1/Library/CloudStorage/GoogleDrive-ColemanKane@boisestate.edu/Shared drives/2024-2025 CRREL Snow Strength/Data/Scrubbed pit_strength_transect data/crrel_exports/Snow_Scope/2025-02-11_1234_Profile1342_SN00234.csv'],,/Users/colemankane_1/Library/CloudStorage/GoogleDrive-ColemanKane@boisestate.edu/Shared drives/2024-2025 CRREL Snow Strength/Data/Scrubbed pit_strength_transect data/crrel_exports/JPLMet_20250211_sram.csv
114,114,AM_20250121,1/21/25 0:00,"['/Users/colemankane_1/Library/CloudStorage/GoogleDrive-ColemanKane@boisestate.edu/Shared drives/2024-2025 CRREL Snow Strength/Data/Scrubbed pit_strength_transect data/crrel_exports/Snow_Scope/2025-01-21_1501_Profile1217_SN00234.csv', '/Users/colemankane_1/Library/CloudStorage/GoogleDrive-ColemanKane@boisestate.edu/Shared drives/2024-2025 CRREL Snow Strength/Data/Scrubbed pit_strength_transect data/crrel_exports/Snow_Scope/2025-01-21_1504_Profile1221_SN00234.csv']",,/Users/colemankane_1/Library/CloudStorage/GoogleDrive-ColemanKane@boisestate.edu/Shared drives/2024-2025 CRREL Snow Strength/Data/Scrubbed pit_strength_transect data/crrel_exports/AM_20250121_sram.csv
115,115,JPLMet_20250205,2/5/25 0:00,['/Users/colemankane_1/Library/CloudStorage/GoogleDrive-ColemanKane@boisestate.edu/Shared drives/2024-2025 CRREL Snow Strength/Data/Scrubbed pit_strength_transect data/crrel_exports/Snow_Scope/2025-02-05_1634_Profile1320_SN00234.csv'],,/Users/colemankane_1/Library/CloudStorage/GoogleDrive-ColemanKane@boisestate.edu/Shared drives/2024-2025 CRREL Snow Strength/Data/Scrubbed pit_strength_transect data/crrel_exports/JPLMet_20250205_sram.csv
116,116,SLMet_20250211,2/11/25 0:00,[],,/Users/colemankane_1/Library/CloudStorage/GoogleDrive-ColemanKane@boisestate.edu/Shared drives/2024-2025 CRREL Snow Strength/Data/Scrubbed pit_strength_transect data/crrel_exports/SLMet_20250211_sram.csv
117,117,DHMet_20250101,1/1/25 0:00,"['/Users/colemankane_1/Library/CloudStorage/GoogleDrive-ColemanKane@boisestate.edu/Shared drives/2024-2025 CRREL Snow Strength/Data/Scrubbed pit_strength_transect data/crrel_exports/Snow_Scope/2025-01-01_1157_Profile59_SN00308.csv', '/Users/colemankane_1/Library/CloudStorage/GoogleDrive-ColemanKane@boisestate.edu/Shared drives/2024-2025 CRREL Snow Strength/Data/Scrubbed pit_strength_transect data/crrel_exports/Snow_Scope/2025-01-01_1157_Profile60_SN00308.csv']",,/Users/colemankane_1/Library/CloudStorage/GoogleDrive-ColemanKane@boisestate.edu/Shared drives/2024-2025 CRREL Snow Strength/Data/Scrubbed pit_strength_transect data/crrel_exports/DHMet_20250101_sram.csv
118,118,FRE_20250109,1/9/25 0:00,['/Users/colemankane_1/Library/CloudStorage/GoogleDrive-ColemanKane@boisestate.edu/Shared drives/2024-2025 CRREL Snow Strength/Data/Scrubbed pit_strength_transect data/crrel_exports/Snow_Scope/2025-01-09_1208_Profile19_SN00340.csv'],"['/Users/colemankane_1/Library/CloudStorage/GoogleDrive-ColemanKane@boisestate.edu/Shared drives/2024-2025 CRREL Snow Strength/Data/Scrubbed pit_strength_transect data/crrel_exports/smp_profiles_exports/S19M0524.PNT_samples.csv', '/Users/colemankane_1/Library/CloudStorage/GoogleDrive-ColemanKane@boisestate.edu/Shared drives/2024-2025 CRREL Snow Strength/Data/Scrubbed pit_strength_transect data/crrel_exports/smp_profiles_exports/S19M0525.PNT_samples.csv', '/Users/colemankane_1/Library/CloudStorage/GoogleDrive-ColemanKane@boisestate.edu/Shared drives/2024-2025 CRREL Snow Strength/Data/Scrubbed pit_strength_transect data/crrel_exports/smp_profiles_exports/S19M0526.PNT_samples.csv', '/Users/colemankane_1/Library/CloudStorage/GoogleDrive-ColemanKane@boisestate.edu/Shared drives/2024-2025 CRREL Snow Strength/Data/Scrubbed pit_strength_transect data/crrel_exports/smp_profiles_exports/S19M0527.PNT_samples.csv', '/Users/colemankane_1/Library/CloudStorage/GoogleDrive-ColemanKane@boisestate.edu/Shared drives/2024-2025 CRREL Snow Strength/Data/Scrubbed pit_strength_transect data/crrel_exports/smp_profiles_exports/S19M0528.PNT_samples.csv', '/Users/colemankane_1/Library/CloudStorage/GoogleDrive-ColemanKane@boisestate.edu/Shared drives/2024-2025 CRREL Snow Strength/Data/Scrubbed pit_strength_transect data/crrel_exports/smp_profiles_exports/S19M0529.PNT_samples.csv', '/Users/colemankane_1/Library/CloudStorage/GoogleDrive-ColemanKane@boisestate.edu/Shared drives/2024-2025 CRREL Snow Strength/Data/Scrubbed pit_strength_transect data/crrel_exports/smp_profiles_exports/S19M0530.PNT_samples.csv', '/Users/colemankane_1/Library/CloudStorage/GoogleDrive-ColemanKane@boisestate.edu/Shared drives/2024-2025 CRREL Snow Strength/Data/Scrubbed pit_strength_transect data/crrel_exports/smp_profiles_exports/S19M0531.PNT_samples.csv', '/Users/colemankane_1/Library/CloudStorage/GoogleDrive-ColemanKane@boisestate.edu/Shared drives/2024-2025 CRREL Snow Strength/Data/Scrubbed pit_strength_transect data/crrel_exports/smp_profiles_exports/S19M0532.PNT_samples.csv', '/Users/colemankane_1/Library/CloudStorage/GoogleDrive-ColemanKane@boisestate.edu/Shared drives/2024-2025 CRREL Snow Strength/Data/Scrubbed pit_strength_transect data/crrel_exports/smp_profiles_exports/S19M0533.PNT_samples.csv']",/Users/colemankane_1/Library/CloudStorage/GoogleDrive-ColemanKane@boisestate.edu/Shared drives/2024-2025 CRREL Snow Strength/Data/Scrubbed pit_strength_transect data/crrel_exports/FRE_20250109_sram.csv
119,119,AM_20250328,3/28/25 0:00,['/Users/colemankane_1/Library/CloudStorage/GoogleDrive-ColemanKane@boisestate.edu/Shared drives/2024-2025 CRREL Snow Strength/Data/Scrubbed pit_strength_transect data/crrel_exports/Snow_Scope/2025-03-28_1341_Profile1124_SN00151.csv'],,/Users/colemankane_1/Library/CloudStorage/GoogleDrive-ColemanKane@boisestate.edu/Shared drives/2024-2025 CRREL Snow Strength/Data/Scrubbed pit_strength_transect data/crrel_exports/AM_20250328_sram.csv
120,120,JPLMet_20250407_TS_A,4/7/25 0:00,"['/Users/colemankane_1/Library/CloudStorage/GoogleDrive-ColemanKane@boisestate.edu/Shared drives/2024-2025 CRREL Snow Strength/Data/Scrubbed pit_strength_transect data/crrel_exports/Snow_Scope/2025-04-07_1034_Profile217_SN00377.csv', '/Users/colemankane_1/Library/CloudStorage/GoogleDrive-ColemanKane@boisestate.edu/Shared drives/2024-2025 CRREL Snow Strength/Data/Scrubbed pit_strength_transect data/crrel_exports/Snow_Scope/2025-04-07_1035_Profile219_SN00377.csv', '/Users/colemankane_1/Library/CloudStorage/GoogleDrive-ColemanKane@boisestate.edu/Shared drives/2024-2025 CRREL Snow Strength/Data/Scrubbed pit_strength_transect data/crrel_exports/Snow_Scope/2025-04-07_1037_Profile224_SN00377.csv', '/Users/colemankane_1/Library/CloudStorage/GoogleDrive-ColemanKane@boisestate.edu/Shared drives/2024-2025 CRREL Snow Strength/Data/Scrubbed pit_strength_transect data/crrel_exports/Snow_Scope/2025-04-07_1038_Profile226_SN00377.csv', '/Users/colemankane_1/Library/CloudStorage/GoogleDrive-ColemanKane@boisestate.edu/Shared drives/2024-2025 CRREL Snow Strength/Data/Scrubbed pit_strength_transect data/crrel_exports/Snow_Scope/2025-04-07_1207_Profile232_SN00377.csv', '/Users/colemankane_1/Library/CloudStorage/GoogleDrive-ColemanKane@boisestate.edu/Shared drives/2024-2025 CRREL Snow Strength/Data/Scrubbed pit_strength_transect data/crrel_exports/Snow_Scope/2025-04-07_1208_Profile235_SN00377.csv', '/Users/colemankane_1/Library/CloudStorage/GoogleDrive-ColemanKane@boisestate.edu/Shared drives/2024-2025 CRREL Snow Strength/Data/Scrubbed pit_strength_transect data/crrel_exports/Snow_Scope/2025-04-07_1210_Profile239_SN00377.csv', '/Users/colemankane_1/Library/CloudStorage/GoogleDrive-ColemanKane@boisestate.edu/Shared drives/2024-2025 CRREL Snow Strength/Data/Scrubbed pit_strength_transect data/crrel_exports/Snow_Scope/2025-04-07_1212_Profile241_SN00377.csv', '/Users/colemankane_1/Library/CloudStorage/GoogleDrive-ColemanKane@boisestate.edu/Shared drives/2024-2025 CRREL Snow Strength/Data/Scrubbed pit_strength_transect data/crrel_exports/Snow_Scope/2025-04-07_1328_Profile3_SN00373.csv']",,
121,121,DHMet_20241205,12/5/24 0:00,"['/Users/colemankane_1/Library/CloudStorage/GoogleDrive-ColemanKane@boisestate.edu/Shared drives/2024-2025 CRREL Snow Strength/Data/Scrubbed pit_strength_transect data/crrel_exports/Snow_Scope/2024-12-05_1030_Profile861_SN00234.csv', '/Users/colemankane_1/Library/CloudStorage/GoogleDrive-ColemanKane@boisestate.edu/Shared drives/2024-2025 CRREL Snow Strength/Data/Scrubbed pit_strength_transect data/crrel_exports/Snow_Scope/2024-12-05_1031_Profile862_SN00234.csv', '/Users/colemankane_1/Library/CloudStorage/GoogleDrive-ColemanKane@boisestate.edu/Shared drives/2024-2025 CRREL Snow Strength/Data/Scrubbed pit_strength_transect data/crrel_exports/Snow_Scope/2024-12-05_1031_Profile863_SN00234.csv', '/Users/colemankane_1/Library/CloudStorage/GoogleDrive-ColemanKane@boisestate.edu/Shared drives/2024-2025 CRREL Snow Strength/Data/Scrubbed pit_strength_transect data/crrel_exports/Snow_Scope/2024-12-05_1031_Profile864_SN00234.csv', '/Users/colemankane_1/Library/CloudStorage/GoogleDrive-ColemanKane@boisestate.edu/Shared drives/2024-2025 CRREL Snow Strength/Data/Scrubbed pit_strength_transect data/crrel_exports/Snow_Scope/2024-12-05_1032_Profile865_SN00234.csv']",,/Users/colemankane_1/Library/CloudStorage/GoogleDrive-ColemanKane@boisestate.edu/Shared drives/2024-2025 CRREL Snow Strength/Data/Scrubbed pit_strength_transect data/crrel_exports/DHMet_20241205_sram.csv
122,122,LFMet_20250328,3/28/25 0:00,[],,
123,123,DHMet_20250407,4/7/25 0:00,[],,/Users/colemankane_1/Library/CloudStorage/GoogleDrive-ColemanKane@boisestate.edu/Shared drives/2024-2025 CRREL Snow Strength/Data/Scrubbed pit_strength_transect data/crrel_exports/DHMet_20250407_sram.csv
124,124,CLPX_FAD16_20250124,1/24/25 0:00,"['/Users/colemankane_1/Library/CloudStorage/GoogleDrive-ColemanKane@boisestate.edu/Shared drives/2024-2025 CRREL Snow Strength/Data/Scrubbed pit_strength_transect data/crrel_exports/Snow_Scope/2025-01-24_1119_Profile104_SN00308.csv', '/Users/colemankane_1/Library/CloudStorage/GoogleDrive-ColemanKane@boisestate.edu/Shared drives/2024-2025 CRREL Snow Strength/Data/Scrubbed pit_strength_transect data/crrel_exports/Snow_Scope/2025-01-24_1120_Profile106_SN00308.csv']",,/Users/colemankane_1/Library/CloudStorage/GoogleDrive-ColemanKane@boisestate.edu/Shared drives/2024-2025 CRREL Snow Strength/Data/Scrubbed pit_strength_transect data/crrel_exports/CLPX_FAD16_20250124_sram.csv
125,125,LFMet_20250101,1/1/25 0:00,"['/Users/colemankane_1/Library/CloudStorage/GoogleDrive-ColemanKane@boisestate.edu/Shared drives/2024-2025 CRREL Snow Strength/Data/Scrubbed pit_strength_transect data/crrel_exports/Snow_Scope/2025-01-01_1512_Profile62_SN00308.csv', '/Users/colemankane_1/Library/CloudStorage/GoogleDrive-ColemanKane@boisestate.edu/Shared drives/2024-2025 CRREL Snow Strength/Data/Scrubbed pit_strength_transect data/crrel_exports/Snow_Scope/2025-01-01_1512_Profile63_SN00308.csv', '/Users/colemankane_1/Library/CloudStorage/GoogleDrive-ColemanKane@boisestate.edu/Shared drives/2024-2025 CRREL Snow Strength/Data/Scrubbed pit_strength_transect data/crrel_exports/Snow_Scope/2025-01-01_1512_Profile64_SN00308.csv', '/Users/colemankane_1/Library/CloudStorage/GoogleDrive-ColemanKane@boisestate.edu/Shared drives/2024-2025 CRREL Snow Strength/Data/Scrubbed pit_strength_transect data/crrel_exports/Snow_Scope/2025-01-01_1515_Profile65_SN00308.csv']",,/Users/colemankane_1/Library/CloudStorage/GoogleDrive-ColemanKane@boisestate.edu/Shared drives/2024-2025 CRREL Snow Strength/Data/Scrubbed pit_strength_transect data/crrel_exports/LFMet_20250101_sram.csv
126,126,FST_20241218,12/18/24 0:00,"['/Users/colemankane_1/Library/CloudStorage/GoogleDrive-ColemanKane@boisestate.edu/Shared drives/2024-2025 CRREL Snow Strength/Data/Scrubbed pit_strength_transect data/crrel_exports/Snow_Scope/2024-12-18_1359_Profile1006_SN00234.csv', '/Users/colemankane_1/Library/CloudStorage/GoogleDrive-ColemanKane@boisestate.edu/Shared drives/2024-2025 CRREL Snow Strength/Data/Scrubbed pit_strength_transect data/crrel_exports/Snow_Scope/2024-12-18_1403_Profile1007_SN00234.csv', '/Users/colemankane_1/Library/CloudStorage/GoogleDrive-ColemanKane@boisestate.edu/Shared drives/2024-2025 CRREL Snow Strength/Data/Scrubbed pit_strength_transect data/crrel_exports/Snow_Scope/2024-12-18_1403_Profile1008_SN00234.csv', '/Users/colemankane_1/Library/CloudStorage/GoogleDrive-ColemanKane@boisestate.edu/Shared drives/2024-2025 CRREL Snow Strength/Data/Scrubbed pit_strength_transect data/crrel_exports/Snow_Scope/2024-12-18_1403_Profile1009_SN00234.csv', '/Users/colemankane_1/Library/CloudStorage/GoogleDrive-ColemanKane@boisestate.edu/Shared drives/2024-2025 CRREL Snow Strength/Data/Scrubbed pit_strength_transect data/crrel_exports/Snow_Scope/2024-12-18_1404_Profile1010_SN00234.csv']",,/Users/colemankane_1/Library/CloudStorage/GoogleDrive-ColemanKane@boisestate.edu/Shared drives/2024-2025 CRREL Snow Strength/Data/Scrubbed pit_strength_transect data/crrel_exports/FST_20241218_sram.csv
127,127,FRE_20241206,12/6/24 0:00,[],"['/Users/colemankane_1/Library/CloudStorage/GoogleDrive-ColemanKane@boisestate.edu/Shared drives/2024-2025 CRREL Snow Strength/Data/Scrubbed pit_strength_transect data/crrel_exports/smp_profiles_exports/S06M0299.PNT_samples.csv', '/Users/colemankane_1/Library/CloudStorage/GoogleDrive-ColemanKane@boisestate.edu/Shared drives/2024-2025 CRREL Snow Strength/Data/Scrubbed pit_strength_transect data/crrel_exports/smp_profiles_exports/S06M0300.PNT_samples.csv', '/Users/colemankane_1/Library/CloudStorage/GoogleDrive-ColemanKane@boisestate.edu/Shared drives/2024-2025 CRREL Snow Strength/Data/Scrubbed pit_strength_transect data/crrel_exports/smp_profiles_exports/S06M0301.PNT_samples.csv', '/Users/colemankane_1/Library/CloudStorage/GoogleDrive-ColemanKane@boisestate.edu/Shared drives/2024-2025 CRREL Snow Strength/Data/Scrubbed pit_strength_transect data/crrel_exports/smp_profiles_exports/S06M0302.PNT_samples.csv', '/Users/colemankane_1/Library/CloudStorage/GoogleDrive-ColemanKane@boisestate.edu/Shared drives/2024-2025 CRREL Snow Strength/Data/Scrubbed pit_strength_transect data/crrel_exports/smp_profiles_exports/S06M0303.PNT_samples.csv']",
128,128,FST_20250130,1/30/25 0:00,"['/Users/colemankane_1/Library/CloudStorage/GoogleDrive-ColemanKane@boisestate.edu/Shared drives/2024-2025 CRREL Snow Strength/Data/Scrubbed pit_strength_transect data/crrel_exports/Snow_Scope/2025-01-30_1049_Profile1271_SN00234.csv', '/Users/colemankane_1/Library/CloudStorage/GoogleDrive-ColemanKane@boisestate.edu/Shared drives/2024-2025 CRREL Snow Strength/Data/Scrubbed pit_strength_transect data/crrel_exports/Snow_Scope/2025-01-30_1049_Profile1272_SN00234.csv']",,/Users/colemankane_1/Library/CloudStorage/GoogleDrive-ColemanKane@boisestate.edu/Shared drives/2024-2025 CRREL Snow Strength/Data/Scrubbed pit_strength_transect data/crrel_exports/FST_20250130_sram.csv
129,129,FST_20250306,3/6/25 0:00,[],,/Users/colemankane_1/Library/CloudStorage/GoogleDrive-ColemanKane@boisestate.edu/Shared drives/2024-2025 CRREL Snow Strength/Data/Scrubbed pit_strength_transect data/crrel_exports/FST_20250306_sram.csv
130,130,DHMet_20250107,1/7/25 0:00,"['/Users/colemankane_1/Library/CloudStorage/GoogleDrive-ColemanKane@boisestate.edu/Shared drives/2024-2025 CRREL Snow Strength/Data/Scrubbed pit_strength_transect data/crrel_exports/Snow_Scope/2025-01-07_1057_Profile72_SN00308.csv', '/Users/colemankane_1/Library/CloudStorage/GoogleDrive-ColemanKane@boisestate.edu/Shared drives/2024-2025 CRREL Snow Strength/Data/Scrubbed pit_strength_transect data/crrel_exports/Snow_Scope/2025-01-07_1057_Profile73_SN00308.csv', '/Users/colemankane_1/Library/CloudStorage/GoogleDrive-ColemanKane@boisestate.edu/Shared drives/2024-2025 CRREL Snow Strength/Data/Scrubbed pit_strength_transect data/crrel_exports/Snow_Scope/2025-01-07_1058_Profile75_SN00308.csv', '/Users/colemankane_1/Library/CloudStorage/GoogleDrive-ColemanKane@boisestate.edu/Shared drives/2024-2025 CRREL Snow Strength/Data/Scrubbed pit_strength_transect data/crrel_exports/Snow_Scope/2025-01-07_1058_Profile76_SN00308.csv']",,/Users/colemankane_1/Library/CloudStorage/GoogleDrive-ColemanKane@boisestate.edu/Shared drives/2024-2025 CRREL Snow Strength/Data/Scrubbed pit_strength_transect data/crrel_exports/DHMet_20250107_sram.csv
131,131,AM_20250227,2/27/25 0:00,"['/Users/colemankane_1/Library/CloudStorage/GoogleDrive-ColemanKane@boisestate.edu/Shared drives/2024-2025 CRREL Snow Strength/Data/Scrubbed pit_strength_transect data/crrel_exports/Snow_Scope/2025-02-27_1438_Profile132_SN00308.csv', '/Users/colemankane_1/Library/CloudStorage/GoogleDrive-ColemanKane@boisestate.edu/Shared drives/2024-2025 CRREL Snow Strength/Data/Scrubbed pit_strength_transect data/crrel_exports/Snow_Scope/2025-02-27_1438_Profile133_SN00308.csv', '/Users/colemankane_1/Library/CloudStorage/GoogleDrive-ColemanKane@boisestate.edu/Shared drives/2024-2025 CRREL Snow Strength/Data/Scrubbed pit_strength_transect data/crrel_exports/Snow_Scope/2025-02-27_1439_Profile134_SN00308.csv']",,/Users/colemankane_1/Library/CloudStorage/GoogleDrive-ColemanKane@boisestate.edu/Shared drives/2024-2025 CRREL Snow Strength/Data/Scrubbed pit_strength_transect data/crrel_exports/AM_20250227_sram.csv
132,132,AM_20241211,12/11/24 0:00,"['/Users/colemankane_1/Library/CloudStorage/GoogleDrive-ColemanKane@boisestate.edu/Shared drives/2024-2025 CRREL Snow Strength/Data/Scrubbed pit_strength_transect data/crrel_exports/Snow_Scope/2024-12-11_1204_Profile924_SN00234.csv', '/Users/colemankane_1/Library/CloudStorage/GoogleDrive-ColemanKane@boisestate.edu/Shared drives/2024-2025 CRREL Snow Strength/Data/Scrubbed pit_strength_transect data/crrel_exports/Snow_Scope/2024-12-11_1204_Profile925_SN00234.csv', '/Users/colemankane_1/Library/CloudStorage/GoogleDrive-ColemanKane@boisestate.edu/Shared drives/2024-2025 CRREL Snow Strength/Data/Scrubbed pit_strength_transect data/crrel_exports/Snow_Scope/2024-12-11_1205_Profile926_SN00234.csv', '/Users/colemankane_1/Library/CloudStorage/GoogleDrive-ColemanKane@boisestate.edu/Shared drives/2024-2025 CRREL Snow Strength/Data/Scrubbed pit_strength_transect data/crrel_exports/Snow_Scope/2024-12-11_1205_Profile927_SN00234.csv', '/Users/colemankane_1/Library/CloudStorage/GoogleDrive-ColemanKane@boisestate.edu/Shared drives/2024-2025 CRREL Snow Strength/Data/Scrubbed pit_strength_transect data/crrel_exports/Snow_Scope/2024-12-11_1205_Profile928_SN00234.csv']",,/Users/colemankane_1/Library/CloudStorage/GoogleDrive-ColemanKane@boisestate.edu/Shared drives/2024-2025 CRREL Snow Strength/Data/Scrubbed pit_strength_transect data/crrel_exports/AM_20241211_sram.csv
133,133,BOG_20250219,2/19/25 0:00,"['/Users/colemankane_1/Library/CloudStorage/GoogleDrive-ColemanKane@boisestate.edu/Shared drives/2024-2025 CRREL Snow Strength/Data/Scrubbed pit_strength_transect data/crrel_exports/Snow_Scope/2025-02-19_1138_Profile158_SN00377.csv', '/Users/colemankane_1/Library/CloudStorage/GoogleDrive-ColemanKane@boisestate.edu/Shared drives/2024-2025 CRREL Snow Strength/Data/Scrubbed pit_strength_transect data/crrel_exports/Snow_Scope/2025-02-19_1141_Profile159_SN00377.csv', '/Users/colemankane_1/Library/CloudStorage/GoogleDrive-ColemanKane@boisestate.edu/Shared drives/2024-2025 CRREL Snow Strength/Data/Scrubbed pit_strength_transect data/crrel_exports/Snow_Scope/2025-02-19_1141_Profile160_SN00377.csv']",[],
134,134,DHMet_CLPXDH_20250228,2/28/25 0:00,[],,/Users/colemankane_1/Library/CloudStorage/GoogleDrive-ColemanKane@boisestate.edu/Shared drives/2024-2025 CRREL Snow Strength/Data/Scrubbed pit_strength_transect data/crrel_exports/DHMet_CLPXDH_20250228_sram.csv
135,135,FEFHQ_20250211,2/11/25 0:00,"['/Users/colemankane_1/Library/CloudStorage/GoogleDrive-ColemanKane@boisestate.edu/Shared drives/2024-2025 CRREL Snow Strength/Data/Scrubbed pit_strength_transect data/crrel_exports/Snow_Scope/2025-02-11_1422_Profile892_SN00151.csv', '/Users/colemankane_1/Library/CloudStorage/GoogleDrive-ColemanKane@boisestate.edu/Shared drives/2024-2025 CRREL Snow Strength/Data/Scrubbed pit_strength_transect data/crrel_exports/Snow_Scope/2025-02-11_1422_Profile893_SN00151.csv']",,/Users/colemankane_1/Library/CloudStorage/GoogleDrive-ColemanKane@boisestate.edu/Shared drives/2024-2025 CRREL Snow Strength/Data/Scrubbed pit_strength_transect data/crrel_exports/FEFHQ_20250211_sram.csv
136,136,DHMet_20250415,4/15/25 0:00,[],,/Users/colemankane_1/Library/CloudStorage/GoogleDrive-ColemanKane@boisestate.edu/Shared drives/2024-2025 CRREL Snow Strength/Data/Scrubbed pit_strength_transect data/crrel_exports/DHMet_20250415_sram.csv
137,137,JPLMet_20250225,2/25/25 0:00,"['/Users/colemankane_1/Library/CloudStorage/GoogleDrive-ColemanKane@boisestate.edu/Shared drives/2024-2025 CRREL Snow Strength/Data/Scrubbed pit_strength_transect data/crrel_exports/Snow_Scope/2025-02-25_1657_Profile999_SN00151.csv', '/Users/colemankane_1/Library/CloudStorage/GoogleDrive-ColemanKane@boisestate.edu/Shared drives/2024-2025 CRREL Snow Strength/Data/Scrubbed pit_strength_transect data/crrel_exports/Snow_Scope/2025-02-25_1658_Profile1000_SN00151.csv', '/Users/colemankane_1/Library/CloudStorage/GoogleDrive-ColemanKane@boisestate.edu/Shared drives/2024-2025 CRREL Snow Strength/Data/Scrubbed pit_strength_transect data/crrel_exports/Snow_Scope/2025-02-25_1659_Profile1001_SN00151.csv']",,/Users/colemankane_1/Library/CloudStorage/GoogleDrive-ColemanKane@boisestate.edu/Shared drives/2024-2025 CRREL Snow Strength/Data/Scrubbed pit_strength_transect data/crrel_exports/JPLMet_20250225_sram.csv
138,138,AM_20250115,1/15/25 0:00,[],,/Users/colemankane_1/Library/CloudStorage/GoogleDrive-ColemanKane@boisestate.edu/Shared drives/2024-2025 CRREL Snow Strength/Data/Scrubbed pit_strength_transect data/crrel_exports/AM_20250115_sram.csv
139,139,BOG_20241217,12/17/24 0:00,"['/Users/colemankane_1/Library/CloudStorage/GoogleDrive-ColemanKane@boisestate.edu/Shared drives/2024-2025 CRREL Snow Strength/Data/Scrubbed pit_strength_transect data/crrel_exports/Snow_Scope/2024-12-17_1437_Profile36_SN00308.csv', '/Users/colemankane_1/Library/CloudStorage/GoogleDrive-ColemanKane@boisestate.edu/Shared drives/2024-2025 CRREL Snow Strength/Data/Scrubbed pit_strength_transect data/crrel_exports/Snow_Scope/2024-12-17_1437_Profile37_SN00308.csv']","['/Users/colemankane_1/Library/CloudStorage/GoogleDrive-ColemanKane@boisestate.edu/Shared drives/2024-2025 CRREL Snow Strength/Data/Scrubbed pit_strength_transect data/crrel_exports/smp_profiles_exports/S19M0472.PNT_samples.csv', '/Users/colemankane_1/Library/CloudStorage/GoogleDrive-ColemanKane@boisestate.edu/Shared drives/2024-2025 CRREL Snow Strength/Data/Scrubbed pit_strength_transect data/crrel_exports/smp_profiles_exports/S19M0473.PNT_samples.csv', '/Users/colemankane_1/Library/CloudStorage/GoogleDrive-ColemanKane@boisestate.edu/Shared drives/2024-2025 CRREL Snow Strength/Data/Scrubbed pit_strength_transect data/crrel_exports/smp_profiles_exports/S19M0474.PNT_samples.csv', '/Users/colemankane_1/Library/CloudStorage/GoogleDrive-ColemanKane@boisestate.edu/Shared drives/2024-2025 CRREL Snow Strength/Data/Scrubbed pit_strength_transect data/crrel_exports/smp_profiles_exports/S19M0475.PNT_samples.csv', '/Users/colemankane_1/Library/CloudStorage/GoogleDrive-ColemanKane@boisestate.edu/Shared drives/2024-2025 CRREL Snow Strength/Data/Scrubbed pit_strength_transect data/crrel_exports/smp_profiles_exports/S19M0476.PNT_samples.csv', '/Users/colemankane_1/Library/CloudStorage/GoogleDrive-ColemanKane@boisestate.edu/Shared drives/2024-2025 CRREL Snow Strength/Data/Scrubbed pit_strength_transect data/crrel_exports/smp_profiles_exports/S19M0477.PNT_samples.csv', '/Users/colemankane_1/Library/CloudStorage/GoogleDrive-ColemanKane@boisestate.edu/Shared drives/2024-2025 CRREL Snow Strength/Data/Scrubbed pit_strength_transect data/crrel_exports/smp_profiles_exports/S19M0478.PNT_samples.csv', '/Users/colemankane_1/Library/CloudStorage/GoogleDrive-ColemanKane@boisestate.edu/Shared drives/2024-2025 CRREL Snow Strength/Data/Scrubbed pit_strength_transect data/crrel_exports/smp_profiles_exports/S19M0479.PNT_samples.csv', '/Users/colemankane_1/Library/CloudStorage/GoogleDrive-ColemanKane@boisestate.edu/Shared drives/2024-2025 CRREL Snow Strength/Data/Scrubbed pit_strength_transect data/crrel_exports/smp_profiles_exports/S19M0480.PNT_samples.csv', '/Users/colemankane_1/Library/CloudStorage/GoogleDrive-ColemanKane@boisestate.edu/Shared drives/2024-2025 CRREL Snow Strength/Data/Scrubbed pit_strength_transect data/crrel_exports/smp_profiles_exports/S19M0481.PNT_samples.csv']",/Users/colemankane_1/Library/CloudStorage/GoogleDrive-ColemanKane@boisestate.edu/Shared drives/2024-2025 CRREL Snow Strength/Data/Scrubbed pit_strength_transect data/crrel_exports/BOG_20241217_sram.csv
140,140,LFMet_20241205,12/5/24 0:00,"['/Users/colemankane_1/Library/CloudStorage/GoogleDrive-ColemanKane@boisestate.edu/Shared drives/2024-2025 CRREL Snow Strength/Data/Scrubbed pit_strength_transect data/crrel_exports/Snow_Scope/2024-12-05_1333_Profile871_SN00234.csv', '/Users/colemankane_1/Library/CloudStorage/GoogleDrive-ColemanKane@boisestate.edu/Shared drives/2024-2025 CRREL Snow Strength/Data/Scrubbed pit_strength_transect data/crrel_exports/Snow_Scope/2024-12-05_1334_Profile872_SN00234.csv', '/Users/colemankane_1/Library/CloudStorage/GoogleDrive-ColemanKane@boisestate.edu/Shared drives/2024-2025 CRREL Snow Strength/Data/Scrubbed pit_strength_transect data/crrel_exports/Snow_Scope/2024-12-05_1336_Profile876_SN00234.csv']",,/Users/colemankane_1/Library/CloudStorage/GoogleDrive-ColemanKane@boisestate.edu/Shared drives/2024-2025 CRREL Snow Strength/Data/Scrubbed pit_strength_transect data/crrel_exports/LFMet_20241205_sram.csv
141,141,FEFHQ_20250318,3/18/25 0:00,['/Users/colemankane_1/Library/CloudStorage/GoogleDrive-ColemanKane@boisestate.edu/Shared drives/2024-2025 CRREL Snow Strength/Data/Scrubbed pit_strength_transect data/crrel_exports/Snow_Scope/2025-03-18_1338_Profile233_SN00308.csv'],,/Users/colemankane_1/Library/CloudStorage/GoogleDrive-ColemanKane@boisestate.edu/Shared drives/2024-2025 CRREL Snow Strength/Data/Scrubbed pit_strength_transect data/crrel_exports/FEFHQ_20250318_sram.csv
142,142,BDG_20250201,2/1/25 0:00,[],"['/Users/colemankane_1/Library/CloudStorage/GoogleDrive-ColemanKane@boisestate.edu/Shared drives/2024-2025 CRREL Snow Strength/Data/Scrubbed pit_strength_transect data/crrel_exports/smp_profiles_exports/S19M0587.PNT_samples.csv', '/Users/colemankane_1/Library/CloudStorage/GoogleDrive-ColemanKane@boisestate.edu/Shared drives/2024-2025 CRREL Snow Strength/Data/Scrubbed pit_strength_transect data/crrel_exports/smp_profiles_exports/S19M0588.PNT_samples.csv', '/Users/colemankane_1/Library/CloudStorage/GoogleDrive-ColemanKane@boisestate.edu/Shared drives/2024-2025 CRREL Snow Strength/Data/Scrubbed pit_strength_transect data/crrel_exports/smp_profiles_exports/S19M0589.PNT_samples.csv', '/Users/colemankane_1/Library/CloudStorage/GoogleDrive-ColemanKane@boisestate.edu/Shared drives/2024-2025 CRREL Snow Strength/Data/Scrubbed pit_strength_transect data/crrel_exports/smp_profiles_exports/S19M0591.PNT_samples.csv', '/Users/colemankane_1/Library/CloudStorage/GoogleDrive-ColemanKane@boisestate.edu/Shared drives/2024-2025 CRREL Snow Strength/Data/Scrubbed pit_strength_transect data/crrel_exports/smp_profiles_exports/S19M0592.PNT_samples.csv', '/Users/colemankane_1/Library/CloudStorage/GoogleDrive-ColemanKane@boisestate.edu/Shared drives/2024-2025 CRREL Snow Strength/Data/Scrubbed pit_strength_transect data/crrel_exports/smp_profiles_exports/S19M0593.PNT_samples.csv', '/Users/colemankane_1/Library/CloudStorage/GoogleDrive-ColemanKane@boisestate.edu/Shared drives/2024-2025 CRREL Snow Strength/Data/Scrubbed pit_strength_transect data/crrel_exports/smp_profiles_exports/S19M0594.PNT_samples.csv', '/Users/colemankane_1/Library/CloudStorage/GoogleDrive-ColemanKane@boisestate.edu/Shared drives/2024-2025 CRREL Snow Strength/Data/Scrubbed pit_strength_transect data/crrel_exports/smp_profiles_exports/S19M0595.PNT_samples.csv', '/Users/colemankane_1/Library/CloudStorage/GoogleDrive-ColemanKane@boisestate.edu/Shared drives/2024-2025 CRREL Snow Strength/Data/Scrubbed pit_strength_transect data/crrel_exports/smp_profiles_exports/S19M0596.PNT_samples.csv']",/Users/colemankane_1/Library/CloudStorage/GoogleDrive-ColemanKane@boisestate.edu/Shared drives/2024-2025 CRREL Snow Strength/Data/Scrubbed pit_strength_transect data/crrel_exports/BDG_20250201_sram.csv
143,143,DHMet_20250214,2/14/25 0:00,"['/Users/colemankane_1/Library/CloudStorage/GoogleDrive-ColemanKane@boisestate.edu/Shared drives/2024-2025 CRREL Snow Strength/Data/Scrubbed pit_strength_transect data/crrel_exports/Snow_Scope/2025-02-14_1002_Profile948_SN00151.csv', '/Users/colemankane_1/Library/CloudStorage/GoogleDrive-ColemanKane@boisestate.edu/Shared drives/2024-2025 CRREL Snow Strength/Data/Scrubbed pit_strength_transect data/crrel_exports/Snow_Scope/2025-02-14_1002_Profile949_SN00151.csv', '/Users/colemankane_1/Library/CloudStorage/GoogleDrive-ColemanKane@boisestate.edu/Shared drives/2024-2025 CRREL Snow Strength/Data/Scrubbed pit_strength_transect data/crrel_exports/Snow_Scope/2025-02-14_1002_Profile951_SN00151.csv', '/Users/colemankane_1/Library/CloudStorage/GoogleDrive-ColemanKane@boisestate.edu/Shared drives/2024-2025 CRREL Snow Strength/Data/Scrubbed pit_strength_transect data/crrel_exports/Snow_Scope/2025-02-14_1003_Profile952_SN00151.csv', '/Users/colemankane_1/Library/CloudStorage/GoogleDrive-ColemanKane@boisestate.edu/Shared drives/2024-2025 CRREL Snow Strength/Data/Scrubbed pit_strength_transect data/crrel_exports/Snow_Scope/2025-02-14_1003_Profile953_SN00151.csv']",,/Users/colemankane_1/Library/CloudStorage/GoogleDrive-ColemanKane@boisestate.edu/Shared drives/2024-2025 CRREL Snow Strength/Data/Scrubbed pit_strength_transect data/crrel_exports/DHMet_20250214_sram.csv
144,144,JPLMet_20241226,12/26/24 0:00,['/Users/colemankane_1/Library/CloudStorage/GoogleDrive-ColemanKane@boisestate.edu/Shared drives/2024-2025 CRREL Snow Strength/Data/Scrubbed pit_strength_transect data/crrel_exports/Snow_Scope/2024-12-26_1233_Profile1046_SN00234.csv'],,/Users/colemankane_1/Library/CloudStorage/GoogleDrive-ColemanKane@boisestate.edu/Shared drives/2024-2025 CRREL Snow Strength/Data/Scrubbed pit_strength_transect data/crrel_exports/JPLMet_20241226_sram.csv
145,145,FST_20250108,1/8/25 0:00,"['/Users/colemankane_1/Library/CloudStorage/GoogleDrive-ColemanKane@boisestate.edu/Shared drives/2024-2025 CRREL Snow Strength/Data/Scrubbed pit_strength_transect data/crrel_exports/Snow_Scope/2025-01-08_1500_Profile1118_SN00234.csv', '/Users/colemankane_1/Library/CloudStorage/GoogleDrive-ColemanKane@boisestate.edu/Shared drives/2024-2025 CRREL Snow Strength/Data/Scrubbed pit_strength_transect data/crrel_exports/Snow_Scope/2025-01-08_1500_Profile1119_SN00234.csv', '/Users/colemankane_1/Library/CloudStorage/GoogleDrive-ColemanKane@boisestate.edu/Shared drives/2024-2025 CRREL Snow Strength/Data/Scrubbed pit_strength_transect data/crrel_exports/Snow_Scope/2025-01-08_1504_Profile1121_SN00234.csv', '/Users/colemankane_1/Library/CloudStorage/GoogleDrive-ColemanKane@boisestate.edu/Shared drives/2024-2025 CRREL Snow Strength/Data/Scrubbed pit_strength_transect data/crrel_exports/Snow_Scope/2025-01-08_1504_Profile1122_SN00234.csv', '/Users/colemankane_1/Library/CloudStorage/GoogleDrive-ColemanKane@boisestate.edu/Shared drives/2024-2025 CRREL Snow Strength/Data/Scrubbed pit_strength_transect data/crrel_exports/Snow_Scope/2025-01-08_1505_Profile1123_SN00234.csv']",,/Users/colemankane_1/Library/CloudStorage/GoogleDrive-ColemanKane@boisestate.edu/Shared drives/2024-2025 CRREL Snow Strength/Data/Scrubbed pit_strength_transect data/crrel_exports/FST_20250108_sram.csv
146,146,JPLMet_20240117,1/17/24 0:00,"['/Users/colemankane_1/Desktop/fraser_23_24_exports/Snow_Scopes/2024-1-17_1640_Profile00056_SN00246.csv', '/Users/colemankane_1/Desktop/fraser_23_24_exports/Snow_Scopes/2024-1-17_1640_Profile00057_SN00246.csv', '/Users/colemankane_1/Desktop/fraser_23_24_exports/Snow_Scopes/2024-1-17_2111_Profile00060_SN00246.csv']",,/Users/colemankane_1/Desktop/fraser_23_24_exports/JPLMet_20240117_sram.csv
147,147,JPLMet_20240103,1/3/24 0:00,['/Users/colemankane_1/Desktop/fraser_23_24_exports/Snow_Scopes/2024-1-3_1859_Profile00036_SN00246.csv'],,/Users/colemankane_1/Desktop/fraser_23_24_exports/JPLMet_20240103_sram.csv
148,148,JPLMet_20240228,2/28/24 0:00,"['/Users/colemankane_1/Desktop/fraser_23_24_exports/Snow_Scopes/2024-2-28_216_Profile00654_SN00151.csv', '/Users/colemankane_1/Desktop/fraser_23_24_exports/Snow_Scopes/2024-2-28_217_Profile00656_SN00151.csv']",,/Users/colemankane_1/Desktop/fraser_23_24_exports/JPLMet_20240228_sram.csv
149,149,FSTA_20240118,1/18/24 0:00,"['/Users/colemankane_1/Desktop/fraser_23_24_exports/Snow_Scopes/2024-1-18_212_Profile00657_SN00127.csv', '/Users/colemankane_1/Desktop/fraser_23_24_exports/Snow_Scopes/2024-1-18_211_Profile00656_SN00127.csv', '/Users/colemankane_1/Desktop/fraser_23_24_exports/Snow_Scopes/2024-1-18_211_Profile00655_SN00127.csv']",,/Users/colemankane_1/Desktop/fraser_23_24_exports/FSTA_20240118_sram.csv
150,150,DHNMet_20240514,5/14/24 0:00,"['/Users/colemankane_1/Desktop/fraser_23_24_exports/Snow_Scopes/2024-5-14_193_Profile00030_SN00259.csv', '/Users/colemankane_1/Desktop/fraser_23_24_exports/Snow_Scopes/2024-5-14_193_Profile00031_SN00259.csv', '/Users/colemankane_1/Desktop/fraser_23_24_exports/Snow_Scopes/2024-5-14_193_Profile00032_SN00259.csv', '/Users/colemankane_1/Desktop/fraser_23_24_exports/Snow_Scopes/2024-5-14_194_Profile00033_SN00259.csv', '/Users/colemankane_1/Desktop/fraser_23_24_exports/Snow_Scopes/2024-5-14_194_Profile00034_SN00259.csv', '/Users/colemankane_1/Desktop/fraser_23_24_exports/Snow_Scopes/2024-5-14_1940_Profile00035_SN00259.csv', '/Users/colemankane_1/Desktop/fraser_23_24_exports/Snow_Scopes/2024-5-14_1941_Profile00036_SN00259.csv', '/Users/colemankane_1/Desktop/fraser_23_24_exports/Snow_Scopes/2024-5-14_1945_Profile00908_SN00127.csv', '/Users/colemankane_1/Desktop/fraser_23_24_exports/Snow_Scopes/2024-5-14_1946_Profile00909_SN00127.csv', '/Users/colemankane_1/Desktop/fraser_23_24_exports/Snow_Scopes/2024-5-14_1947_Profile00910_SN00127.csv']",,/Users/colemankane_1/Desktop/fraser_23_24_exports/DHNMet_20240514_sram.csv
151,151,JPLMet_20240405,4/5/24 0:00,"['/Users/colemankane_1/Desktop/fraser_23_24_exports/Snow_Scopes/2024-4-5_1425_Profile00742_SN00127.csv', '/Users/colemankane_1/Desktop/fraser_23_24_exports/Snow_Scopes/2024-4-5_1429_Profile00749_SN00127.csv', '/Users/colemankane_1/Desktop/fraser_23_24_exports/Snow_Scopes/2024-4-5_1425_Profile00744_SN00127.csv', '/Users/colemankane_1/Desktop/fraser_23_24_exports/Snow_Scopes/2024-4-5_1431_Profile00752_SN00127.csv', '/Users/colemankane_1/Desktop/fraser_23_24_exports/Snow_Scopes/2024-4-5_1433_Profile00754_SN00127.csv', '/Users/colemankane_1/Desktop/fraser_23_24_exports/Snow_Scopes/2024-4-5_1614_Profile00757_SN00127.csv', '/Users/colemankane_1/Desktop/fraser_23_24_exports/Snow_Scopes/2024-4-5_1616_Profile00760_SN00127.csv', '/Users/colemankane_1/Desktop/fraser_23_24_exports/Snow_Scopes/2024-4-5_1616_Profile00761_SN00127.csv', '/Users/colemankane_1/Desktop/fraser_23_24_exports/Snow_Scopes/2024-4-5_1617_Profile00762_SN00127.csv', '/Users/colemankane_1/Desktop/fraser_23_24_exports/Snow_Scopes/2024-4-5_1617_Profile00763_SN00127.csv', '/Users/colemankane_1/Desktop/fraser_23_24_exports/Snow_Scopes/2024-4-5_174_Profile00764_SN00127.csv', '/Users/colemankane_1/Desktop/fraser_23_24_exports/Snow_Scopes/2024-4-5_175_Profile00766_SN00127.csv', '/Users/colemankane_1/Desktop/fraser_23_24_exports/Snow_Scopes/2024-4-5_176_Profile00768_SN00127.csv', '/Users/colemankane_1/Desktop/fraser_23_24_exports/Snow_Scopes/2024-4-5_176_Profile00769_SN00127.csv', '/Users/colemankane_1/Desktop/fraser_23_24_exports/Snow_Scopes/2024-4-5_177_Profile00772_SN00127.csv', '/Users/colemankane_1/Desktop/fraser_23_24_exports/Snow_Scopes/2024-4-5_1738_Profile00773_SN00127.csv', '/Users/colemankane_1/Desktop/fraser_23_24_exports/Snow_Scopes/2024-4-5_1740_Profile00775_SN00127.csv', '/Users/colemankane_1/Desktop/fraser_23_24_exports/Snow_Scopes/2024-4-5_1740_Profile00777_SN00127.csv', '/Users/colemankane_1/Desktop/fraser_23_24_exports/Snow_Scopes/2024-4-5_1742_Profile00780_SN00127.csv', '/Users/colemankane_1/Desktop/fraser_23_24_exports/Snow_Scopes/2024-4-5_1743_Profile00783_SN00127.csv', '/Users/colemankane_1/Desktop/fraser_23_24_exports/Snow_Scopes/2024-4-5_1851_Profile00787_SN00127.csv', '/Users/colemankane_1/Desktop/fraser_23_24_exports/Snow_Scopes/2024-4-5_1851_Profile00790_SN00127.csv', '/Users/colemankane_1/Desktop/fraser_23_24_exports/Snow_Scopes/2024-4-5_1852_Profile00791_SN00127.csv', '/Users/colemankane_1/Desktop/fraser_23_24_exports/Snow_Scopes/2024-4-5_1853_Profile00793_SN00127.csv', '/Users/colemankane_1/Desktop/fraser_23_24_exports/Snow_Scopes/2024-4-5_1857_Profile00797_SN00127.csv']",,
152,152,AM_20240214,2/14/24 0:00,"['/Users/colemankane_1/Desktop/fraser_23_24_exports/Snow_Scopes/2024-2-14_1716_Profile00149_SN00246.csv', '/Users/colemankane_1/Desktop/fraser_23_24_exports/Snow_Scopes/2024-2-14_1717_Profile00151_SN00246.csv', '/Users/colemankane_1/Desktop/fraser_23_24_exports/Snow_Scopes/2024-2-14_1719_Profile00152_SN00246.csv', '/Users/colemankane_1/Desktop/fraser_23_24_exports/Snow_Scopes/2024-2-14_1720_Profile00154_SN00246.csv', '/Users/colemankane_1/Desktop/fraser_23_24_exports/Snow_Scopes/2024-2-14_1721_Profile00157_SN00246.csv']",,/Users/colemankane_1/Desktop/fraser_23_24_exports/AM_20240214_sram.csv
153,153,FSTA_20240221,2/21/24 0:00,[],,/Users/colemankane_1/Desktop/fraser_23_24_exports/FSTA_20240221_sram.csv
154,154,JPLMet_20240417,4/17/24 0:00,"['/Users/colemankane_1/Desktop/fraser_23_24_exports/Snow_Scopes/2024-4-17_2226_Profile00651_SN00246.csv', '/Users/colemankane_1/Desktop/fraser_23_24_exports/Snow_Scopes/2024-4-17_2227_Profile00654_SN00246.csv']",,/Users/colemankane_1/Desktop/fraser_23_24_exports/JPLMet_20240417_sram.csv
155,155,JPL1_20240213,2/13/24 0:00,[],,/Users/colemankane_1/Desktop/fraser_23_24_exports/JPL1_20240213_sram.csv
156,156,JPL1_20240207,2/7/24 0:00,[],,/Users/colemankane_1/Desktop/fraser_23_24_exports/JPL1_20240207_sram.csv
157,157,JPLMet_20240409,4/9/24 0:00,"['/Users/colemankane_1/Desktop/fraser_23_24_exports/Snow_Scopes/2024-4-9_1549_Profile00613_SN00141.csv', '/Users/colemankane_1/Desktop/fraser_23_24_exports/Snow_Scopes/2024-4-9_1552_Profile00616_SN00141.csv', '/Users/colemankane_1/Desktop/fraser_23_24_exports/Snow_Scopes/2024-4-9_1552_Profile00617_SN00141.csv', '/Users/colemankane_1/Desktop/fraser_23_24_exports/Snow_Scopes/2024-4-9_1556_Profile00618_SN00141.csv', '/Users/colemankane_1/Desktop/fraser_23_24_exports/Snow_Scopes/2024-4-9_1559_Profile00623_SN00141.csv', '/Users/colemankane_1/Desktop/fraser_23_24_exports/Snow_Scopes/2024-4-9_171_Profile00798_SN00127.csv', '/Users/colemankane_1/Desktop/fraser_23_24_exports/Snow_Scopes/2024-4-9_174_Profile00803_SN00127.csv', '/Users/colemankane_1/Desktop/fraser_23_24_exports/Snow_Scopes/2024-4-9_175_Profile00804_SN00127.csv', '/Users/colemankane_1/Desktop/fraser_23_24_exports/Snow_Scopes/2024-4-9_176_Profile00807_SN00127.csv', '/Users/colemankane_1/Desktop/fraser_23_24_exports/Snow_Scopes/2024-4-9_1711_Profile00815_SN00127.csv', '/Users/colemankane_1/Desktop/fraser_23_24_exports/Snow_Scopes/2024-4-9_180_Profile00818_SN00127.csv', '/Users/colemankane_1/Desktop/fraser_23_24_exports/Snow_Scopes/2024-4-9_181_Profile00819_SN00127.csv', '/Users/colemankane_1/Desktop/fraser_23_24_exports/Snow_Scopes/2024-4-9_181_Profile00820_SN00127.csv', '/Users/colemankane_1/Desktop/fraser_23_24_exports/Snow_Scopes/2024-4-9_182_Profile00823_SN00127.csv', '/Users/colemankane_1/Desktop/fraser_23_24_exports/Snow_Scopes/2024-4-9_185_Profile00828_SN00127.csv', '/Users/colemankane_1/Desktop/fraser_23_24_exports/Snow_Scopes/2024-4-9_190_Profile00830_SN00127.csv', '/Users/colemankane_1/Desktop/fraser_23_24_exports/Snow_Scopes/2024-4-9_192_Profile00833_SN00127.csv', '/Users/colemankane_1/Desktop/fraser_23_24_exports/Snow_Scopes/2024-4-9_192_Profile00835_SN00127.csv', '/Users/colemankane_1/Desktop/fraser_23_24_exports/Snow_Scopes/2024-4-9_193_Profile00837_SN00127.csv', '/Users/colemankane_1/Desktop/fraser_23_24_exports/Snow_Scopes/2024-4-9_194_Profile00838_SN00127.csv', '/Users/colemankane_1/Desktop/fraser_23_24_exports/Snow_Scopes/2024-4-9_201_Profile00843_SN00127.csv', '/Users/colemankane_1/Desktop/fraser_23_24_exports/Snow_Scopes/2024-4-9_201_Profile00844_SN00127.csv', '/Users/colemankane_1/Desktop/fraser_23_24_exports/Snow_Scopes/2024-4-9_202_Profile00845_SN00127.csv', '/Users/colemankane_1/Desktop/fraser_23_24_exports/Snow_Scopes/2024-4-9_203_Profile00847_SN00127.csv', '/Users/colemankane_1/Desktop/fraser_23_24_exports/Snow_Scopes/2024-4-9_203_Profile00848_SN00127.csv', '/Users/colemankane_1/Desktop/fraser_23_24_exports/Snow_Scopes/2024-4-9_212_Profile00851_SN00127.csv', '/Users/colemankane_1/Desktop/fraser_23_24_exports/Snow_Scopes/2024-4-9_213_Profile00852_SN00127.csv', '/Users/colemankane_1/Desktop/fraser_23_24_exports/Snow_Scopes/2024-4-9_213_Profile00853_SN00127.csv', '/Users/colemankane_1/Desktop/fraser_23_24_exports/Snow_Scopes/2024-4-9_214_Profile00854_SN00127.csv', '/Users/colemankane_1/Desktop/fraser_23_24_exports/Snow_Scopes/2024-4-9_215_Profile00855_SN00127.csv', '/Users/colemankane_1/Desktop/fraser_23_24_exports/Snow_Scopes/2024-4-9_2158_Profile00857_SN00127.csv', '/Users/colemankane_1/Desktop/fraser_23_24_exports/Snow_Scopes/2024-4-9_2159_Profile00858_SN00127.csv', '/Users/colemankane_1/Desktop/fraser_23_24_exports/Snow_Scopes/2024-4-9_220_Profile00862_SN00127.csv', '/Users/colemankane_1/Desktop/fraser_23_24_exports/Snow_Scopes/2024-4-9_221_Profile00863_SN00127.csv', '/Users/colemankane_1/Desktop/fraser_23_24_exports/Snow_Scopes/2024-4-9_221_Profile00864_SN00127.csv', '/Users/colemankane_1/Desktop/fraser_23_24_exports/Snow_Scopes/2024-4-9_2258_Profile00866_SN00127.csv', '/Users/colemankane_1/Desktop/fraser_23_24_exports/Snow_Scopes/2024-4-9_2259_Profile00868_SN00127.csv', '/Users/colemankane_1/Desktop/fraser_23_24_exports/Snow_Scopes/2024-4-9_231_Profile00869_SN00127.csv', '/Users/colemankane_1/Desktop/fraser_23_24_exports/Snow_Scopes/2024-4-9_231_Profile00870_SN00127.csv', '/Users/colemankane_1/Desktop/fraser_23_24_exports/Snow_Scopes/2024-4-9_232_Profile00873_SN00127.csv', '/Users/colemankane_1/Desktop/fraser_23_24_exports/Snow_Scopes/2024-4-9_2353_Profile00874_SN00127.csv', '/Users/colemankane_1/Desktop/fraser_23_24_exports/Snow_Scopes/2024-4-9_2354_Profile00875_SN00127.csv', '/Users/colemankane_1/Desktop/fraser_23_24_exports/Snow_Scopes/2024-4-9_2355_Profile00877_SN00127.csv', '/Users/colemankane_1/Desktop/fraser_23_24_exports/Snow_Scopes/2024-4-9_2356_Profile00878_SN00127.csv', '/Users/colemankane_1/Desktop/fraser_23_24_exports/Snow_Scopes/2024-4-9_2356_Profile00879_SN00127.csv', '/Users/colemankane_1/Desktop/fraser_23_24_exports/Snow_Scopes/2024-4-10_057_Profile00880_SN00127.csv', '/Users/colemankane_1/Desktop/fraser_23_24_exports/Snow_Scopes/2024-4-10_058_Profile00881_SN00127.csv', '/Users/colemankane_1/Desktop/fraser_23_24_exports/Snow_Scopes/2024-4-10_059_Profile00882_SN00127.csv', '/Users/colemankane_1/Desktop/fraser_23_24_exports/Snow_Scopes/2024-4-10_10_Profile00884_SN00127.csv', '/Users/colemankane_1/Desktop/fraser_23_24_exports/Snow_Scopes/2024-4-10_11_Profile00888_SN00127.csv', '/Users/colemankane_1/Desktop/fraser_23_24_exports/Snow_Scopes/2024-4-10_1415_Profile00002_SN00259.csv', '/Users/colemankane_1/Desktop/fraser_23_24_exports/Snow_Scopes/2024-4-10_1416_Profile00003_SN00259.csv', '/Users/colemankane_1/Desktop/fraser_23_24_exports/Snow_Scopes/2024-4-10_1417_Profile00004_SN00259.csv', '/Users/colemankane_1/Desktop/fraser_23_24_exports/Snow_Scopes/2024-4-10_1417_Profile00005_SN00259.csv', '/Users/colemankane_1/Desktop/fraser_23_24_exports/Snow_Scopes/2024-4-10_1418_Profile00006_SN00259.csv', '/Users/colemankane_1/Desktop/fraser_23_24_exports/Snow_Scopes/2024-4-10_1513_Profile00008_SN00259.csv', '/Users/colemankane_1/Desktop/fraser_23_24_exports/Snow_Scopes/2024-4-10_1514_Profile00009_SN00259.csv', '/Users/colemankane_1/Desktop/fraser_23_24_exports/Snow_Scopes/2024-4-10_1515_Profile00010_SN00259.csv', '/Users/colemankane_1/Desktop/fraser_23_24_exports/Snow_Scopes/2024-4-10_1516_Profile00012_SN00259.csv', '/Users/colemankane_1/Desktop/fraser_23_24_exports/Snow_Scopes/2024-4-10_1516_Profile00013_SN00259.csv', '/Users/colemankane_1/Desktop/fraser_23_24_exports/Snow_Scopes/2024-4-10_1611_Profile00014_SN00259.csv', '/Users/colemankane_1/Desktop/fraser_23_24_exports/Snow_Scopes/2024-4-10_1612_Profile00016_SN00259.csv', '/Users/colemankane_1/Desktop/fraser_23_24_exports/Snow_Scopes/2024-4-10_1613_Profile00018_SN00259.csv', '/Users/colemankane_1/Desktop/fraser_23_24_exports/Snow_Scopes/2024-4-10_1613_Profile00019_SN00259.csv', '/Users/colemankane_1/Desktop/fraser_23_24_exports/Snow_Scopes/2024-4-10_1614_Profile00020_SN00259.csv', '/Users/colemankane_1/Desktop/fraser_23_24_exports/Snow_Scopes/2024-4-10_1718_Profile00022_SN00259.csv', '/Users/colemankane_1/Desktop/fraser_23_24_exports/Snow_Scopes/2024-4-10_1719_Profile00024_SN00259.csv', '/Users/colemankane_1/Desktop/fraser_23_24_exports/Snow_Scopes/2024-4-10_1720_Profile00025_SN00259.csv', '/Users/colemankane_1/Desktop/fraser_23_24_exports/Snow_Scopes/2024-4-10_1721_Profile00026_SN00259.csv', '/Users/colemankane_1/Desktop/fraser_23_24_exports/Snow_Scopes/2024-4-10_1721_Profile00027_SN00259.csv']",,
158,158,JPLMet_20240123,1/23/24 0:00,[],,/Users/colemankane_1/Desktop/fraser_23_24_exports/JPLMet_20240123_sram.csv
159,159,AM_20240119,1/19/24 0:00,[],,/Users/colemankane_1/Desktop/fraser_23_24_exports/AM_20240119_sram.csv
160,160,LFMet_20240119,1/19/24 0:00,[],,/Users/colemankane_1/Desktop/fraser_23_24_exports/LFMet_20240119_sram.csv
161,161,JPL1_20231227,12/27/23 0:00,[],,/Users/colemankane_1/Desktop/fraser_23_24_exports/JPL1_20231227_sram.csv
162,162,LFMet_20231220,12/20/23 0:00,"['/Users/colemankane_1/Desktop/fraser_23_24_exports/Snow_Scopes/2023-12-20_2313_Profile00341_SN01117.csv', '/Users/colemankane_1/Desktop/fraser_23_24_exports/Snow_Scopes/2023-12-20_2313_Profile00342_SN01117.csv', '/Users/colemankane_1/Desktop/fraser_23_24_exports/Snow_Scopes/2023-12-20_2313_Profile00343_SN01117.csv', '/Users/colemankane_1/Desktop/fraser_23_24_exports/Snow_Scopes/2023-12-20_2315_Profile00346_SN01117.csv', '/Users/colemankane_1/Desktop/fraser_23_24_exports/Snow_Scopes/2023-12-20_2315_Profile00347_SN01117.csv', '/Users/colemankane_1/Desktop/fraser_23_24_exports/Snow_Scopes/2023-12-20_2315_Profile00348_SN01117.csv', '/Users/colemankane_1/Desktop/fraser_23_24_exports/Snow_Scopes/2023-12-20_2315_Profile00349_SN01117.csv', '/Users/colemankane_1/Desktop/fraser_23_24_exports/Snow_Scopes/2023-12-20_2316_Profile00353_SN01117.csv', '/Users/colemankane_1/Desktop/fraser_23_24_exports/Snow_Scopes/2023-12-20_2316_Profile00354_SN01117.csv', '/Users/colemankane_1/Desktop/fraser_23_24_exports/Snow_Scopes/2023-12-20_2317_Profile00355_SN01117.csv', '/Users/colemankane_1/Desktop/fraser_23_24_exports/Snow_Scopes/2023-12-20_2317_Profile00356_SN01117.csv', '/Users/colemankane_1/Desktop/fraser_23_24_exports/Snow_Scopes/2023-12-20_2317_Profile00357_SN01117.csv', '/Users/colemankane_1/Desktop/fraser_23_24_exports/Snow_Scopes/2023-12-20_2317_Profile00358_SN01117.csv', '/Users/colemankane_1/Desktop/fraser_23_24_exports/Snow_Scopes/2023-12-20_2317_Profile00359_SN01117.csv', '/Users/colemankane_1/Desktop/fraser_23_24_exports/Snow_Scopes/2023-12-20_2318_Profile00362_SN01117.csv', '/Users/colemankane_1/Desktop/fraser_23_24_exports/Snow_Scopes/2023-12-20_2318_Profile00363_SN01117.csv']",,/Users/colemankane_1/Desktop/fraser_23_24_exports/LFMet_20231220_sram.csv
163,163,FSTA_20231220,12/20/23 0:00,"['/Users/colemankane_1/Desktop/fraser_23_24_exports/Snow_Scopes/2023-12-20_2130_Profile00338_SN01117.csv', '/Users/colemankane_1/Desktop/fraser_23_24_exports/Snow_Scopes/2023-12-20_2131_Profile00339_SN01117.csv', '/Users/colemankane_1/Desktop/fraser_23_24_exports/Snow_Scopes/2023-12-20_2131_Profile00340_SN01117.csv']",,/Users/colemankane_1/Desktop/fraser_23_24_exports/FSTA_20231220_sram.csv
164,164,JPLMet_20231227,12/27/23 0:00,"['/Users/colemankane_1/Desktop/fraser_23_24_exports/Snow_Scopes/2023-12-27_2046_Profile00016_SN00246.csv', '/Users/colemankane_1/Desktop/fraser_23_24_exports/Snow_Scopes/2023-12-27_2046_Profile00018_SN00246.csv']",,/Users/colemankane_1/Desktop/fraser_23_24_exports/JPLMet_20231227_sram.csv
165,165,FSTA_20231228,12/28/23 0:00,"['/Users/colemankane_1/Desktop/fraser_23_24_exports/Snow_Scopes/2023-12-28_1825_Profile00025_SN00246.csv', '/Users/colemankane_1/Desktop/fraser_23_24_exports/Snow_Scopes/2023-12-28_1825_Profile00026_SN00246.csv', '/Users/colemankane_1/Desktop/fraser_23_24_exports/Snow_Scopes/2023-12-28_1825_Profile00027_SN00246.csv']",,/Users/colemankane_1/Desktop/fraser_23_24_exports/FSTA_20231228_sram.csv
166,166,FSTA_20240319,3/19/24 0:00,"['/Users/colemankane_1/Desktop/fraser_23_24_exports/Snow_Scopes/2024-3-19_1827_Profile00463_SN00246.csv', '/Users/colemankane_1/Desktop/fraser_23_24_exports/Snow_Scopes/2024-3-19_1828_Profile00464_SN00246.csv', '/Users/colemankane_1/Desktop/fraser_23_24_exports/Snow_Scopes/2024-3-19_1829_Profile00465_SN00246.csv']",,/Users/colemankane_1/Desktop/fraser_23_24_exports/FSTA_20240319_sram.csv
167,167,LFMet_20231228,12/28/23 0:00,['/Users/colemankane_1/Desktop/fraser_23_24_exports/Snow_Scopes/2023-12-28_1959_Profile00030_SN00246.csv'],,/Users/colemankane_1/Desktop/fraser_23_24_exports/LFMet_20231228_sram.csv
168,168,LFMet_20240124,1/24/24 0:00,"['/Users/colemankane_1/Desktop/fraser_23_24_exports/Snow_Scopes/2024-1-24_2126_Profile00099_SN00246.csv', '/Users/colemankane_1/Desktop/fraser_23_24_exports/Snow_Scopes/2024-1-24_2126_Profile00100_SN00246.csv', '/Users/colemankane_1/Desktop/fraser_23_24_exports/Snow_Scopes/2024-1-24_2126_Profile00101_SN00246.csv', '/Users/colemankane_1/Desktop/fraser_23_24_exports/Snow_Scopes/2024-1-24_2126_Profile00102_SN00246.csv']",,/Users/colemankane_1/Desktop/fraser_23_24_exports/LFMet_20240124_sram.csv
169,169,JPL1_20240123,1/23/24 0:00,[],,/Users/colemankane_1/Desktop/fraser_23_24_exports/JPL1_20240123_sram.csv
170,170,FSTA_20240124,1/24/24 0:00,[],,/Users/colemankane_1/Desktop/fraser_23_24_exports/FSTA_20240124_sram.csv
171,171,LFMet_20240417,4/17/24 0:00,[],,/Users/colemankane_1/Desktop/fraser_23_24_exports/LFMet_20240417_sram.csv
172,172,LFMet_20240208,2/8/24 0:00,['/Users/colemankane_1/Desktop/fraser_23_24_exports/Snow_Scopes/2024-2-8_2230_Profile00419_SN01117.csv'],,/Users/colemankane_1/Desktop/fraser_23_24_exports/LFMet_20240208_sram.csv
173,173,AM_20240404,4/4/24 0:00,['/Users/colemankane_1/Desktop/fraser_23_24_exports/Snow_Scopes/2024-4-4_1928_Profile00533_SN00141.csv'],,/Users/colemankane_1/Desktop/fraser_23_24_exports/AM_20240404_sram.csv
174,174,FSTA_20240404,4/4/24 0:00,[],,/Users/colemankane_1/Desktop/fraser_23_24_exports/FSTA_20240404_sram.csv
175,175,FSTA_20240208,2/8/24 0:00,"['/Users/colemankane_1/Desktop/fraser_23_24_exports/Snow_Scopes/2024-2-8_1913_Profile00411_SN01117.csv', '/Users/colemankane_1/Desktop/fraser_23_24_exports/Snow_Scopes/2024-2-8_1914_Profile00412_SN01117.csv', '/Users/colemankane_1/Desktop/fraser_23_24_exports/Snow_Scopes/2024-2-8_1914_Profile00413_SN01117.csv']",,/Users/colemankane_1/Desktop/fraser_23_24_exports/FSTA_20240208_sram.csv
176,176,JPLMet_20240207,2/7/24 0:00,[],,/Users/colemankane_1/Desktop/fraser_23_24_exports/JPLMet_20240207_sram.csv
177,177,WSL_20240515,5/15/24 0:00,[],,/Users/colemankane_1/Desktop/fraser_23_24_exports/WSL_20240515_sram.csv
178,178,JPLMet_20240213,2/13/24 0:00,[],,/Users/colemankane_1/Desktop/fraser_23_24_exports/JPLMet_20240213_sram.csv
179,179,AM_20240229,2/29/24 0:00,['/Users/colemankane_1/Desktop/fraser_23_24_exports/Snow_Scopes/2024-2-29_1911_Profile00277_SN00246.csv'],,/Users/colemankane_1/Desktop/fraser_23_24_exports/AM_20240229_sram.csv
180,180,JPL1_20240103,1/3/24 0:00,[],,/Users/colemankane_1/Desktop/fraser_23_24_exports/JPL1_20240103_sram.csv
181,181,JPL1_20240117,1/17/24 0:00,['/Users/colemankane_1/Desktop/fraser_23_24_exports/Snow_Scopes/2024-1-17_2212_Profile00064_SN00246.csv'],,/Users/colemankane_1/Desktop/fraser_23_24_exports/JPL1_20240117_sram.csv
182,182,JPLMet_20240305,3/5/24 0:00,[],,/Users/colemankane_1/Desktop/fraser_23_24_exports/JPLMet_20240305_sram.csv
183,183,LFMet_20240104,1/4/24 0:00,[],,/Users/colemankane_1/Desktop/fraser_23_24_exports/LFMet_20240104_sram.csv
184,184,FSTA_20240307,3/7/24 0:00,"['/Users/colemankane_1/Desktop/fraser_23_24_exports/Snow_Scopes/2024-2-21_1855_Profile00416_SN00234.csv', '/Users/colemankane_1/Desktop/fraser_23_24_exports/Snow_Scopes/2024-2-21_1855_Profile00417_SN00234.csv', '/Users/colemankane_1/Desktop/fraser_23_24_exports/Snow_Scopes/2024-2-21_1856_Profile00418_SN00234.csv']",,/Users/colemankane_1/Desktop/fraser_23_24_exports/FSTA_20240307_sram.csv
185,185,DHCLPX_20240215,2/15/24 0:00,[],,/Users/colemankane_1/Desktop/fraser_23_24_exports/DHCLPX_20240215_sram.csv
186,186,FSTA_20240104,1/4/24 0:00,[],,/Users/colemankane_1/Desktop/fraser_23_24_exports/FSTA_20240104_sram.csv
187,187,JPLMet_20240220,2/20/24 0:00,[],,/Users/colemankane_1/Desktop/fraser_23_24_exports/JPLMet_20240220_sram.csv
188,188,DHMet_20241121,11/21/24 0:00,,,/Users/colemankane_1/Library/CloudStorage/GoogleDrive-ColemanKane@boisestate.edu/Shared drives/2024-2025 CRREL Snow Strength/Data/Scrubbed pit_strength_transect data/crrel_exports/DHMet_20241121_sram.csv
189,189,JPLMet_20250407_TS_1526,4/7/25 0:00,,"['/Users/colemankane_1/Library/CloudStorage/GoogleDrive-ColemanKane@boisestate.edu/Shared drives/2024-2025 CRREL Snow Strength/Data/Scrubbed pit_strength_transect data/crrel_exports/smp_profiles_exports/S19M0757.PNT_samples.csv', '/Users/colemankane_1/Library/CloudStorage/GoogleDrive-ColemanKane@boisestate.edu/Shared drives/2024-2025 CRREL Snow Strength/Data/Scrubbed pit_strength_transect data/crrel_exports/smp_profiles_exports/S19M0758.PNT_samples.csv', '/Users/colemankane_1/Library/CloudStorage/GoogleDrive-ColemanKane@boisestate.edu/Shared drives/2024-2025 CRREL Snow Strength/Data/Scrubbed pit_strength_transect data/crrel_exports/smp_profiles_exports/S19M0760.PNT_samples.csv', '/Users/colemankane_1/Library/CloudStorage/GoogleDrive-ColemanKane@boisestate.edu/Shared drives/2024-2025 CRREL Snow Strength/Data/Scrubbed pit_strength_transect data/crrel_exports/smp_profiles_exports/S19M0761.PNT_samples.csv', '/Users/colemankane_1/Library/CloudStorage/GoogleDrive-ColemanKane@boisestate.edu/Shared drives/2024-2025 CRREL Snow Strength/Data/Scrubbed pit_strength_transect data/crrel_exports/smp_profiles_exports/S19M0762.PNT_samples.csv']",/Users/colemankane_1/Library/CloudStorage/GoogleDrive-ColemanKane@boisestate.edu/Shared drives/2024-2025 CRREL Snow Strength/Data/Scrubbed pit_strength_transect data/crrel_exports/JPLMet_20250407_TS_1526_sram.csv
190,190,CCO_20250210,2/10/25 0:00,,,/Users/colemankane_1/Library/CloudStorage/GoogleDrive-ColemanKane@boisestate.edu/Shared drives/2024-2025 CRREL Snow Strength/Data/Scrubbed pit_strength_transect data/crrel_exports/CCO_20250210_sram.csv
191,191,JPLMet_20250408_TS_0725,4/8/25 0:00,,,/Users/colemankane_1/Library/CloudStorage/GoogleDrive-ColemanKane@boisestate.edu/Shared drives/2024-2025 CRREL Snow Strength/Data/Scrubbed pit_strength_transect data/crrel_exports/JPLMet_20250408_TS_0725_sram.csv
192,192,TPO_20240311,3/11/24 0:00,,,/Users/colemankane_1/Desktop/fraser_23_24_exports/TPO_20240311_sram.csv
193,193,JPLMet_20250408_TS_0528,4/8/25 0:00,,"['/Users/colemankane_1/Library/CloudStorage/GoogleDrive-ColemanKane@boisestate.edu/Shared drives/2024-2025 CRREL Snow Strength/Data/Scrubbed pit_strength_transect data/crrel_exports/smp_profiles_exports/S19M0810.PNT_samples.csv', '/Users/colemankane_1/Library/CloudStorage/GoogleDrive-ColemanKane@boisestate.edu/Shared drives/2024-2025 CRREL Snow Strength/Data/Scrubbed pit_strength_transect data/crrel_exports/smp_profiles_exports/S19M0811.PNT_samples.csv', '/Users/colemankane_1/Library/CloudStorage/GoogleDrive-ColemanKane@boisestate.edu/Shared drives/2024-2025 CRREL Snow Strength/Data/Scrubbed pit_strength_transect data/crrel_exports/smp_profiles_exports/S19M0812.PNT_samples.csv', '/Users/colemankane_1/Library/CloudStorage/GoogleDrive-ColemanKane@boisestate.edu/Shared drives/2024-2025 CRREL Snow Strength/Data/Scrubbed pit_strength_transect data/crrel_exports/smp_profiles_exports/S19M0813.PNT_samples.csv', '/Users/colemankane_1/Library/CloudStorage/GoogleDrive-ColemanKane@boisestate.edu/Shared drives/2024-2025 CRREL Snow Strength/Data/Scrubbed pit_strength_transect data/crrel_exports/smp_profiles_exports/S19M0814.PNT_samples.csv']",/Users/colemankane_1/Library/CloudStorage/GoogleDrive-ColemanKane@boisestate.edu/Shared drives/2024-2025 CRREL Snow Strength/Data/Scrubbed pit_strength_transect data/crrel_exports/JPLMet_20250408_TS_0528_sram.csv
194,194,FCO_20250224,2/24/25 0:00,,,/Users/colemankane_1/Library/CloudStorage/GoogleDrive-ColemanKane@boisestate.edu/Shared drives/2024-2025 CRREL Snow Strength/Data/Scrubbed pit_strength_transect data/crrel_exports/FCO_20250224_sram.csv
195,195,JPLMet_20250408_TS_0334,4/8/25 0:00,,"['/Users/colemankane_1/Library/CloudStorage/GoogleDrive-ColemanKane@boisestate.edu/Shared drives/2024-2025 CRREL Snow Strength/Data/Scrubbed pit_strength_transect data/crrel_exports/smp_profiles_exports/S19M0807.PNT_samples.csv', '/Users/colemankane_1/Library/CloudStorage/GoogleDrive-ColemanKane@boisestate.edu/Shared drives/2024-2025 CRREL Snow Strength/Data/Scrubbed pit_strength_transect data/crrel_exports/smp_profiles_exports/S19M0808.PNT_samples.csv', '/Users/colemankane_1/Library/CloudStorage/GoogleDrive-ColemanKane@boisestate.edu/Shared drives/2024-2025 CRREL Snow Strength/Data/Scrubbed pit_strength_transect data/crrel_exports/smp_profiles_exports/S19M0809.PNT_samples.csv']",/Users/colemankane_1/Library/CloudStorage/GoogleDrive-ColemanKane@boisestate.edu/Shared drives/2024-2025 CRREL Snow Strength/Data/Scrubbed pit_strength_transect data/crrel_exports/JPLMet_20250408_TS_0334_sram.csv
196,196,TPO_20250506,5/6/25 0:00,,,/Users/colemankane_1/Library/CloudStorage/GoogleDrive-ColemanKane@boisestate.edu/Shared drives/2024-2025 CRREL Snow Strength/Data/Scrubbed pit_strength_transect data/crrel_exports/TPO_20250506_sram.csv
197,197,JPLMet_20250407_TS_1130,4/7/25 0:00,,,/Users/colemankane_1/Library/CloudStorage/GoogleDrive-ColemanKane@boisestate.edu/Shared drives/2024-2025 CRREL Snow Strength/Data/Scrubbed pit_strength_transect data/crrel_exports/JPLMet_20250407_TS_1130_sram.csv
198,198,CLPX_FFSP04_20250123,1/23/25 0:00,,,/Users/colemankane_1/Library/CloudStorage/GoogleDrive-ColemanKane@boisestate.edu/Shared drives/2024-2025 CRREL Snow Strength/Data/Scrubbed pit_strength_transect data/crrel_exports/CLPX_FFSP04_20250123_sram.csv
199,199,JPLMet_20250407_TS_1930,4/7/25 0:00,,"['/Users/colemankane_1/Library/CloudStorage/GoogleDrive-ColemanKane@boisestate.edu/Shared drives/2024-2025 CRREL Snow Strength/Data/Scrubbed pit_strength_transect data/crrel_exports/smp_profiles_exports/S19M0780.PNT_samples.csv', '/Users/colemankane_1/Library/CloudStorage/GoogleDrive-ColemanKane@boisestate.edu/Shared drives/2024-2025 CRREL Snow Strength/Data/Scrubbed pit_strength_transect data/crrel_exports/smp_profiles_exports/S19M0781.PNT_samples.csv', '/Users/colemankane_1/Library/CloudStorage/GoogleDrive-ColemanKane@boisestate.edu/Shared drives/2024-2025 CRREL Snow Strength/Data/Scrubbed pit_strength_transect data/crrel_exports/smp_profiles_exports/S19M0782.PNT_samples.csv', '/Users/colemankane_1/Library/CloudStorage/GoogleDrive-ColemanKane@boisestate.edu/Shared drives/2024-2025 CRREL Snow Strength/Data/Scrubbed pit_strength_transect data/crrel_exports/smp_profiles_exports/S19M0783.PNT_samples.csv', '/Users/colemankane_1/Library/CloudStorage/GoogleDrive-ColemanKane@boisestate.edu/Shared drives/2024-2025 CRREL Snow Strength/Data/Scrubbed pit_strength_transect data/crrel_exports/smp_profiles_exports/S19M0784.PNT_samples.csv']",/Users/colemankane_1/Library/CloudStorage/GoogleDrive-ColemanKane@boisestate.edu/Shared drives/2024-2025 CRREL Snow Strength/Data/Scrubbed pit_strength_transect data/crrel_exports/JPLMet_20250407_TS_1930_sram.csv
200,200,JPLMet_20250407_TS_2330,4/7/25 0:00,,,/Users/colemankane_1/Library/CloudStorage/GoogleDrive-ColemanKane@boisestate.edu/Shared drives/2024-2025 CRREL Snow Strength/Data/Scrubbed pit_strength_transect data/crrel_exports/JPLMet_20250407_TS_2330_sram.csv
201,201,JPLMet_20250407_TS_1832,4/7/25 0:00,,"['/Users/colemankane_1/Library/CloudStorage/GoogleDrive-ColemanKane@boisestate.edu/Shared drives/2024-2025 CRREL Snow Strength/Data/Scrubbed pit_strength_transect data/crrel_exports/smp_profiles_exports/S19M0774.PNT_samples.csv', '/Users/colemankane_1/Library/CloudStorage/GoogleDrive-ColemanKane@boisestate.edu/Shared drives/2024-2025 CRREL Snow Strength/Data/Scrubbed pit_strength_transect data/crrel_exports/smp_profiles_exports/S19M0775.PNT_samples.csv', '/Users/colemankane_1/Library/CloudStorage/GoogleDrive-ColemanKane@boisestate.edu/Shared drives/2024-2025 CRREL Snow Strength/Data/Scrubbed pit_strength_transect data/crrel_exports/smp_profiles_exports/S19M0777.PNT_samples.csv', '/Users/colemankane_1/Library/CloudStorage/GoogleDrive-ColemanKane@boisestate.edu/Shared drives/2024-2025 CRREL Snow Strength/Data/Scrubbed pit_strength_transect data/crrel_exports/smp_profiles_exports/S19M0778.PNT_samples.csv', '/Users/colemankane_1/Library/CloudStorage/GoogleDrive-ColemanKane@boisestate.edu/Shared drives/2024-2025 CRREL Snow Strength/Data/Scrubbed pit_strength_transect data/crrel_exports/smp_profiles_exports/S19M0779.PNT_samples.csv']",/Users/colemankane_1/Library/CloudStorage/GoogleDrive-ColemanKane@boisestate.edu/Shared drives/2024-2025 CRREL Snow Strength/Data/Scrubbed pit_strength_transect data/crrel_exports/JPLMet_20250407_TS_1832_sram.csv
202,202,CLPX_FFSP01_20250123,1/23/25 0:00,,,/Users/colemankane_1/Library/CloudStorage/GoogleDrive-ColemanKane@boisestate.edu/Shared drives/2024-2025 CRREL Snow Strength/Data/Scrubbed pit_strength_transect data/crrel_exports/CLPX_FFSP01_20250123_sram.csv
203,203,JPLMet_20250407_TS_1157,4/7/25 0:00,,,/Users/colemankane_1/Library/CloudStorage/GoogleDrive-ColemanKane@boisestate.edu/Shared drives/2024-2025 CRREL Snow Strength/Data/Scrubbed pit_strength_transect data/crrel_exports/JPLMet_20250407_TS_1157_sram.csv
204,204,JPLMet_20250408_TS_0134,4/8/25 0:00,,"['/Users/colemankane_1/Library/CloudStorage/GoogleDrive-ColemanKane@boisestate.edu/Shared drives/2024-2025 CRREL Snow Strength/Data/Scrubbed pit_strength_transect data/crrel_exports/smp_profiles_exports/S19M0802.PNT_samples.csv', '/Users/colemankane_1/Library/CloudStorage/GoogleDrive-ColemanKane@boisestate.edu/Shared drives/2024-2025 CRREL Snow Strength/Data/Scrubbed pit_strength_transect data/crrel_exports/smp_profiles_exports/S19M0803.PNT_samples.csv', '/Users/colemankane_1/Library/CloudStorage/GoogleDrive-ColemanKane@boisestate.edu/Shared drives/2024-2025 CRREL Snow Strength/Data/Scrubbed pit_strength_transect data/crrel_exports/smp_profiles_exports/S19M0804.PNT_samples.csv', '/Users/colemankane_1/Library/CloudStorage/GoogleDrive-ColemanKane@boisestate.edu/Shared drives/2024-2025 CRREL Snow Strength/Data/Scrubbed pit_strength_transect data/crrel_exports/smp_profiles_exports/S19M0807.PNT_samples.csv', '/Users/colemankane_1/Library/CloudStorage/GoogleDrive-ColemanKane@boisestate.edu/Shared drives/2024-2025 CRREL Snow Strength/Data/Scrubbed pit_strength_transect data/crrel_exports/smp_profiles_exports/S19M0808.PNT_samples.csv', '/Users/colemankane_1/Library/CloudStorage/GoogleDrive-ColemanKane@boisestate.edu/Shared drives/2024-2025 CRREL Snow Strength/Data/Scrubbed pit_strength_transect data/crrel_exports/smp_profiles_exports/S19M0809.PNT_samples.csv']",/Users/colemankane_1/Library/CloudStorage/GoogleDrive-ColemanKane@boisestate.edu/Shared drives/2024-2025 CRREL Snow Strength/Data/Scrubbed pit_strength_transect data/crrel_exports/JPLMet_20250408_TS_0134_sram.csv
205,205,JPLMet_20250407_TS_1440,4/7/25 0:00,,"['/Users/colemankane_1/Library/CloudStorage/GoogleDrive-ColemanKane@boisestate.edu/Shared drives/2024-2025 CRREL Snow Strength/Data/Scrubbed pit_strength_transect data/crrel_exports/smp_profiles_exports/S19M0752.PNT_samples.csv', '/Users/colemankane_1/Library/CloudStorage/GoogleDrive-ColemanKane@boisestate.edu/Shared drives/2024-2025 CRREL Snow Strength/Data/Scrubbed pit_strength_transect data/crrel_exports/smp_profiles_exports/S19M0753.PNT_samples.csv', '/Users/colemankane_1/Library/CloudStorage/GoogleDrive-ColemanKane@boisestate.edu/Shared drives/2024-2025 CRREL Snow Strength/Data/Scrubbed pit_strength_transect data/crrel_exports/smp_profiles_exports/S19M0754.PNT_samples.csv', '/Users/colemankane_1/Library/CloudStorage/GoogleDrive-ColemanKane@boisestate.edu/Shared drives/2024-2025 CRREL Snow Strength/Data/Scrubbed pit_strength_transect data/crrel_exports/smp_profiles_exports/S19M0755.PNT_samples.csv', '/Users/colemankane_1/Library/CloudStorage/GoogleDrive-ColemanKane@boisestate.edu/Shared drives/2024-2025 CRREL Snow Strength/Data/Scrubbed pit_strength_transect data/crrel_exports/smp_profiles_exports/S19M0756.PNT_samples.csv']",/Users/colemankane_1/Library/CloudStorage/GoogleDrive-ColemanKane@boisestate.edu/Shared drives/2024-2025 CRREL Snow Strength/Data/Scrubbed pit_strength_transect data/crrel_exports/JPLMet_20250407_TS_1440_sram.csv
206,206,JPLMet_20250407_TS_1245,4/7/25 0:00,,"['/Users/colemankane_1/Library/CloudStorage/GoogleDrive-ColemanKane@boisestate.edu/Shared drives/2024-2025 CRREL Snow Strength/Data/Scrubbed pit_strength_transect data/crrel_exports/smp_profiles_exports/S19M0741.PNT_samples.csv', '/Users/colemankane_1/Library/CloudStorage/GoogleDrive-ColemanKane@boisestate.edu/Shared drives/2024-2025 CRREL Snow Strength/Data/Scrubbed pit_strength_transect data/crrel_exports/smp_profiles_exports/S19M0742.PNT_samples.csv', '/Users/colemankane_1/Library/CloudStorage/GoogleDrive-ColemanKane@boisestate.edu/Shared drives/2024-2025 CRREL Snow Strength/Data/Scrubbed pit_strength_transect data/crrel_exports/smp_profiles_exports/S19M0743.PNT_samples.csv', '/Users/colemankane_1/Library/CloudStorage/GoogleDrive-ColemanKane@boisestate.edu/Shared drives/2024-2025 CRREL Snow Strength/Data/Scrubbed pit_strength_transect data/crrel_exports/smp_profiles_exports/S19M0744.PNT_samples.csv', '/Users/colemankane_1/Library/CloudStorage/GoogleDrive-ColemanKane@boisestate.edu/Shared drives/2024-2025 CRREL Snow Strength/Data/Scrubbed pit_strength_transect data/crrel_exports/smp_profiles_exports/S19M0745.PNT_samples.csv']",/Users/colemankane_1/Library/CloudStorage/GoogleDrive-ColemanKane@boisestate.edu/Shared drives/2024-2025 CRREL Snow Strength/Data/Scrubbed pit_strength_transect data/crrel_exports/JPLMet_20250407_TS_1245_sram.csv
207,207,JPLMet_20250404,4/4/25 0:00,,,/Users/colemankane_1/Library/CloudStorage/GoogleDrive-ColemanKane@boisestate.edu/Shared drives/2024-2025 CRREL Snow Strength/Data/Scrubbed pit_strength_transect data/crrel_exports/JPLMet_20250404_sram.csv
208,208,JPLMet_20250407_TS_2032,4/7/25 0:00,,"['/Users/colemankane_1/Library/CloudStorage/GoogleDrive-ColemanKane@boisestate.edu/Shared drives/2024-2025 CRREL Snow Strength/Data/Scrubbed pit_strength_transect data/crrel_exports/smp_profiles_exports/S19M0785.PNT_samples.csv', '/Users/colemankane_1/Library/CloudStorage/GoogleDrive-ColemanKane@boisestate.edu/Shared drives/2024-2025 CRREL Snow Strength/Data/Scrubbed pit_strength_transect data/crrel_exports/smp_profiles_exports/S19M0787.PNT_samples.csv', '/Users/colemankane_1/Library/CloudStorage/GoogleDrive-ColemanKane@boisestate.edu/Shared drives/2024-2025 CRREL Snow Strength/Data/Scrubbed pit_strength_transect data/crrel_exports/smp_profiles_exports/S19M0788.PNT_samples.csv', '/Users/colemankane_1/Library/CloudStorage/GoogleDrive-ColemanKane@boisestate.edu/Shared drives/2024-2025 CRREL Snow Strength/Data/Scrubbed pit_strength_transect data/crrel_exports/smp_profiles_exports/S19M0789.PNT_samples.csv']",/Users/colemankane_1/Library/CloudStorage/GoogleDrive-ColemanKane@boisestate.edu/Shared drives/2024-2025 CRREL Snow Strength/Data/Scrubbed pit_strength_transect data/crrel_exports/JPLMet_20250407_TS_2032_sram.csv
209,209,JPLMet_20250407_TS_1745,4/7/25 0:00,,"['/Users/colemankane_1/Library/CloudStorage/GoogleDrive-ColemanKane@boisestate.edu/Shared drives/2024-2025 CRREL Snow Strength/Data/Scrubbed pit_strength_transect data/crrel_exports/smp_profiles_exports/S19M0769.PNT_samples.csv', '/Users/colemankane_1/Library/CloudStorage/GoogleDrive-ColemanKane@boisestate.edu/Shared drives/2024-2025 CRREL Snow Strength/Data/Scrubbed pit_strength_transect data/crrel_exports/smp_profiles_exports/S19M0770.PNT_samples.csv', '/Users/colemankane_1/Library/CloudStorage/GoogleDrive-ColemanKane@boisestate.edu/Shared drives/2024-2025 CRREL Snow Strength/Data/Scrubbed pit_strength_transect data/crrel_exports/smp_profiles_exports/S19M0771.PNT_samples.csv', '/Users/colemankane_1/Library/CloudStorage/GoogleDrive-ColemanKane@boisestate.edu/Shared drives/2024-2025 CRREL Snow Strength/Data/Scrubbed pit_strength_transect data/crrel_exports/smp_profiles_exports/S19M0772.PNT_samples.csv', '/Users/colemankane_1/Library/CloudStorage/GoogleDrive-ColemanKane@boisestate.edu/Shared drives/2024-2025 CRREL Snow Strength/Data/Scrubbed pit_strength_transect data/crrel_exports/smp_profiles_exports/S19M0773.PNT_samples.csv']",/Users/colemankane_1/Library/CloudStorage/GoogleDrive-ColemanKane@boisestate.edu/Shared drives/2024-2025 CRREL Snow Strength/Data/Scrubbed pit_strength_transect data/crrel_exports/JPLMet_20250407_TS_1745_sram.csv
210,210,JPLMet_20250407_TS_2131,4/7/25 0:00,,,/Users/colemankane_1/Library/CloudStorage/GoogleDrive-ColemanKane@boisestate.edu/Shared drives/2024-2025 CRREL Snow Strength/Data/Scrubbed pit_strength_transect data/crrel_exports/JPLMet_20250407_TS_2131_sram.csv
211,211,JPLMet_20240410_TS_1105,4/10/24 0:00,,,/Users/colemankane_1/Desktop/fraser_23_24_exports/JPLMet_20240410_TS_1105_sram.csv
212,212,JPLMet_20240405_TS_1330,4/5/24 0:00,,,/Users/colemankane_1/Desktop/fraser_23_24_exports/JPLMet_20240405_TS_1330_sram.csv
213,213,JPLMet_20240410_TS_0600,4/10/24 0:00,,,/Users/colemankane_1/Desktop/fraser_23_24_exports/JPLMet_20240410_TS_0600_sram.csv
214,214,JPLMet_20240405_TS_1232,4/5/24 0:00,,,/Users/colemankane_1/Desktop/fraser_23_24_exports/JPLMet_20240405_TS_1232_sram.csv
215,215,JPLMet_20240405_TS_1055,4/5/24 0:00,,,/Users/colemankane_1/Desktop/fraser_23_24_exports/JPLMet_20240405_TS_1055_sram.csv
216,216,JPLMet_20240409_TS_1406,4/9/24 0:00,,,/Users/colemankane_1/Desktop/fraser_23_24_exports/JPLMet_20240409_TS_1406_sram.csv
217,217,JWST_20240503,5/3/24 0:00,,,/Users/colemankane_1/Desktop/fraser_23_24_exports/JWST_20240503_sram.csv
218,218,JPLMet_20240405_TS_0952,4/5/24 0:00,,,/Users/colemankane_1/Desktop/fraser_23_24_exports/JPLMet_20240405_TS_0952_sram.csv
219,219,JPLMet_20240410_TS_0900,4/10/24 0:00,,,/Users/colemankane_1/Desktop/fraser_23_24_exports/JPLMet_20240410_TS_0900_sram.csv
220,220,CLPXSL_20240305,3/5/24 0:00,,,/Users/colemankane_1/Desktop/fraser_23_24_exports/CLPXSL_20240305_sram.csv
221,221,JPLMet_20240409_TS_1205,4/9/24 0:00,,,/Users/colemankane_1/Desktop/fraser_23_24_exports/JPLMet_20240409_TS_1205_sram.csv
222,222,JPL2_20240117,1/17/24 0:00,,,/Users/colemankane_1/Desktop/fraser_23_24_exports/JPL2_20240117_sram.csv
223,223,JPLMet_20240410_TS_0400,4/10/24 0:00,,,/Users/colemankane_1/Desktop/fraser_23_24_exports/JPLMet_20240410_TS_0400_sram.csv
224,224,JPLMet_20240410_TS_0803,4/10/24 0:00,,,/Users/colemankane_1/Desktop/fraser_23_24_exports/JPLMet_20240410_TS_0803_sram.csv
225,225,JPL2_20240123,1/23/24 0:00,,,/Users/colemankane_1/Desktop/fraser_23_24_exports/JPL2_20240123_sram.csv
226,226,JPLMet_20240321_TS_1205,3/21/24 0:00,,,/Users/colemankane_1/Desktop/fraser_23_24_exports/JPLMet_20240321_TS_1205_sram.csv
227,227,AM_20240104,1/4/24 0:00,,,/Users/colemankane_1/Desktop/fraser_23_24_exports/AM_20240104_sram.csv
228,228,JPLMet_20240410_TS_0009,4/10/24 0:00,,,/Users/colemankane_1/Desktop/fraser_23_24_exports/JPLMet_20240410_TS_0009_sram.csv
229,229,AM_20231220,12/20/23 0:00,,,/Users/colemankane_1/Desktop/fraser_23_24_exports/AM_20231220_sram.csv
230,230,AM_20231214,12/14/23 0:00,,,/Users/colemankane_1/Desktop/fraser_23_24_exports/AM_20231214_sram.csv
231,231,JPL2_20240213,2/13/24 0:00,,,/Users/colemankane_1/Desktop/fraser_23_24_exports/JPL2_20240213_sram.csv
232,232,JPLMet_20240410_TS_1001,4/10/24 0:00,,,/Users/colemankane_1/Desktop/fraser_23_24_exports/JPLMet_20240410_TS_1001_sram.csv
233,233,JPLMet_20240409_TS_1705,4/9/24 0:00,,,/Users/colemankane_1/Desktop/fraser_23_24_exports/JPLMet_20240409_TS_1705_sram.csv
234,234,JPLMet_20240321_TS_1249,3/21/24 0:00,,,/Users/colemankane_1/Desktop/fraser_23_24_exports/JPLMet_20240321_TS_1249_sram.csv
235,235,JPLMet_20240409_TS_1507,4/9/24 0:00,,,/Users/colemankane_1/Desktop/fraser_23_24_exports/JPLMet_20240409_TS_1507_sram.csv
236,236,JPLMet_20240409_TS_1904,4/9/24 0:00,,,/Users/colemankane_1/Desktop/fraser_23_24_exports/JPLMet_20240409_TS_1904_sram.csv
237,237,JPLMet_20240410_TS_0200,4/10/24 0:00,,,/Users/colemankane_1/Desktop/fraser_23_24_exports/JPLMet_20240410_TS_0200_sram.csv
238,238,FSTA_20240214,2/14/24 0:00,,,/Users/colemankane_1/Desktop/fraser_23_24_exports/FSTA_20240214_sram.csv
239,239,JPLMet_20240409_TS_2157,4/9/24 0:00,,,/Users/colemankane_1/Desktop/fraser_23_24_exports/JPLMet_20240409_TS_2157_sram.csv
240,240,*CHECK ORIGINAL*JPLMet_20240409_TS_1207,4/9/24 0:00,,,/Users/colemankane_1/Desktop/fraser_23_24_exports/*CHECK ORIGINAL*JPLMet_20240409_TS_1207_sram.csv
241,241,AM_20240306,3/6/24 0:00,,,/Users/colemankane_1/Desktop/fraser_23_24_exports/AM_20240306_sram.csv
242,242,JPLMet_20240405_TS_1020,4/5/24 0:00,,,/Users/colemankane_1/Desktop/fraser_23_24_exports/JPLMet_20240405_TS_1020_sram.csv
243,243,JPLMet_20240405_TS_0835,4/5/24 0:00,,,/Users/colemankane_1/Desktop/fraser_23_24_exports/JPLMet_20240405_TS_0835_sram.csv
244,244,JPLMet_20240405_TS_1123,4/5/24 0:00,,,/Users/colemankane_1/Desktop/fraser_23_24_exports/JPLMet_20240405_TS_1123_sram.csv
245,245,JPLMet_20240405_TS_0908,4/5/24 0:00,,,/Users/colemankane_1/Desktop/fraser_23_24_exports/JPLMet_20240405_TS_0908_sram.csv
246,246,AM_20231228,12/28/23 0:00,,,/Users/colemankane_1/Desktop/fraser_23_24_exports/AM_20231228_sram.csv
247,247,JPLMet_20240409_TS_1000,4/9/24 0:00,,,/Users/colemankane_1/Desktop/fraser_23_24_exports/JPLMet_20240409_TS_1000_sram.csv
248,248,AM_20240221,2/21/24 0:00,,,/Users/colemankane_1/Desktop/fraser_23_24_exports/AM_20240221_sram.csv
249,249,JPL2_20231227,12/27/23 0:00,,,/Users/colemankane_1/Desktop/fraser_23_24_exports/JPL2_20231227_sram.csv
250,250,JPL1_20231221,12/21/23 0:00,,,/Users/colemankane_1/Desktop/fraser_23_24_exports/JPL1_20231221_sram.csv
251,251,JPLMet_20240409_TS_1605,4/9/24 0:00,,,/Users/colemankane_1/Desktop/fraser_23_24_exports/JPLMet_20240409_TS_1605_sram.csv
252,252,JPL2_20240103,1/3/24 0:00,,,/Users/colemankane_1/Desktop/fraser_23_24_exports/JPL2_20240103_sram.csv
253,253,JPLMet_20240409_TS_1115,4/9/24 0:00,,,/Users/colemankane_1/Desktop/fraser_23_24_exports/JPLMet_20240409_TS_1115_sram.csv
254,254,CLPXSL_20240123,1/23/24 0:00,,,/Users/colemankane_1/Desktop/fraser_23_24_exports/CLPXSL_20240123_sram.csv
255,255,JPL2_20240207,2/7/24 0:00,,,/Users/colemankane_1/Desktop/fraser_23_24_exports/JPL2_20240207_sram.csv
256,256,JPLMet_20240409_TS_2010,4/9/24 0:00,,,/Users/colemankane_1/Desktop/fraser_23_24_exports/JPLMet_20240409_TS_2010_sram.csv
257,257,AM_20240124,1/24/24 0:00,,,/Users/colemankane_1/Desktop/fraser_23_24_exports/AM_20240124_sram.csv
258,258,JPLMet_20240409_TS_1800,4/9/24 0:00,,,/Users/colemankane_1/Desktop/fraser_23_24_exports/JPLMet_20240409_TS_1800_sram.csv
259,259,JPLMet_20250407_TS_1351,4/7/25 0:00,,"['/Users/colemankane_1/Library/CloudStorage/GoogleDrive-ColemanKane@boisestate.edu/Shared drives/2024-2025 CRREL Snow Strength/Data/Scrubbed pit_strength_transect data/crrel_exports/smp_profiles_exports/S19M0746.PNT_samples.csv', '/Users/colemankane_1/Library/CloudStorage/GoogleDrive-ColemanKane@boisestate.edu/Shared drives/2024-2025 CRREL Snow Strength/Data/Scrubbed pit_strength_transect data/crrel_exports/smp_profiles_exports/S19M0747.PNT_samples.csv', '/Users/colemankane_1/Library/CloudStorage/GoogleDrive-ColemanKane@boisestate.edu/Shared drives/2024-2025 CRREL Snow Strength/Data/Scrubbed pit_strength_transect data/crrel_exports/smp_profiles_exports/S19M0748.PNT_samples.csv', '/Users/colemankane_1/Library/CloudStorage/GoogleDrive-ColemanKane@boisestate.edu/Shared drives/2024-2025 CRREL Snow Strength/Data/Scrubbed pit_strength_transect data/crrel_exports/smp_profiles_exports/S19M0749.PNT_samples.csv', '/Users/colemankane_1/Library/CloudStorage/GoogleDrive-ColemanKane@boisestate.edu/Shared drives/2024-2025 CRREL Snow Strength/Data/Scrubbed pit_strength_transect data/crrel_exports/smp_profiles_exports/S19M0750.PNT_samples.csv']",
260,260,JPLMet_20250407_TS_1627,4/7/25 0:00,,"['/Users/colemankane_1/Library/CloudStorage/GoogleDrive-ColemanKane@boisestate.edu/Shared drives/2024-2025 CRREL Snow Strength/Data/Scrubbed pit_strength_transect data/crrel_exports/smp_profiles_exports/S19M0764.PNT_samples.csv', '/Users/colemankane_1/Library/CloudStorage/GoogleDrive-ColemanKane@boisestate.edu/Shared drives/2024-2025 CRREL Snow Strength/Data/Scrubbed pit_strength_transect data/crrel_exports/smp_profiles_exports/S19M0765.PNT_samples.csv', '/Users/colemankane_1/Library/CloudStorage/GoogleDrive-ColemanKane@boisestate.edu/Shared drives/2024-2025 CRREL Snow Strength/Data/Scrubbed pit_strength_transect data/crrel_exports/smp_profiles_exports/S19M0766.PNT_samples.csv', '/Users/colemankane_1/Library/CloudStorage/GoogleDrive-ColemanKane@boisestate.edu/Shared drives/2024-2025 CRREL Snow Strength/Data/Scrubbed pit_strength_transect data/crrel_exports/smp_profiles_exports/S19M0767.PNT_samples.csv', '/Users/colemankane_1/Library/CloudStorage/GoogleDrive-ColemanKane@boisestate.edu/Shared drives/2024-2025 CRREL Snow Strength/Data/Scrubbed pit_strength_transect data/crrel_exports/smp_profiles_exports/S19M0768.PNT_samples.csv']",
261,261,JPLMet_20250407_TS_2120,4/7/25 0:00,,"['/Users/colemankane_1/Library/CloudStorage/GoogleDrive-ColemanKane@boisestate.edu/Shared drives/2024-2025 CRREL Snow Strength/Data/Scrubbed pit_strength_transect data/crrel_exports/smp_profiles_exports/S19M0791.PNT_samples.csv', '/Users/colemankane_1/Library/CloudStorage/GoogleDrive-ColemanKane@boisestate.edu/Shared drives/2024-2025 CRREL Snow Strength/Data/Scrubbed pit_strength_transect data/crrel_exports/smp_profiles_exports/S19M0792.PNT_samples.csv', '/Users/colemankane_1/Library/CloudStorage/GoogleDrive-ColemanKane@boisestate.edu/Shared drives/2024-2025 CRREL Snow Strength/Data/Scrubbed pit_strength_transect data/crrel_exports/smp_profiles_exports/S19M0793.PNT_samples.csv', '/Users/colemankane_1/Library/CloudStorage/GoogleDrive-ColemanKane@boisestate.edu/Shared drives/2024-2025 CRREL Snow Strength/Data/Scrubbed pit_strength_transect data/crrel_exports/smp_profiles_exports/S19M0795.PNT_samples.csv']",
262,262,JPLMet_20250407_TS_2321,4/7/25 0:00,,"['/Users/colemankane_1/Library/CloudStorage/GoogleDrive-ColemanKane@boisestate.edu/Shared drives/2024-2025 CRREL Snow Strength/Data/Scrubbed pit_strength_transect data/crrel_exports/smp_profiles_exports/S19M0797.PNT_samples.csv', '/Users/colemankane_1/Library/CloudStorage/GoogleDrive-ColemanKane@boisestate.edu/Shared drives/2024-2025 CRREL Snow Strength/Data/Scrubbed pit_strength_transect data/crrel_exports/smp_profiles_exports/S19M0798.PNT_samples.csv', '/Users/colemankane_1/Library/CloudStorage/GoogleDrive-ColemanKane@boisestate.edu/Shared drives/2024-2025 CRREL Snow Strength/Data/Scrubbed pit_strength_transect data/crrel_exports/smp_profiles_exports/S19M0799.PNT_samples.csv', '/Users/colemankane_1/Library/CloudStorage/GoogleDrive-ColemanKane@boisestate.edu/Shared drives/2024-2025 CRREL Snow Strength/Data/Scrubbed pit_strength_transect data/crrel_exports/smp_profiles_exports/S19M0800.PNT_samples.csv', '/Users/colemankane_1/Library/CloudStorage/GoogleDrive-ColemanKane@boisestate.edu/Shared drives/2024-2025 CRREL Snow Strength/Data/Scrubbed pit_strength_transect data/crrel_exports/smp_profiles_exports/S19M0801.PNT_samples.csv']",
