,top_cm,bottom_cm,grain max_mm,grain min_mm,grain avg_mm,type,HH,wetness,comments,hs_cm,swe_mm,density_kgm3,date,hs,profile_id,avg_force_ram,avg_force_scope,avg_force_smp
0,288.0,284.0,0.2,0.1,0.1,RGxf,F,D,,,,,20250228.0,288.0,BDG_20250228,,4.621704882758619,0.10466835467868352
1,284.0,283.0,0.4,0.1,0.3,MFcr,P,D,"Some IFrc, facets",,,372.88253646,,288.0,BDG_20250228,120.1725,4.369540457142857,6.227315146283456
2,283.0,279.0,0.5,0.2,0.3,FCxr,4F,D,,,,,,288.0,BDG_20250228,127.53000000000002,5.463181213793104,2.7569244073895964
3,279.0,278.0,0.8,0.2,0.5,MFcr,1F,D,"faceted, discontinuous, percolation from 284-283 layer",,,360.13557626,,288.0,BDG_20250228,120.1725,5.941111828571428,4.352601931064106
4,278.0,256.0,0.3,0.1,0.1,RGsr,F,D,old DF,,,,,288.0,BDG_20250228,46.1573076923077,1.3907909083870966,0.3745939890553182
5,256.0,246.0,0.3,0.1,0.2,RG,F,D,more DF than above,,,,,288.0,BDG_20250228,56.757857142857134,1.65413163943662,0.43104301446578175
6,246.0,213.0,0.4,0.2,0.3,RG,4F,D,,,,,,288.0,BDG_20250228,101.44108695652172,2.5235525004329005,0.6653975385042166
7,213.0,165.0,0.5,0.2,0.3,RGxf,1F,D,,,,,,288.0,BDG_20250228,282.20099999999996,5.785824430860534,1.2307586677170896
8,165.0,164.5,5.0,2.0,3.0,SHxr,F,D,FCxr 1mm,,,,,288.0,BDG_20250228,,10.1466485,
9,164.5,163.0,1.0,0.2,0.5,RGxf,1F,D,,,,,,288.0,BDG_20250228,613.125,9.15586936,
10,163.0,159.0,6.0,1.5,2.0,SHxr,F,D,FCxr 1.5mm,,,,,288.0,BDG_20250228,351.525,10.060842496551723,
11,159.0,148.0,1.0,0.4,0.8,RGxf,1F,D,,,,,,288.0,BDG_20250228,276.78214285714284,5.943703397402597,
12,148.0,147.0,1.0,0.3,0.7,MFcr,4F,D,"poorly bonded, faceted",,,0.0,,288.0,BDG_20250228,286.125,4.089121485714285,
13,147.0,120.0,0.5,0.2,0.4,RGxf,P,D,,,,,,288.0,BDG_20250228,309.71571428571434,8.11171958941799,
14,120.0,76.0,0.8,0.3,0.5,RGxf,P,D,,,,,,288.0,BDG_20250228,609.6214285714286,14.929624442718445,
15,67.0,66.5,2.0,0.5,1.0,PPsd,F,D,Some DFbk,,,,20250107.0,67.0,FEFHQ_20250107,,0.0322705,
16,66.5,61.0,1.5,0.5,1.0,DF,F,D,"DFbk, some PPsp",6.200000000000003,5.0,81.0,,67.0,FEFHQ_20250107,,0.09646014736842104,
17,61.0,36.0,1.0,0.5,0.8,RGxf,4F,D,,25.599999999999994,56.0,217.0,,67.0,FEFHQ_20250107,16.9495,0.45496506057142855,
18,36.0,18.0,1.5,0.5,1.0,FC,F,D,FCso,15.400000000000002,35.0,227.0,,67.0,FEFHQ_20250107,,0.28062586456692906,
19,18.0,0.0,4.0,1.0,1.5,DHla,F,D,DHch,18.8,41.0,218.0,,67.0,FEFHQ_20250107,,0.3770175023622047,
27,88.0,85.0,1.0,0.2,0.4,MF,4F,WS,"Surface facets, melting",3.0,,,20241206.0,88.0,PLT2_20241206,,,
28,85.0,66.5,0.7,0.25,0.5,MF,F,M,"rounded grains, melted bonded",18.5,,,,88.0,PLT2_20241206,,,
29,66.5,66.0,1.0,0.2,0.5,IF,K,M,Ice lens/ ice crust,0.5,,,,88.0,PLT2_20241206,,,
30,66.0,64.5,1.0,0.3,0.4,MF,4F,M,,1.5,,,,88.0,PLT2_20241206,,,
31,64.5,64.0,1.25,0.2,0.5,MF,4F,M,drier,0.5,,,,88.0,PLT2_20241206,,,
32,64.0,18.0,1.0,0.0,0.4,RG,4F,M,,46.0,,,,88.0,PLT2_20241206,,,
33,18.0,16.0,1.3,0.4,0.6,MFcr,P,W,,2.0,,,,88.0,PLT2_20241206,,,
34,16.0,0.0,1.5,0.5,1.0,RG,4F,M+,,16.0,,,,88.0,PLT2_20241206,,,
35,96.0,93.0,1.0,0.5,0.8,DF,F,M,DFbk,2.0,1.5,75.0,20250305.0,96.0,JPLMet_20250305,,0.04164233333333334,
36,93.0,86.0,0.8,0.1,0.3,RG,4F,D,"RGsr
DFdc",6.4,2.0,31.25,,96.0,JPLMet_20250305,5.232,0.17636985714285713,
37,86.0,82.0,1.0,0.3,0.5,MFcr,K,D,"MFcr
MFpc",4.6,13.5,293.47826086956525,,96.0,JPLMet_20250305,51.7968,8.795867551724138,
38,82.0,59.0,1.0,0.3,0.5,RG,1F,D,RGlr,19.6,45.5,232.14285714285717,,96.0,JPLMet_20250305,50.4083076923077,0.9227128074534161,
39,59.0,56.0,2.0,0.5,1.0,IF,K,D,"IFil
Obvious ice lens",,,,,96.0,JPLMet_20250305,127.53,1.7048558571428571,
40,56.0,34.0,2.0,0.5,1.0,FCxr,F,D,,21.8,59.0,270.6422018348624,,96.0,JPLMet_20250305,,0.45101676129032253,
41,34.0,15.0,3.0,1.0,2.0,DHxr,4F,D,,16.6,41.5,250.0,,96.0,JPLMet_20250305,,0.3149719097744361,
42,15.0,0.0,6.0,1.0,2.0,DHxr,1F,D,,18.2,48.5,266.4835164835165,,96.0,JPLMet_20250305,27.077602040816327,0.7324987999999999,
47,153.0,152.0,0.5,0.1,0.3,MFcr,F,D,,1.0,3.2,0.0,20250116.0,153.0,BOG_20250116,,,0.1298295795820475
48,152.0,136.0,1.0,0.3,0.7,FCxr,F,D,,15.8,30.0,189.873417721519,,153.0,BOG_20250116,12.039545454545454,,0.19225798745152486
49,136.0,127.0,0.4,0.2,0.3,RGxf,4F,D,,12.4,30.0,241.93548387096777,,153.0,BOG_20250116,51.2082,,0.431050040050911
50,127.0,112.0,0.8,0.3,0.5,RGxf,4F,D,,12.6,31.0,246.031746031746,,153.0,BOG_20250116,56.203125,,0.5605907507554604
51,112.0,93.5,0.8,0.2,0.4,RGxf,4F,D,More facets than layer above,,,,,153.0,BOG_20250116,220.34769230769228,,0.7502994107328415
52,93.5,92.5,,,,IFil,I,D,"clear, faceting melt forms below",,,,,153.0,BOG_20250116,243.615,,4.587669894098823
53,92.5,80.0,0.3,0.1,0.2,RGsr,1F,D,some faceted edges,,,,,153.0,BOG_20250116,516.1150000000001,,2.397748371153386
54,80.0,76.0,1.5,0.5,1.0,MFcr,P,D,"some IF, some faceted edges",,,,,153.0,BOG_20250116,610.3221428571429,,7.641590765840676
55,76.0,50.0,0.4,0.1,0.2,RG,P,D,,,,,,153.0,BOG_20250116,432.18500000000006,,2.6821769277035745
56,50.0,45.0,0.5,0.2,0.3,RG,P,D,well bonded,,,,,153.0,BOG_20250116,507.66750000000013,,5.3069718995412485
57,45.0,42.0,0.8,0.3,0.5,RG,K,M,"evidence of melt, some MFpc",,,,,153.0,BOG_20250116,470.88000000000005,,0.8778113452368553
58,42.0,39.0,1.0,0.5,0.7,RG,1F,M,previously faceted,,,,,153.0,BOG_20250116,225.63,,0.806516410610349
59,39.0,24.0,1.0,0.4,0.7,RGxf,4F,M,faceted edges are rounding,,,,,153.0,BOG_20250116,132.61666666666667,,1.025271821536616
60,24.0,11.0,0.8,0.3,0.5,RG,1F,M,some MFcl,,,,,153.0,BOG_20250116,240.34499999999997,,2.03856657130862
61,11.0,0.0,0.8,0.2,0.5,RG,1F,M,,,,,,153.0,BOG_20250116,147.15,,0.9568827187810537
62,63.5,63.0,1.0,1.0,1.0,PP,F,D,Some riming PPsd PPgp,,,,20241230.0,63.5,SLMet_20241230,,0.03303225,0.0830002203092216
63,63.0,58.0,1.5,0.5,1.0,PP,F,D,Some riming,4.2,4.5,107.1428571,,63.5,SLMet_20241230,,0.05575218571428571,0.10673515424643913
64,58.0,54.5,1.0,0.5,0.8,DF,F,D,Faceted edges,3.9,4.5,115.3846154,,63.5,SLMet_20241230,0.981,0.2365060625,0.19396302166933982
65,54.5,52.5,0.4,0.1,0.2,MFcl,F,D,F+,4.0,6.5,162.5,,63.5,SLMet_20241230,2.289,0.19836893333333333,0.18121331505588206
66,52.5,37.0,1.0,0.3,0.5,RG,F,D,"Previous DF Larger grains faceted
F/4F-",11.8,16.5,139.8305085,,63.5,SLMet_20241230,9.988363636363637,0.2834761574074074,0.1497819460894593
67,37.0,19.0,2.0,1.0,1.5,DH,F,D,"Squares, few rounded edges",19.0,45.5,239.4736842,,63.5,SLMet_20241230,9.156,0.27069879527559054,0.12517953367709986
68,19.0,0.0,4.0,1.5,2.0,DH,F,D,"Striations, rounding",17.8,42.5,238.7640449,,63.5,SLMet_20241230,15.042,0.3321719436090226,0.22474876950623593
74,52.3,52.0,0.3,0.1,0.2,SH,F,D,SHsu not available in grain type,,,,20241122.0,52.3,FST_20241122,,0.067588,
75,52.0,46.0,0.7,0.3,0.3,RG,F,D,RGsr not available in grain type,6.0,9.0,150.0,,52.3,FST_20241122,0.981,0.0787313142857143,
76,46.0,31.0,1.0,0.1,0.5,FC,4F,D,FCso,15.0,24.5,163.33333333333334,,52.3,FST_20241122,4.599800000000001,0.12294473523809524,
77,31.0,16.5,1.0,0.3,0.5,FC,1F,D,"No Cup, FCso, 1F+",14.5,35.5,244.8275862068965,,52.3,FST_20241122,20.7645,0.4881913176470588,
78,16.5,0.0,2.0,1.0,1.5,FC,4F,D,"Some cups, prisms, No striations, FCso, 4F+",16.5,27.0,163.63636363636363,,52.3,FST_20241122,25.26075,0.40838056453052457,
86,139.0,130.0,2.5,1.0,1.5,MFpc,1F,M,MFcl,7.799999999999997,28.0,359.0,20250416.0,139.0,AM_20250416,,2.0699286666666663,
87,130.0,118.0,4.0,0.8,1.5,MFcr,K,M,MFcl,8.0,30.0,381.0,,139.0,AM_20250416,263.98961538461543,10.643549023529411,
88,118.0,110.0,1.5,0.5,1.0,MFcl,P,M,,6.200000000000003,26.0,427.0,,139.0,AM_20250416,91.56,3.8171134561403504,
89,110.0,109.0,,,,IF,I,,Ifil,2.799999999999997,14.0,500.0,,139.0,AM_20250416,,2.963227285714285,
90,109.0,80.0,2.0,0.5,1.0,MFcl,P,W,,25.8,105.0,407.0,,139.0,AM_20250416,167.7042857142857,6.6561367044334965,
91,80.0,43.0,1.0,0.3,0.8,MFcl,1F,M,,38.2,141.0,370.0,,139.0,AM_20250416,89.24375000000002,2.6573401428571426,
92,43.0,0.0,4.0,1.0,2.0,FCxr,F,M,DHxr,42.8,122.0,285.0,,139.0,AM_20250416,,0.8809768737541528,
98,47.0,46.5,2.0,0.3,0.5,DF,F,D,"Arms, stellars",,,,20241216.0,47.0,JPLMet_20241216,,0.0375335,
99,46.5,40.0,0.5,0.1,0.3,RGwp,4F,D,"Some corners, edges",7.2,9.5,131.94444444444443,,47.0,JPLMet_20241216,1.9620000000000002,0.13045495652173913,
100,40.0,22.0,2.0,0.5,1.0,DHpr,F,D,Well on it's way to DHcp/la,18.0,37.0,205.55555555555557,,47.0,JPLMet_20241216,7.128600000000001,0.12169242519685036,
101,22.0,0.0,4.0,1.0,2.0,DHla,F,D,"Clear cups, striations",20.0,42.5,212.5,,47.0,JPLMet_20241216,23.1148125,0.4209646002820737,
110,125.0,113.0,1.5,0.5,1.0,DF,F,D,"DFdc
DFbk",10.799999999999995,17.0,157.40740740740745,20250318.0,125.0,DHMet_20250318,4.905000000000001,,
111,113.0,108.0,1.0,0.3,0.5,MFcr,K,D,"MFcr
MFpc",3.4000000000000057,11.0,323.52941176470534,,125.0,DHMet_20250318,109.47959999999998,,
112,108.0,105.0,1.0,0.3,0.5,FC,4F,D,FCso,2.3999999999999915,7.0,291.6666666666677,,125.0,DHMet_20250318,210.915,,
113,105.0,103.0,1.5,0.5,1.0,MFcr,K,D,"MFcr
MFpc",2.200000000000003,7.5,340.9090909090905,,125.0,DHMet_20250318,161.86499999999998,,
114,103.0,77.0,1.0,0.3,0.5,RG,1F,D,RGlr,25.60000000000001,80.5,314.4531249999999,,125.0,DHMet_20250318,100.75687500000001,,
115,77.0,49.0,0.8,0.3,0.5,RG,P,D,RGlr,29.599999999999994,95.0,320.945945945946,,125.0,DHMet_20250318,106.08264705882354,,
116,49.0,36.0,1.5,0.5,1.0,FCxr,1F,D,,13.4,45.5,339.5522388059702,,125.0,DHMet_20250318,91.015,,
117,36.0,14.0,2.0,0.5,1.0,FCxr,4F,D,DHxr,21.8,70.0,321.10091743119267,,125.0,DHMet_20250318,97.119,,
118,14.0,0.0,3.0,0.5,1.5,DHxr,1F,D,,10.8,29.0,268.5185185185185,,125.0,DHMet_20250318,113.428125,,
122,106.0,105.5,1.0,0.3,0.5,DF,F,D,DFbk PPsd (0.5mm),,,,20241231.0,106.0,FST_20241231,,0.061032333333333334,0.10364452053995088
123,105.5,91.0,1.5,0.5,1.0,DF,F,D,DFbk Still mostly intact,11.0,9.0,81.81818181818181,,106.0,FST_20241231,2.69775,0.089939908496732,0.14309543792410465
124,91.0,79.0,1.0,0.3,0.5,DF,4F,D,DFdc Some PPgp,11.0,15.0,136.36363636363637,,106.0,FST_20241231,9.919,0.19262471372549017,0.2388842733435731
125,79.0,65.0,0.5,0.1,0.3,RG,1F,D,RGlr Necks,16.0,24.0,150.0,,106.0,FST_20241231,21.037,0.3988184444444445,0.2759302977015954
126,65.0,57.0,0.8,0.3,0.5,RG,P,D,RGlr,10.4,23.0,221.15384615384616,,106.0,FST_20241231,43.16400000000001,0.8132396023391814,0.22681671325764716
127,57.0,33.0,1.0,0.3,0.5,FCxr,1F,D,,20.8,52.0,250.0,,106.0,FST_20241231,34.6075,0.4580738619329388,0.2331868745528932
128,33.0,11.0,2.0,0.5,1.0,FCxr,1F,D,,18.4,48.5,263.5869565217391,,106.0,FST_20241231,28.867968750000003,0.4970428430107527,0.2618027368950375
129,11.0,0.0,1.5,0.5,1.0,MFcl,K,D,Clumps DHxr Some MFpc,14.0,36.0,257.1428571428572,,106.0,FST_20241231,30.901500000000006,0.6936463722943723,8.11782322424647
134,46.0,45.5,4.0,1.0,2.0,PPsd,F,D,,,,,20241129.0,46.0,JPLMet_20241129,,0.029084999999999993,
135,45.5,36.0,0.5,0.1,0.3,FC,F,D,Few DFdc FCso,10.0,11.0,110.0,,46.0,JPLMet_20241129,,0.06149735757575757,
136,36.0,18.0,0.5,0.1,0.3,FC,4F,D,FCso,18.0,25.0,138.88888888888889,,46.0,JPLMet_20241129,4.700625,0.17818559370078738,
137,18.0,10.0,2.0,1.0,0.5,FC,1F,D,FCso Early cups/striations,8.0,19.0,237.5,,46.0,JPLMet_20241129,16.677,0.400561074122807,
138,10.0,0.0,3.0,2.0,1.0,DHcp,4F,D,,10.0,11.5,115.0,,46.0,JPLMet_20241129,6.867,0.5001036186164386,
146,143.0,138.0,1.0,0.3,0.5,FCsf,F,D,"SHcp
RR",4.799999999999983,8.5,177.08333333333397,20250313.0,143.0,AM_20250313,0.981,0.13588432857142854,
147,138.0,127.0,0.8,0.1,0.3,FCxr,4F,D,Potential buried SH,12.000000000000014,26.5,220.83333333333303,,143.0,AM_20250313,19.86525,0.7210238051948051,
148,127.0,106.0,0.8,0.1,0.3,RG,1F,D,"RGlr
Necks Bonds",19.39999999999999,54.5,280.92783505154654,,143.0,AM_20250313,99.00553846153845,2.3717927142857143,
149,106.0,84.0,1.0,0.3,0.5,RGxf,P,D,,23.0,71.5,310.8695652173913,,143.0,AM_20250313,318.82499999999993,6.0228976741935485,
150,84.0,48.0,1.5,0.5,1.0,FCxr,1F,D,,34.60000000000001,109.5,316.47398843930625,,143.0,AM_20250313,90.59386363636361,1.933239932806324,
151,48.0,19.0,2.5,0.5,1.0,FCxr,1F,D,,29.0,80.5,277.58620689655174,,143.0,AM_20250313,,0.7905320738916255,
152,19.0,0.0,4.0,1.0,2.0,DHxr,1F,D,Chains,15.8,43.5,275.3164556962025,,143.0,AM_20250313,139.4859375,1.163357304511278,
158,37.0,0.0,6.0,1.0,2.0,MFcl,F,M,MFpc,34.0,128.0,376.4705882352941,20250415.0,37.0,FEFHQ_20250415,,0.7945649503085763,
170,41.0,39.0,3.0,1.0,1.5,PPsd,F,D,PPpl some but,8.5,7.0,82.3529411764706,20241129.0,41.0,TPO_20241129,,0.015696666666666668,
171,39.0,31.0,2.0,0.5,1.0,DF,F,D,DFbk and DFxr rounded tip,,,,,41.0,TPO_20241129,,0.06216787134502924,
172,31.0,22.0,1.0,0.5,0.8,RG,F,D,some evidence of faceting - diurnal,8.5,7.0,82.3529411764706,,41.0,TPO_20241129,,0.21383813756613756,
173,22.0,16.0,1.0,0.4,0.4,RG,F,D,more facets than above layer but still dominant RGsr,10.0,19.0,190.0,,41.0,TPO_20241129,,0.19332023255813954,
174,16.0,15.0,2.0,0.4,1.2,FC,F,D,Slightly better bonded than layers above and below - but not crust some prisms/plates - no cups,,,,,41.0,TPO_20241129,,0.16546133333333332,
175,15.0,9.0,1.5,0.3,1.0,FC,F,D,Lots of FCso too,4.0,10.5,262.5,,41.0,TPO_20241129,,0.7171980930232559,
176,9.0,0.0,2.0,0.4,1.2,FC,F,D,Like layer above but bigger,7.0,14.0,200.0,,41.0,TPO_20241129,,9.386011996031746,
182,204.0,203.0,3.0,1.0,2.0,PPgp,F,D,some needles w/ rime,1.0,2.0,199.2,20250205.0,204.0,BOG_20250205,,0.6227157857142858,0.1677462702510942
183,203.0,202.5,0.3,0.1,0.2,MFcr,4F,D,rain event previous night,0.5,1.0,294.88248715,,204.0,BOG_20250205,,1.1746184999999998,0.7232803856266663
184,202.5,178.0,2.0,0.5,1.0,DF,F,D,previous stellars,24.5,47.4,193.3,,204.0,BOG_20250205,9.897200000000002,0.26423142732558136,0.17527188704237306
185,178.0,168.0,1.0,0.3,0.5,DF,4F,D,previous stellars,10.0,20.6,205.8,,204.0,BOG_20250205,15.859500000000002,0.37021830281690143,0.20498317194694637
186,168.0,156.0,1.5,0.5,1.0,DF,4F,D,,12.0,27.5,229.4,,204.0,BOG_20250205,18.312,0.35885350000000005,0.21334526862716213
187,156.0,146.0,1.0,0.5,0.7,DF,4F,D,more rounded,10.0,25.5,255.0,,204.0,BOG_20250205,39.09985714285715,0.9416595492957747,0.3730822260535326
188,146.0,135.0,0.3,0.1,0.2,RG,4F,D,"some DF, but fewer than previous, top of layer, 3mm graupel",11.0,27.1,246.1,,204.0,BOG_20250205,45.54642857142858,1.3060100324675323,0.4097849371045738
189,135.0,133.0,1.5,0.7,1.0,FCxr,F,D,"previous MFcr, some MF remain, old snow surface @ 135",2.0,4.2,210.3,,204.0,BOG_20250205,44.145,1.1528924666666667,0.3121492652659449
190,133.0,113.5,1.0,0.4,0.7,FCxr,4F,D,,19.5,48.2,246.9,,204.0,BOG_20250205,,0.6198251801470588,0.26550932480979844
191,113.5,112.5,,,,IF,K,D,"3mm thick, FCxr on top",1.0,2.6,363.24713793333336,,204.0,BOG_20250205,,1.2749914285714286,3.136749827510564
192,112.5,102.0,1.0,0.3,0.6,RGlr,1F,D,dicontinuous IF @ 98c. few faceted edges,10.5,28.2,268.9,,204.0,BOG_20250205,55.589999999999996,2.490158878378378,0.5937934181917693
193,102.0,85.0,0.8,0.3,0.5,RG,,D,,17.0,48.6,285.8,,204.0,BOG_20250205,96.46499999999999,2.10732987394958,0.6332543149329154
194,85.0,74.0,1.0,0.4,0.7,RGxf,1F,D,,11.0,35.4,321.6,,204.0,BOG_20250205,187.003125,3.639110883116883,1.0966925776846197
195,74.0,59.0,1.0,0.5,0.7,IF,P,D,"multiple IF w/ FC between, some MF",15.0,49.9,323.29789239,,204.0,BOG_20250205,254.78749999999997,5.947895690476191,1.5243168146415775
196,69.0,40.0,0.5,0.2,0.4,RGxf,P,D,very well bonded,,,357.6,,204.0,BOG_20250205,323.2840909090909,7.563385389162561,4.798177140325935
197,40.0,0.0,2.5,1.0,1.5,FC,P,D,Some MF,,,,,204.0,BOG_20250205,136.32785714285714,6.167932384341637,
198,49.0,44.0,3.0,0.8,1.0,MFpc,1F,M,MFcl,4.0,13.5,337.5,20250416.0,49.0,LFMet_20250416,9.81,3.000883457142857,
199,44.0,37.0,3.0,0.8,1.0,MFpc,P,M,MFcl,8.2,26.5,323.1707317073171,,49.0,LFMet_20250416,68.67,2.1061214489795916,
200,37.0,0.0,6.0,1.0,2.0,MFcl,F,M,,33.2,106.0,319.2771084337349,,49.0,LFMet_20250416,,0.4649289922779923,
210,111.5,95.0,1.0,0.3,0.5,RGwp,K,D,,19.4,71.0,365.9793814,20250213.0,111.5,CLPX_FAD16_20250213,657.27,6.902274537931035,
211,95.0,91.5,1.5,0.5,1.0,RGxf,1F,D,,2.0,5.5,275.0,,111.5,CLPX_FAD16_20250213,618.0300000000001,3.3825808833333335,
212,91.5,88.0,1.5,0.5,1.0,RGxf,K,D,,4.0,16.5,412.5,,111.5,CLPX_FAD16_20250213,519.9300000000001,2.1101813833333334,
213,88.0,58.0,2.0,0.5,1.0,FCxr,P,D,,29.0,98.5,339.6551724,,111.5,CLPX_FAD16_20250213,173.22824999999997,8.425591706161137,
214,58.0,35.0,2.0,0.5,1.0,FCxr,K,D,,23.2,93.5,403.0172414,,111.5,CLPX_FAD16_20250213,428.46617647058827,7.9670457838509305,
215,35.0,0.0,3.0,0.5,1.0,DHxr,P,D,DHch,28.4,87.0,306.3380282,,111.5,CLPX_FAD16_20250213,364.19625,2.970457404676856,
222,209.0,206.0,0.7,0.3,0.5,MFcl,F,W,,3.0,12.7,424.9,20250326.0,209.0,BOG_20250326,,,
223,206.0,203.0,1.0,0.1,0.5,MFpc,F,W,,3.0,12.3,410.0,,209.0,BOG_20250326,9.81,,
224,203.0,195.0,0.5,0.2,0.4,MFcl,F,VW,,8.0,32.9,411.4,,209.0,BOG_20250326,38.259,,
225,195.0,186.0,1.0,0.2,0.4,MFcl,F,VW,,,,,,209.0,BOG_20250326,39.24,,
226,186.0,185.0,1.0,0.2,0.5,MFcl,4F,W,,,,,,209.0,BOG_20250326,,,
227,185.0,178.0,0.3,0.2,0.1,RG,F,W,,,,,,209.0,BOG_20250326,76.0275,,
228,178.0,172.0,2.0,1.0,0.5,MFpc,1F,M,,,,,,209.0,BOG_20250326,86.655,,
229,172.0,170.5,1.0,0.3,0.5,MFcr,F,W,,,,397.066705,,209.0,BOG_20250326,149.60250000000002,,
230,170.5,167.0,0.7,0.3,0.5,MFcl,I,D,,,,,,209.0,BOG_20250326,112.815,,
231,167.0,166.0,,,,IFil,4F,W,14mm thick,,,402.5589643,,209.0,BOG_20250326,341.715,,
232,166.0,149.0,0.4,0.2,0.3,RGsr,1F,W,,,,,,209.0,BOG_20250326,313.47409090909093,,
233,149.0,140.5,0.1,0.2,0.3,RGsr,P,D,"discontinuous, MFcl",,,,,209.0,BOG_20250326,259.96500000000003,,
234,140.5,140.0,1.0,0.3,0.5,IFil,P,D,"discontinuous, MFcl",,,0.0,,209.0,BOG_20250326,,,
235,140.0,130.5,0.4,0.2,0.3,RGsr,4F,W,,,,,,209.0,BOG_20250326,523.4335714285714,,
236,130.5,130.0,,,,IFil,I,M,,,,0.0,,209.0,BOG_20250326,678.525,,
237,130.0,108.0,0.4,0.2,0.3,RGsr,1F,W,,,,,,209.0,BOG_20250326,540.749,,
238,108.0,107.5,,,,IFil,I,D,,,,0.0,,209.0,BOG_20250326,519.93,,
239,107.5,105.5,0.5,0.2,0.3,MFcl,1F,M,,,,,,209.0,BOG_20250326,421.83,,
240,105.5,105.0,1.5,0.5,1.0,MFcl,P,M,,,,,,209.0,BOG_20250326,,,
241,105.0,101.0,0.3,0.1,0.2,MFcl,1F,W,close to RG,,,,,209.0,BOG_20250326,552.63,,
242,101.0,100.0,,,,IFil,I,D,,,,0.0,,209.0,BOG_20250326,552.63,,
243,100.0,85.0,1.0,0.3,0.5,RG,4F,W,some MFcl,,,,,209.0,BOG_20250326,239.93625,,
244,85.0,84.5,1.0,0.2,0.5,MFcl,1F,M,,,,,,209.0,BOG_20250326,,,
245,84.5,69.0,0.7,0.3,0.5,MFcl,4F,M,,,,,,209.0,BOG_20250326,238.34666666666666,,
246,69.0,68.0,1.5,0.5,1.0,MFcl,1F,M,,,,,,209.0,BOG_20250326,,,
247,68.0,63.5,0.8,0.3,0.5,RG,1F,M,close to MFcle,,,,,209.0,BOG_20250326,291.03000000000003,,
248,63.5,63.0,0.5,0.3,0.4,MFpc,P,M,,,,,,209.0,BOG_20250326,,,
249,63.0,51.0,0.4,0.2,0.3,RGsr,1F,M,,,,,,209.0,BOG_20250326,356.43,,
250,51.0,50.5,1.5,0.5,1.0,MFpc,K,D,,,,,,209.0,BOG_20250326,,,
251,50.5,23.0,0.6,0.4,0.5,RG,P,M,,,,,,209.0,BOG_20250326,421.83,,
252,23.0,0.0,2.0,1.0,1.5,RGlr,4F,M,previous facets,,,,,209.0,BOG_20250326,165.95250000000001,,
253,70.0,69.5,0.8,0.3,0.5,PP,F,D,"PPir, PPnd (clear needles) secondary, PPgp",,,,20250114.0,70.0,JPLMet_20250114,,0.028300166666666664,
254,69.5,62.0,1.0,0.3,0.5,DF,F,D,"DFbk, PPnd secondary",7.8,6.5,83.33333333333333,,70.0,JPLMet_20250114,,0.05932061538461538,
255,62.0,53.0,1.0,0.3,0.5,RGxf,F,D,,7.8,14.5,185.8974358974359,,70.0,JPLMet_20250114,4.223750000000001,0.10943698412698412,
256,53.0,41.0,1.5,0.5,1.0,RGxf,4F,D,,16.2,36.5,225.30864197530863,,70.0,JPLMet_20250114,18.857000000000003,0.3948846823529412,
257,41.0,5.0,2.5,1.0,1.5,DHcp,F,D,DHch secondary,30.0,65.0,216.66666666666663,,70.0,JPLMet_20250114,16.268250000000002,0.4363381370223978,
258,5.0,0.0,4.0,1.0,2.0,DH,1F,D,DHch,5.8,14.5,250.0,,70.0,JPLMet_20250114,91.7235,1.663598641301908,
265,160.0,156.0,1.0,0.5,0.7,RGxf,F,D,,3.6,6.5,180.55555555555551,20250110.0,160.0,BOG_20250110,,0.3655731379310344,0.1485494199073189
266,156.0,137.0,0.7,0.3,0.5,RGxf,F,D,More faceted edges than layer above,20.8,45.0,216.34615384615384,,160.0,BOG_20250110,19.821230769230773,0.6490901428571428,0.39175019335453365
267,137.0,135.0,0.5,0.1,0.3,MFcr,P,D,"faceted on top, ice lens in other places, secondary hardness K",1.6,4.5,365.8809513,,160.0,BOG_20250110,55.589999999999996,3.8020281333333332,1.7953734325816313
268,135.0,115.0,1.5,0.7,0.1,RGxf,4F,D,,17.0,39.0,229.41176470588235,,160.0,BOG_20250110,40.018571428571434,1.9590353510638296,1.074984315025356
269,115.0,98.5,0.8,0.2,0.5,RGxf,1F,D,,16.5,56.2,340.7,,160.0,BOG_20250110,84.2025,2.8380679741379313,1.4900885736896263
270,98.5,98.0,,,,IF,I,D,,0.5,1.8,381.37655565,,160.0,BOG_20250110,,7.554898,2.8710545209675717
271,98.0,84.0,0.3,0.1,0.2,RG,1F,D,MFcr on top/bottom,14.0,50.9,363.7,,160.0,BOG_20250110,251.79000000000008,8.309855904040404,1.945259566487413
272,84.0,79.0,1.5,0.5,1.0,MFcr,P,D,"Well bonded, some sharp edges",5.0,18.8,380.75263186,,160.0,BOG_20250110,319.52571428571434,9.428628885714286,3.664862108427723
273,79.0,46.0,0.6,0.2,0.4,RG,P,D,P @ bottom,33.0,109.0,330.3,,160.0,BOG_20250110,349.74782608695654,7.018189515151515,2.491323885576768
274,46.0,25.0,2.0,0.6,1.0,FCxr,1F,M,"Secondary MFcl, heavily rounded",21.0,64.1,305.4,,160.0,BOG_20250110,117.30476190476192,3.513867482993197,0.8074582648642545
275,25.0,24.0,1.5,0.5,1.0,MFcr,P,M,Some rounding faceted edges,,,142.088837,,160.0,BOG_20250110,220.725,4.971318999999999,0.9222848363936227
276,24.0,0.0,2.0,1.0,1.5,DHxr,1F,M,"Well bonded, some MFcl",,,301.9,,160.0,BOG_20250110,157.50500000000005,2.3974431952662725,1.394217104108484
277,65.0,55.0,2.0,0.5,1.5,MFcl,F,W,,,,,20250408.0,65.0,JPLMet_20250408_TS_1321,9.81,4.487189323943662,0.5197934796247521
278,55.0,35.0,2.0,0.5,1.0,MFpc,1F,M,MFcl,,,,,65.0,JPLMet_20250408_TS_1321,280.675,8.760413787234041,3.0198869444225
279,35.0,24.0,2.5,1.0,1.5,MFcl,4F,M,,,,,,65.0,JPLMet_20250408_TS_1321,125.07749999999999,1.643946794805195,0.3322473196667891
280,24.0,0.0,4.0,1.0,2.0,MFcl,F,M,,,,,,65.0,JPLMet_20250408_TS_1321,,1.193160454973739,0.23762979844227258
289,20.0,12.5,0.5,0.1,0.2,FCsf,F,D,Diurnal nsfg cups,9.2,10.5,114.0,20241201.0,20.0,BMO_20241201,,0.02608771794871795,
290,12.5,11.0,2.0,0.5,1.0,MFcr,F,D,MFcr crust made up of DHcp,1.6000000000000014,4.5,281.0,,20.0,BMO_20241201,,0.06888066666666666,
291,11.0,8.0,1.5,0.5,1.0,FC,F,D,FCso,2.999999999999999,6.0,200.0,,20.0,BMO_20241201,,1.0810210793650794,
292,8.0,0.0,2.5,1.0,1.5,MFcr,P,D,"Variable hardness
Old facets",6.2,14.0,226.0,,20.0,BMO_20241201,,2.7565353435127675,
301,52.0,51.5,1.5,0.5,1.0,SH,F,D,"SHcp, FCsf starting",,,,20241206.0,52.0,AM_20241206,,0.056674199999999994,
302,51.5,37.0,1.0,0.3,0.5,FC,F,D,FCso,15.0,31.0,206.66666666666663,,52.0,AM_20241206,2.5179,0.1304919843137255,
303,37.0,27.5,1.0,0.3,0.5,RGxf,1F,D,,9.5,16.5,173.68421052631578,,52.0,AM_20241206,7.3248000000000015,0.4412139939393939,
304,27.5,11.0,2.0,1.0,1.5,FC,1F,D,FCso,16.5,38.5,233.33333333333331,,52.0,AM_20241206,4.68077142857143,0.2749769448275862,
305,11.0,0.0,4.0,1.0,2.0,DHcp,1F,D,,11.0,26.0,236.3636363636364,,52.0,AM_20241206,10.954500000000003,0.537234485064935,
313,74.0,70.0,0.5,0.1,0.3,PP,F,D,PPir PPnd PPco,5.2,5.5,105.76923076923076,20250120.0,74.0,FEFHQ_20250120,0.981,0.07612724137931035,
314,70.0,56.0,1.0,0.3,0.5,FC,F,D,FCso,10.4,18.0,173.07692307692307,,74.0,FEFHQ_20250120,3.643714285714286,0.09209382626262627,
315,56.0,49.0,1.5,0.5,1.0,RGxf,4F,D,,8.8,20.0,227.27272727272725,,74.0,FEFHQ_20250120,7.11225,0.15694028571428573,
316,49.0,34.0,1.5,0.5,1.0,FC,1F,D,FCso,13.6,33.0,242.64705882352945,,74.0,FEFHQ_20250120,19.62,0.4046500419047619,
317,34.0,13.0,2.0,0.5,1.0,DHcp,4F,D,,22.6,47.5,210.1769911504425,,74.0,FEFHQ_20250120,13.874142857142857,0.4226296408163265,
318,13.0,0.0,4.0,1.0,2.0,DHla,4F,D,,12.8,28.5,222.65625,,74.0,FEFHQ_20250120,19.619999999999997,0.48775134065934067,
325,52.0,44.0,2.0,0.8,1.0,MFcr,K,D,MFcr MFpc,9.2,32.5,353.26086956521743,20250415.0,52.0,SLMet_20250415,268.8666666666667,5.650284877192982,
326,44.0,29.0,1.5,0.5,1.0,MFcl,1F,M,,15.0,43.5,290.0,,52.0,SLMet_20250415,63.765,0.8938921904761904,
327,29.0,0.0,2.5,1.0,1.5,MFcl,F,W,,28.2,79.5,281.9148936170213,,52.0,SLMet_20250415,,0.38875517241379304,
337,124.0,123.0,2.0,1.0,0.5,MFcr,4F,M,in melting stage of cycle,2.0,5.0,250.0,20241128.0,124.0,FCO_20240311,,,
338,123.0,83.0,0.5,0.3,0.4,RG,4F,D,"recent storm, rounded grains",20.5,37.0,180.4878048780488,,124.0,FCO_20240311,,,
339,83.0,78.0,0.5,0.3,0.4,RG,4F,D,,14.8,31.0,209.45945945945945,,124.0,FCO_20240311,57.38849999999999,,
340,78.0,77.0,3.0,1.0,2.0,MFcr,P,D,decomposing,6.2,17.0,274.1935483870968,,124.0,FCO_20240311,,,
341,77.0,57.0,0.5,0.3,0.4,RG,1F,D,,3.4,10.0,294.11764705882354,,124.0,FCO_20240311,104.9056875,,
342,57.0,56.0,2.0,2.0,2.0,MFcr,1F,D,,17.2,48.0,279.06976744186045,,124.0,FCO_20240311,155.4885,,
343,56.0,45.0,0.5,0.3,0.4,RG,1F,D,,1.8,7.0,388.88888888888886,,124.0,FCO_20240311,143.226,,
344,45.0,41.0,3.0,2.0,2.5,MFcr,P,D,w/ FCxr,22.0,75.0,340.90909090909093,,124.0,FCO_20240311,251.8367142857143,,
345,41.0,24.0,2.0,1.0,1.5,RG,1F,D,,23.8,73.0,306.7226890756302,,124.0,FCO_20240311,226.611,,
346,24.0,0.0,5.0,2.0,3.0,FC,F,M,"moist, Facets",5.0,28.0,560.0,,124.0,FCO_20240311,54.936,,
349,95.0,91.0,0.8,0.1,0.3,MFcr,P,D,,3.0,9.0,300.0,20250205.0,95.0,AM_20250205,46.761,0.6802508689655173,
350,91.0,75.0,0.8,0.1,0.3,RG,F,D,RGlr,14.799999999999995,33.0,222.97297297297305,,95.0,AM_20250205,,0.3857791256637168,
351,75.0,52.0,1.0,0.3,0.5,FCxr,1F,D,,23.200000000000003,66.0,284.4827586206896,,95.0,AM_20250205,44.23418181818182,1.185912357763975,
352,52.0,29.0,2.0,0.5,1.0,DHxr,F,D,,24.2,64.0,264.4628099173554,,95.0,AM_20250205,,0.5277472819875777,
353,29.0,0.0,4.0,0.5,2.0,DHxr,F,D,DHch,24.6,60.5,245.93495934959347,,95.0,AM_20250205,57.101844155844155,0.9597913574771042,
361,133.0,104.0,0.8,0.1,0.5,FCsf,F,D,,28.39999999999999,47.5,167.2535211267606,20250121.0,133.0,CLPX_FASP8_20250121,8.393,0.21987959802955662,
362,104.0,80.0,1.0,0.3,0.5,RG,1F,D,RGlr Necks and bonds,24.6,64.0,260.1626016260162,,133.0,CLPX_FASP8_20250121,38.095499999999994,0.8077831384615383,
363,80.0,61.0,2.0,0.5,1.0,FC,F,D,FCso,17.0,42.5,250.0,,133.0,CLPX_FASP8_20250121,15.696000000000002,0.49872496240601505,
364,61.0,45.0,3.0,1.0,1.5,DHcp,4F,D,,15.6,45.0,288.46153846153845,,133.0,CLPX_FASP8_20250121,32.373,1.2478276389380532,
365,45.0,14.0,2.0,0.5,1.0,RGxf,P,D,,27.0,97.8,362.22222222222223,,133.0,CLPX_FASP8_20250121,367.875,2.2548847315850544,
366,14.0,0.0,4.0,1.0,1.5,DHxr,4F,D,,15.0,44.5,296.6666666666667,,133.0,CLPX_FASP8_20250121,,4.156607983445567,
373,42.0,41.0,2.0,0.5,1.0,PPgp,F,D,,,,,20241217.0,42.0,SLMet_20241217,,0.06455419047619047,
374,41.0,37.0,1.0,0.3,0.5,DF,F,D,DFdc starting to round,5.8,7.5,129.31034482758622,,42.0,SLMet_20241217,,0.09479767816091954,
375,37.0,19.0,1.0,0.3,0.5,FC,4F,D,FCso,19.0,40.0,210.52631578947367,,42.0,SLMet_20241217,7.937181818181819,0.18808663517060373,
376,19.0,5.0,4.0,1.0,2.0,DHla,F,D,,11.6,24.5,211.20689655172416,,42.0,SLMet_20241217,24.647625000000005,0.2175000269360269,
377,5.0,0.0,4.0,1.0,2.0,IFbi,P,D,"Crust or ice lens, grains are DHla when broken apart",4.6,11.5,250.00000000000003,,42.0,SLMet_20241217,124.58699999999999,2.656175383838384,
385,132.0,128.5,0.8,0.3,0.5,MFcl,1F,M,Bonded clumps,5.799999999999997,18.5,319.0,20250228.0,132.0,DHMet_DHSMET_20250228,0.981,,
386,128.5,127.0,1.0,0.3,0.5,MFcr,P,D,MFcr,1.7999999999999972,4.5,250.0000000000004,,132.0,DHMet_DHSMET_20250228,19.293000000000003,,
387,127.0,95.0,0.3,0.1,0.2,RG,P,D,RGsr,30.80000000000001,70.5,229.0,,132.0,DHMet_DHSMET_20250228,35.851090909090914,,
388,95.0,86.0,0.3,0.1,0.2,RG,P,D,RGsr,8.199999999999989,24.5,299.0,,132.0,DHMet_DHSMET_20250228,277.95,,
389,86.0,71.0,1.5,0.5,1.0,FCxr,1F,D,Small chains,16.400000000000006,42.5,259.0,,132.0,DHMet_DHSMET_20250228,186.20833333333337,,
390,71.0,60.0,1.5,0.5,1.0,RG,1F,D,RGlr May have been facets but really rounded,8.600000000000001,32.5,378.0,,132.0,DHMet_DHSMET_20250228,59.405,,
391,60.0,45.0,1.5,0.5,1.0,RG,1F,D,RGlr,12.6,37.5,298.0,,132.0,DHMet_DHSMET_20250228,135.70499999999998,,
392,45.0,43.0,2.0,0.5,1.0,MFpc,P,D,,1.5999999999999943,5.5,344.0,,132.0,DHMet_DHSMET_20250228,57.22500000000001,,
393,43.0,31.0,2.0,1.0,1.5,FCxr,1F,D,,15.200000000000005,40.5,266.0,,132.0,DHMet_DHSMET_20250228,,,
394,31.0,26.0,2.5,1.0,1.5,FCxr,P,D,,3.6000000000000014,10.0,278.0,,132.0,DHMet_DHSMET_20250228,,,
395,26.0,12.0,3.0,1.0,2.0,FCxr,4F,M,,12.4,35.5,286.0,,132.0,DHMet_DHSMET_20250228,,,
396,12.0,0.0,3.0,1.0,2.0,DHxr,P,M,DHcp sparse,9.0,22.5,250.0,,132.0,DHMet_DHSMET_20250228,26.276785714285715,,
397,60.0,59.5,2.0,0.5,1.0,PPsd,F,D,Some PPgp,,,,20250107.0,60.0,SLMet_20250107,,0.043849099999999995,
398,59.5,46.0,1.0,0.5,0.8,DF,F,D,DFdc FCsf,13.0,17.5,134.6153846153846,,60.0,SLMet_20250107,3.7605000000000004,0.211743514893617,
399,46.0,33.0,1.0,0.3,0.5,RGxf,1F,D,,12.4,27.5,221.7741935483871,,60.0,SLMet_20250107,13.243500000000001,0.36420934065934063,
400,33.0,16.0,2.0,0.5,1.0,DHpr,F,D,Early cups,17.4,39.5,227.0114942528736,,60.0,SLMet_20250107,44.47200000000001,0.284387287394958,
401,16.0,6.0,3.0,1.0,1.5,DHla,4F,D,DHch,9.0,19.5,216.66666666666663,,60.0,SLMet_20250107,54.69075000000001,0.40169057464788727,
402,6.0,0.0,2.0,0.5,1.0,MFcl,P,D,Some signs of rounding,4.6,9.5,206.5217391304348,,60.0,SLMet_20250107,,3.3250951073320407,
409,146.0,143.0,2.0,0.5,1.0,MFcr,K,D,"MFpc, FCsf
3.6-12.5",3.6,12.5,386.38007,20250409.0,146.0,AM_20250409,136.5225,3.3640660714285713,5.4761892276597095
410,143.0,125.0,1.0,0.3,0.5,FCxr,4F,D,15.6-38.5,15.6,38.5,247.0,,146.0,AM_20250409,41.04487012987013,1.9504944094488186,0.34907474941935057
411,125.0,122.5,,,,IFil,I,D,"Lenses at boundaries, some facets between.  FCso MFpc
3.2-15.5",3.5,15.5,417.5118269,,146.0,AM_20250409,197.18099999999998,1.264489611111111,12.285360700695213
412,122.5,120.0,0.8,0.1,0.5,RGxf,1F,D,2-5,2.0,5.0,250.0,,146.0,AM_20250409,309.015,7.511847583333333,4.310695088378713
413,120.0,118.0,,,,IFil,I,D,"Lenses at boundaries, some facets between FCso, MFpc
2.2-10",2.2,10.0,361.2755075,,146.0,AM_20250409,272.2275,14.878565633333336,4.7523102717298515
414,118.0,93.0,1.0,0.8,0.3,RG,1F,D,23.8-77.5,23.8,77.5,326.0,,146.0,AM_20250409,156.70184210526315,6.163405911428572,0.8126660734922334
415,93.0,66.0,1.0,0.8,0.5,RG,P,D,27.8-108.6,27.8,108.6,391.0,,146.0,AM_20250409,398.94000000000005,11.892950298941798,2.5440489556254726
416,66.0,49.0,1.5,0.5,1.0,RG,1F,D,14.2-49.5,14.2,49.5,349.0,,146.0,AM_20250409,104.91250000000001,3.6640768571428572,0.4741943015605511
417,49.0,10.0,4.0,1.0,2.0,FCxr,F,D,"DHxr
40.6-118.5",40.6,118.5,292.0,,146.0,AM_20250409,49.05,2.616605923076923,0.24953366780102168
418,10.0,0.0,6.0,1.0,2.0,DHxr,1F,D,"DHla
9.4-23.5",9.4,23.5,250.0,,146.0,AM_20250409,147.45656250000002,2.463134718309859,0.7455752271530072
421,84.0,67.0,1.0,0.3,0.5,DF,F,D,DFdc FCsf,15.200000000000005,21.5,141.4473684210526,20250213.0,84.0,CLPX_FASP8_20250213,3.2232857142857148,0.10353631512605041,
422,67.0,63.0,0.8,0.1,0.5,RGwp,P,D,RGla,3.0,8.5,283.3333333333333,,84.0,CLPX_FASP8_20250213,11.772,1.1657019655172411,
423,63.0,48.0,1.0,0.3,0.5,RGxf,F,D,,14.200000000000005,31.5,221.8309859154929,,84.0,CLPX_FASP8_20250213,11.608500000000001,0.41245168095238094,
424,48.0,25.0,3.0,0.5,1.0,FCxr,F,D,"DHch Some cups, few striations",22.0,48.5,220.4545454545455,,84.0,CLPX_FASP8_20250213,11.240625000000001,0.41439630124223603,
425,25.0,11.0,5.0,1.0,1.5,DHxr,1F,D,,14.6,41.5,284.24657534246575,,84.0,CLPX_FASP8_20250213,55.154,1.7702090707070706,
426,11.0,0.0,8.0,1.0,2.0,DHla,4F,D,Possibly rounding,14.2,33.0,232.3943661971831,,84.0,CLPX_FASP8_20250213,29.430000000000003,1.0177681493506492,
433,94.5,94.0,16.0,1.0,4.0,PPgp,F,D,,2.8,8.5,303.5714285714286,20250226.0,94.5,JPLMet_20250226,,0.8615392499999999,
434,94.0,92.0,1.0,0.3,0.5,MFcr,K,D,MFcr MFpc,6.4,15.5,242.1875,,94.5,JPLMet_20250226,64.8441,1.8495105333333333,
435,92.0,83.5,1.0,0.3,0.5,RG,4F,D,RGlr RGxf,13.6,32.5,238.9705882352941,,94.5,JPLMet_20250226,66.2175,0.7491834333333334,
436,83.5,68.0,0.8,0.3,0.5,RG,1F,D,RGlr,8.0,21.5,268.75,,94.5,JPLMet_20250226,40.13181818181818,1.7354101296296296,
437,68.0,60.0,1.0,0.3,0.5,RG,P,D,RGlr,3.2,12.0,375.0,,94.5,JPLMet_20250226,108.7275,4.147676508771929,
438,60.0,57.0,1.0,0.5,0.8,MFcr,K,D,MFcr MFpc,18.2,49.5,271.978021978022,,94.5,JPLMet_20250226,186.39000000000001,3.377342285714285,
439,57.0,36.0,1.5,0.5,1.0,FCxr,F,D,Very rounded,24.4,62.0,254.0983606557377,,94.5,JPLMet_20250226,,0.48710921088435377,
440,36.0,12.0,4.0,1.0,1.5,DHxr,F,D,,11.4,35.5,311.4035087719298,,94.5,JPLMet_20250226,,1.019278047337278,
441,12.0,0.0,6.0,1.0,2.0,DHxr,1F,D,,,,,,94.5,JPLMet_20250226,,0.8311910344827587,
445,105.0,104.5,2.0,0.5,1.0,SH,F,D,"SHcp
FCsf
Needles",,,,20250128.0,105.0,DHMet_20250128,,0.031024000000000003,
446,104.5,94.0,1.0,0.3,0.5,FCsf,F,D,,11.599999999999994,15.5,133.62068965517247,,105.0,DHMet_20250128,3.5561249999999998,0.10137301621621622,
447,94.0,78.0,1.5,0.5,1.0,RGxf,4F,D,,16.200000000000003,30.5,188.2716049382716,,105.0,DHMet_20250128,21.582,0.34142872920353984,
448,78.0,66.0,1.5,0.5,1.0,RGxf,1F,D,,12.199999999999996,31.0,254.0983606557378,,105.0,DHMet_20250128,27.27725,0.4540909882352941,
449,66.0,49.0,2.0,0.5,1.0,FC,P,D,FCso,14.0,37.5,267.85714285714283,,105.0,DHMet_20250128,84.20250000000003,1.0787255226890757,
450,49.0,21.0,6.0,2.0,4.0,DH,1F,D,"DHch
FCso
DHcp",27.6,74.0,268.1159420289855,,105.0,DHMet_20250128,48.130312499999995,0.8280027756345177,
451,21.0,0.0,6.0,2.0,4.0,DHcp,1F,D,DHla DHch,19.0,50.5,265.7894736842105,,105.0,DHMet_20250128,85.7746153846154,1.2131984846691988,
457,99.0,97.0,6.5,2.0,4.0,FC,F,D,Heavily striated,2.0,3.1,157.4,20241206.0,99.0,PLT1_20241206,,0.0981582476190476,0.16688909938937183
458,97.0,85.0,3.0,1.0,1.5,FCxr,F,D,,12.0,21.9,182.5,,99.0,PLT1_20241206,,0.2587291731092437,1.159998937219076
459,85.0,54.0,1.5,0.4,1.0,RGxf,4F,D,,31.0,62.0,199.9,,99.0,PLT1_20241206,46.16470588235295,1.0772841830151416,1.9814664873578298
460,54.0,43.0,0.6,0.3,0.5,RG,1F,D,some faceted edges,,,292.1,,99.0,PLT1_20241206,276.315,5.444298812615955,2.1314121646989848
461,43.0,16.0,0.6,0.2,0.4,RG,1F,D,,,,336.0,,99.0,PLT1_20241206,266.77750000000003,5.795531348450491,0.29774474541796886
462,13.0,0.0,2.5,1.0,1.5,FCxr,4F,D,,,,342.9,,99.0,PLT1_20241206,149.6025,2.6266853312401883,5.1165964113773965
463,67.0,59.0,1.0,0.3,1.0,MFpc,F,W,some MFcl,,,,20250408.0,67.0,JPLMet_20250408_TS_1225,,3.687764175438596,0.3163612502117981
464,59.0,40.0,2.0,0.5,1.5,MFpc,P,M,some MFcl,,,,,67.0,JPLMet_20250408_TS_1225,312.5185714285714,14.89335069924812,3.0686474956898246
465,40.0,20.0,2.0,1.0,1.5,MFcl,4F,M,some RGlr,,,,,67.0,JPLMet_20250408_TS_1225,44.98585714285714,2.628219219858156,0.3270534230177959
466,20.0,0.0,3.0,1.0,2.0,MFcl,F,M,RGlr',,,,,67.0,JPLMet_20250408_TS_1225,15.115408163265307,0.6507488745183448,0.2062412729495757
475,63.0,62.5,2.0,0.5,1.0,PPsd,F,D,,,,,20241230.0,63.0,FEFHQ_20241230,,0.05149429999999999,
476,62.5,57.0,1.0,0.3,0.5,DF,F,D,DFbk Few PPgp,5.6,4.0,71.0,,63.0,FEFHQ_20241230,,0.11178262105263156,
477,57.0,54.0,1.0,0.3,0.5,PPgp,1F,D,,3.8,5.0,132.0,,63.0,FEFHQ_20241230,0.981,0.3091689333333333,
478,54.0,37.0,1.0,0.3,0.5,RGxf,4F,D,,17.4,29.0,167.0,,63.0,FEFHQ_20241230,11.281500000000001,0.2667123596638656,
479,37.0,18.0,1.5,0.5,1.0,DHpr,F,D,,16.8,37.5,223.0,,63.0,FEFHQ_20241230,6.989625,0.15321807218045114,
480,18.0,16.0,4.0,1.0,2.0,DHla,1F,D,Faceting crust? Comes out in clumps,4.2,9.5,226.0,,63.0,FEFHQ_20241230,11.772,0.3039170133333333,
481,16.0,0.0,5.0,1.0,2.0,DHla,F,D,,13.8,29.5,214.0,,63.0,FEFHQ_20241230,10.300500000000003,0.2734338288603937,
487,45.0,44.5,0.5,0.1,0.3,PPgp,F,D,Some very small plates,,,,20241210.0,45.0,JPLMet_20241210,,0.035456,
488,44.5,39.0,0.7,0.3,0.5,DF,F,D,"DFbk
Stellars, plates",6.6,4.5,68.18181818181819,,45.0,JPLMet_20241210,,0.03867794736842105,
489,39.0,20.0,1.5,0.5,1.0,FC,F,D,,19.2,35.5,184.89583333333331,,45.0,JPLMet_20241210,3.02475,0.07899123609022556,
490,20.0,16.0,2.5,1.0,2.0,FC,1F,D,"Some cups, prisms, few striations",3.6,9.0,250.0,,45.0,JPLMet_20241210,11.772,0.24790544827586208,
491,16.0,4.0,2.5,1.0,2.0,DHla,F,D,"Cups, striations, lots of clean prisms",9.6,18.0,187.5,,45.0,JPLMet_20241210,9.115124999999999,0.19041957647058821,
492,4.0,0.0,3.0,1.5,2.0,DHla,1F,D,,4.6,10.5,228.2608695652174,,45.0,JPLMet_20241210,9.810000000000002,1.9026340113943032,
499,42.0,41.5,2.0,0.5,1.0,SHxr,F,M,Some PPsd/DFbk,,,,20241204.0,42.0,JPLMet_20241204,,,
500,41.5,21.0,1.5,0.5,1.0,FCxr,F,M,Some necks,21.0,35.5,169.04761904761904,,42.0,JPLMet_20241204,5.195666666666667,,
501,21.0,14.0,1.0,0.3,0.5,RGxf,4F,D,"Old surface, maybe MF faceting",7.0,11.5,164.28571428571428,,42.0,JPLMet_20241204,21.582,,
502,14.0,0.0,3.0,1.0,2.0,DHpr,F,D,Some cups/striations,14.0,22.0,157.14285714285714,,42.0,JPLMet_20241204,10.682,,
511,92.0,91.5,1.5,0.5,1.0,DF,F,D,"DFbk, FCsf secondary",,,,20250108.0,92.0,AM_20250108,,0.06099540000000001,
512,91.5,88.0,1.5,0.5,1.0,DF,F,D,DFbk,4.200000000000003,3.0,71.42857142857137,,92.0,AM_20250108,,0.1067511833333333,
513,88.0,82.0,1.0,0.3,0.5,FC,F,D,FCso,6.200000000000003,8.5,137.09677419354833,,92.0,AM_20250108,1.4715,0.16951111627906976,
514,82.0,62.0,0.5,0.1,0.3,RGxf,1F,D,,19.8,44.5,224.7474747474748,,92.0,AM_20250108,41.06185714285714,1.1484089957446808,
515,62.0,50.0,0.5,0.1,0.3,RGxf,1F,D,,11.200000000000005,26.5,236.6071428571428,,92.0,AM_20250108,55.59,0.8711891152941176,
516,50.0,28.0,3.0,1.0,2.0,FC,F,D,FCso,20.6,52.5,254.85436893203885,,92.0,AM_20250108,,0.50168024,
517,28.0,0.0,4.0,1.0,2.0,DHcp,P,D,,26.2,94.5,360.6870229007634,,92.0,AM_20250108,,0.6880539390862944,
523,90.0,89.0,16.0,2.0,8.0,PPgp,F,D,DFdc,1.0,2.5,250.0,20250226.0,90.0,SLMet_20250226,,7.539306857142857,
524,89.0,86.5,1.0,0.3,0.5,MFcr,K,D,MFcr,2.0,5.5,275.0,,90.0,SLMet_20250226,51.257250000000006,1.2205851111111112,
525,86.5,75.0,0.8,0.1,0.3,RG,1F,D,RGlr DFdc,10.2,19.5,191.1764705882353,,90.0,SLMet_20250226,28.729285714285716,0.71385393,
526,75.0,64.0,1.0,0.3,0.5,RG,1F,D,RGsr,10.0,21.5,215.0,,90.0,SLMet_20250226,43.531875,1.4736543896103895,
527,64.0,57.0,1.5,0.5,0.8,RGxf,1F,D,,8.0,20.5,256.25,,90.0,SLMet_20250226,69.89625,1.9868656000000002,
528,57.0,55.0,1.0,0.5,0.8,MFcr,K,D,MFcr MFpc,4.0,10.5,262.5,,90.0,SLMet_20250226,71.94,1.67786656,
529,55.0,31.0,2.0,0.5,1.0,FCxr,F,D,,20.0,56.0,280.0,,90.0,SLMet_20250226,,0.35262001656804737,
530,31.0,15.0,2.0,0.5,1.0,DHxr,4F,D,Old cups/striations,15.8,43.5,275.3164556962025,,90.0,SLMet_20250226,32.79732142857143,0.47643313628318584,
531,15.0,0.0,4.0,1.0,2.0,DHxr,1F,D,,16.8,49.5,294.6428571428571,,90.0,SLMet_20250226,52.865,1.1346596249797511,
535,39.0,38.5,1.0,0.3,0.5,FCsf,F,D,,,,,20241204.0,39.0,SLMet_20241204,,0.031301,
536,38.5,33.5,1.0,0.3,0.5,FC,1F,D,"FCso
Needles Prisms",5.5,6.0,109.0909090909091,,39.0,SLMet_20241204,,0.07681605714285714,
537,33.5,21.5,1.5,0.5,0.7,FC,4F,D,,12.0,22.0,183.33333333333331,,39.0,SLMet_20241204,3.2495625000000006,0.09730847058823529,
538,21.5,18.0,1.5,0.5,1.0,FCxr,1F,D,FCso,3.5,11.5,328.57142857142856,,39.0,SLMet_20241204,9.3195,0.19784725,
539,18.0,6.0,2.5,1.0,2.0,FC,F,D,"FCso
Few striations",12.0,24.0,200.0,,39.0,SLMet_20241204,29.429999999999996,0.236408094117647,
540,6.0,0.0,4.0,1.0,2.0,MFcl,P,D,Some small patches of IFbi,8.0,12.5,156.25,,39.0,SLMet_20241204,15.092307692307694,3.397128,
547,96.0,94.0,2.0,1.0,1.0,MFcl,F,N/O,liquid water present,,,,20250204.0,96.0,BMO_20250224,,,
548,94.0,92.0,1.0,1.0,1.0,MFcl,F,N/O,liquid water present,,,,,96.0,BMO_20250224,0.981,,
549,92.0,68.0,0.5,0.3,0.3,RG,4F,N/O,,,,,,96.0,BMO_20250224,,,
550,68.0,66.0,0.5,0.3,0.5,RG,4F,N/O,,,,,,96.0,BMO_20250224,,,
551,66.0,62.0,0.5,0.5,0.5,RG,4F,N/O,,,,,,96.0,BMO_20250224,,,
552,62.0,59.0,2.0,1.0,1.0,MFcr,1F,N/O,,,,,,96.0,BMO_20250224,,,
553,59.0,57.0,1.0,1.0,1.0,RG,F,N/O,,,,,,96.0,BMO_20250224,,,
554,57.0,54.0,4.0,2.0,3.0,MFcr,1F,N/O,,,,,,96.0,BMO_20250224,,,
555,54.0,52.0,3.0,1.0,2.0,RG,F,N/O,,,,,,96.0,BMO_20250224,,,
556,52.0,50.0,3.0,1.0,2.0,MFcr,1F,N/O,,,,,,96.0,BMO_20250224,,,
557,50.0,43.0,3.0,1.0,1.0,FCxr,F,N/O,,,,,,96.0,BMO_20250224,,,
558,43.0,25.0,4.0,2.0,3.0,FCxr,4F,N/O,,,,,,96.0,BMO_20250224,,,
559,25.0,0.0,3.0,1.0,2.0,FCxr,4F,N/O,,,,,,96.0,BMO_20250224,62.358900000000006,,
563,100.0,99.5,1.0,0.3,0.5,FCsf,F,D,"Early SH, some DFbk",,,,20250115.0,100.0,FST_20250115,,0.03988799999999999,
564,99.5,83.0,0.8,0.3,0.5,RGwp,F,D,RGwp DFdc,17.0,20.0,118.0,,100.0,FST_20250115,1.7985,0.08842795172413793,
565,83.0,66.0,0.8,0.1,0.5,RG,4F,D,RGlr,14.799999999999995,33.0,220.0,,100.0,FST_20250115,10.872750000000003,0.46202575798319323,
566,66.0,55.0,1.0,0.3,0.5,RG,1F,D,"RGlr Necks, bonds",11.599999999999994,30.0,259.0,,100.0,FST_20250115,41.6925,0.8302071324675324,
567,55.0,48.0,1.5,0.5,1.0,RGxf,P,D,,6.800000000000004,20.0,287.0,,100.0,FST_20250115,63.765,1.240406,
568,48.0,30.0,2.0,0.5,1.0,FCxr,1F,D,,18.8,50.0,266.0,,100.0,FST_20250115,25.09433035714286,0.6423843748031496,
569,30.0,0.0,2.5,1.0,2.0,DHxr,F,D,SOME DHch,28.6,74.0,257.0,,100.0,FST_20250115,32.72286713286713,0.6905224792228536,
575,103.0,100.0,2.0,0.5,1.0,MFsl,F,W,,3.4,10.5,308.8235294117647,20230312.0,103.0,LFMet_20250312,,0.35139428571428566,
576,100.0,96.0,2.0,0.5,1.0,MFcr,K,M,MFpc,4.8,12.5,260.4166666666667,,103.0,LFMet_20250312,16.513500000000004,2.0976159310344826,
577,96.0,79.0,1.0,0.3,0.5,FCxr,4F,M,,17.800000000000004,45.5,255.61797752808985,,103.0,LFMet_20250312,22.236,0.4986721596638656,
578,79.0,68.0,0.8,0.3,0.5,RG,1F,M,,9.0,27.0,300.0,,103.0,LFMet_20250312,93.808125,2.933257324675324,
579,68.0,66.0,1.0,0.3,0.5,MFpc,P,M,,2.6000000000000014,8.5,326.92307692307674,,103.0,LFMet_20250312,112.815,2.6227468000000007,
580,66.0,32.0,1.0,0.5,0.8,FCxr,F,M,,35.8,108.0,301.6759776536313,,103.0,LFMet_20250312,37.83208333333334,0.7530992552301254,
581,32.0,18.0,3.0,0.5,1.0,FCxr,F,D,,15.6,42.0,269.2307692307692,,103.0,LFMet_20250312,,0.5875505757575756,
582,18.0,0.0,6.0,1.0,2.0,DHxr,1F,D,,12.0,31.5,262.5,,103.0,LFMet_20250312,31.746250000000003,0.8026534419470294,
587,47.0,46.5,6.0,1.0,2.0,PPsd,F,D,Partly DFbk,,,,20241129.0,47.0,FEFHQ_20241129,,,
588,46.5,24.0,2.0,0.5,1.0,DF,F,D,DFbk starting to facet,23.0,26.0,113.0,,47.0,FEFHQ_20241129,2.2072500000000006,,
589,24.0,19.0,1.0,0.3,0.5,MFcl,4F,D,Faceting but small clusters,5.0,17.0,340.0,,47.0,FEFHQ_20241129,8.09325,,
590,19.0,0.0,4.0,1.0,2.0,DHcp,F,D,Sea salt,19.0,29.0,152.6,,47.0,FEFHQ_20241129,8.21959090909091,,
599,72.0,71.5,1.0,0.1,0.5,FCsf,F,D,Could be some SHsu,,,,20241211.0,72.0,FST_20241211,,0.0541535,
600,71.5,61.0,1.0,0.3,0.5,DF,F,D,DFbk broken & decomposing,9.8,9.5,97.0,,72.0,FST_20241211,0.981,0.07240181081081079,
601,61.0,41.0,1.0,0.3,0.5,RG,F,D,RGlr some early facets,18.4,34.0,185.0,,72.0,FST_20241211,7.497642857142858,0.18395550354609927,
602,41.0,35.0,1.5,0.5,1.0,RG,1F,D,RGlr,7.4,18.0,143.0,,72.0,FST_20241211,21.582,0.569731023255814,
603,35.0,13.0,1.5,0.5,1.0,FC,4F,D,FCso,22.2,53.5,241.0,,72.0,FST_20241211,19.339714285714283,0.3955131096774194,
604,13.0,6.0,2.0,1.0,1.5,DHcp,F,D,,6.2,16.5,254.0,,72.0,FST_20241211,39.24,0.5969632653061224,
605,6.0,0.0,3.0,1.0,2.0,DHcp,1F,D,,7.4,21.0,284.0,,72.0,FST_20241211,30.043125000000003,0.38061088372093016,
611,92.5,92.0,2.0,0.1,0.25,PP,F,D,rain event,0.5,1.1,222.1,20250206.0,92.5,CCY_20250206,,0.7004637499999999,0.16497398248727682
612,92.0,91.5,1.5,0.1,0.5,MFcr,1F,D,,0.5,1.1,301.249001525,,92.5,CCY_20250206,,0.727956,0.613494263997047
613,91.5,83.5,1.0,0.1,0.25,DF,F,M,,8.0,22.4,280.2,,92.5,CCY_20250206,,0.15183001754385966,0.16507248159719878
614,83.5,78.0,4.0,0.5,2.0,MFcr,P,M,Rounded grains,5.5,16.1,318.617262875,,92.5,CCY_20250206,116.739,3.389379289473684,1.0863003033241452
615,78.0,74.0,1.5,0.5,0.5,DF,4F,M,,4.0,11.2,278.8,,92.5,CCY_20250206,63.765,4.3169112758620685,0.7632768585218404
616,74.0,67.0,1.5,0.5,1.0,MFcr,1F,M,Wet,7.0,18.0,332.769793075,,92.5,CCY_20250206,125.0775,1.4696545918367345,1.3641288408116674
617,67.0,61.0,0.5,0.1,0.25,MF,4F,W,Wet,6.0,15.8,264.1,,92.5,CCY_20250206,90.33375000000001,1.210554418604651,0.7191667836909169
618,61.0,58.0,0.5,0.1,0.25,MFcr,F,W,wet crystals,3.0,7.8,339.288132925,,92.5,CCY_20250206,90.33375000000001,3.3873670476190463,2.313518766655701
619,58.0,56.0,2.0,1.0,0.25,FC,F,W,,2.0,4.6,229.5,,92.5,CCY_20250206,44.144999999999996,3.900067666666666,1.1558335811488718
620,56.0,47.0,2.0,0.5,1.0,FC,P,W,"faceted wet melt forms, melted crust",9.0,22.5,249.8,,92.5,CCY_20250206,112.815,0.342899619047619,0.3179535807045648
621,47.0,37.0,2.0,0.25,1.0,FC,F,W,wet crystals,10.0,25.7,257.3,,92.5,CCY_20250206,,0.11641022535211268,0.2977127347717739
622,37.0,27.0,2.5,0.25,2.0,FC,F,M,,10.0,28.3,282.6,,92.5,CCY_20250206,,0.21055901408450706,0.3582573248004221
623,27.0,20.0,4.0,1.0,2.0,MFcr,P,W,"faceted crystals chains
layer between MFcr",7.0,20.1,341.767705625,,92.5,CCY_20250206,53.65979166666667,4.847364326530612,2.5375567495354576
624,20.0,15.0,2.5,1.0,2.0,FC,4F,W,melt forms,5.0,16.4,327.7,,92.5,CCY_20250206,80.56916666666666,0.9498963142857142,0.5912459664434289
625,15.0,10.0,3.0,1.0,2.0,FC,F,M,melt forms,,,283.4,,92.5,CCY_20250206,39.24,0.4139883714285714,1.7284141551100314
626,10.0,4.0,3.0,1.0,2.0,FC,F,M,,,,257.7,,92.5,CCY_20250206,47.415,1.372200023255814,1.7585884586566116
627,4.0,0.0,4.0,1.0,2.0,FC,F,W,,,,,,92.5,CCY_20250206,,8.246398707717569,0.3465291013541071
628,185.0,155.0,0.8,0.1,0.5,DF,F,D,"DFdc
FCsf",29.2,55.5,190.06849315068493,20250407.0,185.0,FST_20250407,,0.4369432132701422,
629,155.0,153.0,1.0,0.3,0.5,MFcr,K,D,,1.8,5.5,305.55555555555554,,185.0,FST_20250407,44.145,1.1044820999999998,
630,153.0,138.0,0.8,0.1,0.3,RG,1F,D,RGlr,16.4,46.5,283.5365853658537,,185.0,FST_20250407,117.72,2.896897657142857,
631,138.0,81.0,1.0,0.3,0.5,RG,P,D,RGlr,54.8,199.0,363.13868613138686,,185.0,FST_20250407,334.27575,8.025737948621554,
632,81.0,47.0,2.0,0.8,1.5,FCxr,1F,D,,32.8,112.5,342.9878048780488,,185.0,FST_20250407,184.550625,4.222228711297071,
633,47.0,32.0,3.0,1.0,1.5,FCxr,F,D,,14.4,43.5,302.0833333333333,,185.0,FST_20250407,105.45750000000001,2.565992138095238,
634,32.0,0.0,6.0,1.0,2.0,DHxr,4F,D,,29.8,96.0,322.1476510067114,,185.0,FST_20250407,112.59204545454544,1.6255443377777776,
640,168.0,166.0,0.8,0.1,0.3,FCsf,F,D,SHxr DFdc PPgp,2.0,3.5,175.0,20250227.0,168.0,FST_20250227,,0.03930937777777777,
641,166.0,160.0,0.8,0.1,0.5,DF,F,D,DFdc,4.0,4.0,100.0,,168.0,FST_20250227,,0.04342672868217054,
642,160.0,145.0,0.8,0.1,0.3,RG,4F,D,RGsr,13.8,21.0,152.17391304347825,,168.0,FST_20250227,14.911200000000003,0.2546271936507936,
643,145.0,129.0,0.8,0.1,0.3,RG,1F,D,RGsr Visible necks Faint DFdc,14.8,29.0,195.94594594594597,,168.0,FST_20250227,57.25472727272729,0.9992378702064898,
644,129.0,110.0,0.8,0.1,0.3,RG,1F,D,RGsr Starting to facet,18.4,40.5,220.10869565217396,,168.0,FST_20250227,99.04326923076925,1.5037462205513783,
645,110.0,87.0,1.0,0.3,0.5,RG,P,D,RGlr,22.4,61.0,272.3214285714286,,168.0,FST_20250227,176.2734375,2.801009089026915,
646,87.0,62.0,1.5,0.5,1.0,FCxr,1F,D,,25.0,77.5,310.0,,168.0,FST_20250227,105.45749999999998,1.8239906552380951,
647,62.0,43.0,2.0,0.5,1.0,FCxr,1F,D,,17.0,55.5,326.47058823529414,,168.0,FST_20250227,690.2035714285715,1.9008614736842107,
648,43.0,22.0,2.5,0.5,2.0,FCxr,1F,D,Very round,21.2,56.5,266.5094339622641,,168.0,FST_20250227,411.669642857143,1.3510803764172337,
649,22.0,0.0,4.0,1.0,2.0,DHxr,1F,D,Large chains clumps,25.0,69.5,278.0,,168.0,FST_20250227,513.3900000000001,1.1361694107526878,
652,37.0,35.0,2.5,0.8,1.5,MFcl,F,M,MFpc,4.4,10.5,238.63636363636363,20250415.0,37.0,JPLMet_20250415,,0.22113217777777774,
653,35.0,14.0,4.0,1.0,2.0,MFpc,K,D,MFcl,18.8,82.0,436.17021276595744,,37.0,JPLMet_20250415,124.37678571428572,5.779233782312925,
654,14.0,0.0,8.0,1.0,3.0,MFcl,4F,M,,13.0,50.0,384.61538461538464,,37.0,JPLMet_20250415,,0.3792377645755803,
664,130.0,128.0,1.0,0.3,0.5,MFcr,P,M,Well bonded,3.6,8.8,244.44444444444449,20250225.0,130.0,DHMet_20250225,88.29,5.960714986666666,
665,128.0,123.0,0.5,0.1,0.3,RGxf,F,D,,3.4,8.0,235.29411764705884,,130.0,DHMet_20250225,96.46500000000002,0.5208866285714285,
666,123.0,121.0,0.5,0.1,0.3,MFcr,P,D,Crust,1.0,3.5,350.0,,130.0,DHMet_20250225,30.7925,1.3179142933333332,
667,121.0,89.0,0.5,0.1,0.3,RG,1F,D,RGsr,33.6,74.5,221.72619047619045,,130.0,DHMet_20250225,51.75130434782609,1.4387754257777776,
668,89.0,75.0,0.5,0.1,0.3,RG,P,D,RGsr,10.0,27.5,275.0,,130.0,DHMet_20250225,118.265,4.126941858585859,
669,75.0,72.0,1.0,0.5,0.8,MFcr,K,D,Well bonded,3.4,13.5,397.05882352941177,,130.0,DHMet_20250225,129.165,1.172432838095238,
670,72.0,40.0,2.0,0.5,1.0,FCxr,P,D,,32.6,107.0,328.22085889570553,,130.0,DHMet_20250225,50.684999999999995,1.324038824888889,
671,40.0,20.0,2.5,1.0,1.5,DHxr,1F,D,,18.8,51.5,273.93617021276594,,130.0,DHMet_20250225,61.256761363636365,0.8120909191489363,
672,20.0,0.0,3.0,1.0,2.0,DHxr,K,D,,20.0,74.0,370.0,,130.0,DHMet_20250225,,1.0540965886422775,
676,61.0,54.0,2.0,0.6,1.5,PPrm,F,,some clean stellars.  ,7.0,10.0,142.85714285714286,20241213.0,61.0,BOG_20241213,4.4145,0.19405263265306122,
677,54.0,52.0,2.0,0.8,1.0,MFcr,1F,,"faceted edges, faceting",1.8,5.0,277.77777777777777,,61.0,BOG_20241213,20.404800000000005,0.4326924666666668,
678,52.0,42.0,2.0,1.0,1.5,FCxr,F,,,,,,,61.0,BOG_20241213,11.772000000000002,0.17472847887323945,
679,42.0,40.0,1.5,0.5,1.0,MFcr,4F,,"faceting, some opacity",,,,,61.0,BOG_20241213,11.772,0.8661051333333334,
680,40.0,38.5,2.0,1.0,1.5,FC,F,,,,,,,61.0,BOG_20241213,11.772,0.8694199,
681,38.5,36.5,1.5,0.8,1.0,MFcr,4F,,heavily faceted,,,,,61.0,BOG_20241213,36.4932,4.8180826,
682,36.5,34.5,1.5,0.5,1.0,FC,F,,some squares,,,,,61.0,BOG_20241213,36.297000000000004,4.089166333333333,
683,34.5,33.0,1.0,0.5,0.8,MFcr,1F,,faceting,,,,,61.0,BOG_20241213,76.02749999999999,4.465101499999999,
684,33.0,21.0,1.5,0.5,1.0,RGxf,4F,,heavily faceted,,,,,61.0,BOG_20241213,46.14333333333334,1.5837491294117647,
685,21.0,20.0,1.0,0.3,0.5,MFcr,4F,,some 1F,,,,,61.0,BOG_20241213,58.86,1.6986431428571427,
686,20.0,13.0,2.0,1.0,1.5,FC,4F,,early striations,,,,,61.0,BOG_20241213,39.24,1.2277714081632654,
687,13.0,9.0,1.5,0.8,1.0,MFcr,1F,,,,,,,61.0,BOG_20241213,94.42124999999999,3.8804070344827584,
688,9.0,0.0,2.0,0.8,1.0,FCxr,P,,,,,,,61.0,BOG_20241213,117.72,4.594866551502871,
689,70.0,69.5,2.0,0.5,1.0,SHxr,F,D,,,,,20241205.0,70.0,FST_20241205,,0.06371,
690,69.5,53.0,0.5,0.1,0.3,RGxf,F,D,,17.0,21.0,123.52941176470588,,70.0,FST_20241205,3.924000000000001,0.11433604827586208,
691,53.0,40.0,0.5,0.1,0.3,RG,1F,D,RGla ,13.0,27.5,211.53846153846155,,70.0,FST_20241205,14.96025,0.3915124087912088,
692,40.0,37.0,0.5,0.1,0.3,RGxf,1F,D,,3.0,8.5,283.3333333333333,,70.0,FST_20241205,32.373,1.0006453523809522,
693,37.0,23.0,1.0,0.3,0.5,FC,4F,D,FCso,14.0,30.0,214.28571428571428,,70.0,FST_20241205,12.344250000000002,0.3523025898989899,
694,23.0,0.0,2.0,0.5,1.0,DHpr,4F,D,Prisms,23.0,63.0,273.9130434782609,,70.0,FST_20241205,18.189375000000002,0.7830346111801243,
701,120.0,112.0,2.0,0.4,1.0,DF,F,D,,8.0,16.3,203.8,20241212.0,120.0,BDG_20241212,,0.15622799999999998,0.13726125294105374
702,112.0,110.0,1.0,0.4,0.8,DF,F,D,Very rounded,2.0,4.4,222.1,,120.0,BDG_20241212,6.867000000000001,0.191961,0.16170524330646838
703,110.0,107.0,6.0,2.0,4.0,SH,F,D,fealthers and striations,3.0,6.9,229.9,,120.0,BDG_20241212,,0.10363757142857144,0.12881502218424262
704,107.0,94.0,0.5,1.0,1.5,FCxr,F,D,heavily rounded,13.0,32.4,249.0,,120.0,BDG_20241212,15.696000000000002,0.4539238571428572,0.21297768541356638
705,94.0,93.0,0.4,0.6,1.0,RG,4F,D,previously facets,1.0,2.7,270.3,,120.0,BDG_20241212,,0.8712441428571429,0.29731026999286786
706,93.0,78.0,0.6,0.3,0.4,RG,4F,D,some faceted edges,14.6,40.5,277.3972602739726,,120.0,BDG_20241212,55.263,1.184510038095238,0.41642784309681413
707,78.0,74.0,1.0,0.3,0.7,MFcr,P,D,"well bonded, some faceted edges",5.8,18.0,326.48912968,,120.0,BDG_20241212,161.86499999999998,3.7947471724137927,1.265611148228274
708,74.0,51.0,0.8,0.2,0.4,RG,1F,D,,23.6,76.5,324.1525423728813,,120.0,BDG_20241212,169.5290625,4.26263600621118,1.299874754745884
709,51.0,25.0,0.7,0.4,0.5,RG,1F,D,pencil at bottom of layer,26.0,88.3,339.7,,120.0,BDG_20241212,343.62250000000006,6.420912978142075,1.8889664870928455
710,25.0,23.0,1.5,0.4,0.7,MFcr,1F,D,some faceting,,,226.87707579,,120.0,BDG_20241212,416.925,7.374201666666666,1.2793273900076656
711,23.0,0.0,1.0,0.6,0.8,RG,1F,D,,,,386.1,,120.0,BDG_20241212,417.946875,6.168149975155279,2.382837623302485
712,95.0,94.0,1.0,0.3,0.5,MFpc,P,M,,1.8,4.5,250.0,20250204.0,95.0,DHMet_20250204,,2.36310019047619,
713,94.0,84.0,0.8,0.3,0.5,RG,1F,M,RGlr,9.0,22.5,250.0,,95.0,DHMet_20250204,22.7265,0.5957372676056337,
714,84.0,65.0,1.0,0.3,0.5,FCxr,4F,M,,17.8,44.0,247.19101123595505,,95.0,DHMet_20250204,,0.31742533834586467,
715,65.0,46.0,1.5,0.5,1.0,RG,1F,M,RGlr,18.6,52.5,282.258064516129,,95.0,DHMet_20250204,43.46058139534883,1.061818060150376,
716,46.0,40.0,1.5,0.5,1.0,FCxr,P,M,,8.0,26.5,331.25,,95.0,DHMet_20250204,58.86,1.4450467286821702,
717,40.0,24.0,2.0,0.5,1.0,FCxr,1F,M,,14.8,44.0,297.2972972972973,,95.0,DHMet_20250204,27.431666666666672,0.5153033451327435,
718,24.0,0.0,4.0,1.0,2.0,DHxr,1F,M,,24.0,70.0,291.6666666666667,,95.0,DHMet_20250204,46.5975,0.8962747495069033,
724,46.0,45.5,0.5,0.1,0.3,DF,F,D,"DFbk
Some FCsf starting",,,,20241216.0,46.0,FEFHQ_20241216,,,
725,45.5,39.0,0.5,0.1,0.3,RGwp,4F,D,Some DFbk,6.6,8.5,129.0,,46.0,FEFHQ_20241216,1.9620000000000002,,
726,39.0,20.0,2.0,0.5,1.0,DHpr,F,D,Early cups/striations,18.0,34.5,192.0,,46.0,FEFHQ_20241216,4.591625,,
727,20.0,17.0,3.0,1.0,2.0,DHcp,1F,D,Possible old surface MFcl?,4.0,9.5,238.0,,46.0,FEFHQ_20241216,10.137,,
728,17.0,0.0,6.0,1.0,2.0,DHla,F,D,Textbook DH,12.4,21.5,173.0,,46.0,FEFHQ_20241216,9.69109090909091,,
736,105.0,104.5,1.0,0.3,0.5,FCsf,F,D,RR Crust,,,,20250130.0,105.0,AM_20250130,,0.0322705,
737,104.5,95.0,0.8,0.1,0.3,FCsf,F,D,,11.0,18.5,168.1818181818182,,105.0,AM_20250130,3.597,0.12453248484848482,
738,95.0,79.0,1.0,0.3,0.5,RGxf,F,D,,13.199999999999989,28.0,212.1212121212123,,105.0,AM_20250130,7.580454545454549,0.2401065415929203,
739,79.0,63.0,1.0,0.3,0.5,RGxf,1F,D,,18.40000000000001,54.0,293.47826086956513,,105.0,AM_20250130,47.7747,1.2837082088495575,
740,63.0,53.0,1.5,0.5,1.0,RGxf,1F,D,,8.799999999999997,24.5,278.409090909091,,105.0,AM_20250130,60.26142857142857,1.1491926309859153,
741,53.0,33.0,2.5,0.5,1.0,FCxr,4F,D,,20.000000000000004,54.0,269.99999999999994,,105.0,AM_20250130,,0.4471974439716312,
742,33.0,19.0,4.0,1.0,2.0,DHxr,F,D,,15.0,43.0,286.6666666666667,,105.0,AM_20250130,,0.4582195555555556,
743,19.0,0.0,6.0,1.0,2.0,DHxr,1F,D,,14.2,39.5,278.16901408450707,,105.0,AM_20250130,49.11569196428571,1.373044198234163,
748,154.0,152.0,0.5,0.1,0.3,FCsf,F,D,DFbk RR Crust,1.4000000000000057,3.0,214.28571428571345,20250306.0,154.0,AM_20250306,,0.27861768,
749,152.0,133.5,1.0,0.1,0.5,DF,4F,D,DFdc FCsf,20.200000000000017,31.5,155.9405940594058,,154.0,AM_20250306,12.515181818181821,0.40222871692307693,
750,133.5,109.0,0.8,0.3,0.5,RG,4F,D,RGlr,24.0,59.5,247.91666666666663,,154.0,AM_20250306,33.33476470588236,0.8496865488372094,
751,109.0,93.0,1.5,0.3,0.8,RG,1F,D,RGlr,13.599999999999994,41.5,305.1470588235296,,154.0,AM_20250306,206.01,3.9281394513274335,
752,93.0,82.0,1.5,0.3,0.8,RG,P,D,RGlr,10.799999999999995,37.0,342.59259259259267,,154.0,AM_20250306,349.48125,6.889244696103896,
753,82.0,52.0,1.5,0.5,1.0,FCxr,1F,D,Visible bonds and necks,30.6,95.5,312.09150326797385,,154.0,AM_20250306,83.85214285714287,1.9907761573459712,
754,52.0,28.0,4.0,0.5,1.0,DHxr,F,D,,19.8,57.5,290.4040404040404,,154.0,AM_20250306,73.575,1.2993647124260355,
755,28.0,0.0,4.0,1.0,2.0,DHxr,4F,D,,29.8,90.0,302.0134228187919,,154.0,AM_20250306,25.65258620689655,1.128850647715736,
760,71.0,70.0,2.5,1.0,2.0,DF,F,D,"DFbk, BKN PPsd, SHcp (1-0.5)",,,,20241218.0,71.0,AM_20241218,,0.045111428571428566,
761,70.0,50.0,2.0,0.5,1.0,DF,F,D,"DFbk, more BKN, bottom 5 cm 4F",20.800000000000004,25.0,120.19230769230766,,71.0,AM_20241218,5.54265,0.11204158865248226,
762,50.0,27.0,1.5,0.5,1.0,FC,4F,D,FCso,22.4,49.5,220.9821428571429,,71.0,AM_20241218,11.925281250000001,0.270952797515528,
763,27.0,0.0,4.0,1.0,2.0,DHla,F,D,,30.0,59.5,198.33333333333331,,71.0,AM_20241218,20.7645,0.49706873227513226,
772,51.0,50.5,8.0,1.0,2.0,PPsd,F,D,Starting to DF,,,,20241129.0,51.0,SLMet_20241129,,0.047921,
773,50.5,43.0,1.0,0.3,0.5,DF,F,D,DFbk,8.0,10.0,125.0,,51.0,SLMet_20241129,,0.10392826923076923,
774,43.0,25.0,0.5,0.1,0.3,DF,4F,D,DFbk,18.0,25.0,138.88888888888889,,51.0,SLMet_20241129,3.7278,0.1775177401574803,
775,25.0,21.0,0.5,0.1,0.3,MFcl,1F,D,Starting to facet. Intermittent crust,4.0,14.0,350.0,,51.0,SLMet_20241129,8.502,0.7686941034482757,
776,21.0,0.0,2.0,0.5,1.0,FC,F,D,Faint cups/striations,21.0,35.0,166.66666666666666,,51.0,SLMet_20241129,7.357500000000001,0.6415871941325442,
784,71.0,70.5,0.8,0.1,0.5,PP,F,D,PPir PPgp,,,,20250114.0,71.0,FEFHQ_20250114,,0.030746999999999997,
785,70.5,58.0,0.8,0.1,0.5,DF,F,D,DFdc,11.0,16.0,145.45454545454547,,71.0,FEFHQ_20250114,0.981,0.05979296818181819,
786,58.0,43.0,1.0,0.5,0.8,FC,4F,D,FCso,15.0,34.0,226.66666666666663,,71.0,FEFHQ_20250114,12.851100000000002,0.32505026666666664,
787,43.0,21.0,2.0,0.5,1.0,FC,4F,D,"FCso Early DHcp								
								",24.6,55.5,225.60975609756096,,71.0,FEFHQ_20250114,14.750035714285712,0.41420971612903223,
788,21.0,0.0,4.0,1.0,1.5,DHcp,F,D,DHch,18.2,42.0,230.7692307692308,,71.0,FEFHQ_20250114,14.574857142857141,0.4216761578231292,
796,76.0,74.0,1.0,0.5,1,FCsf,F,N/O,,3.0,2.5,83.33333333,20250120.0,76.0,TPO_20250120,,0.056877333333333335,
797,74.0,55.0,1.0,1.0,1,FC,F,N/O,,17.8,31.0,174.1573034,,76.0,TPO_20250120,6.394666666666667,0.15740577067669173,
798,55.0,37.0,1.0,0.5,1,FC,4F,N/O,,18.0,49.0,272.2222222,,76.0,TPO_20250120,20.601,1.1040805590551181,
799,37.0,22.0,1.0,1.0,1,FC,4F,N/O,slightly harder than layer above,14.6,41.0,280.8219178,,76.0,TPO_20250120,60.699375,1.983297576190476,
800,22.0,9.0,4.0,2.0,2,FC,F,N/O,,13.8,27.0,195.6521739,,76.0,TPO_20250120,,0.6166080879120879,
801,9.0,0.0,6.0,3.0,4,FC,F,N/O,,,,,,76.0,TPO_20250120,,1.9236494060419864,
802,170.0,169.0,8.0,2.0,6.0,SH,F,D,some 1mm graupel,22.8,30.0,131.57894736842104,20241219.0,170.0,BDG_20241219,,0.15353714285714287,0.3188740012694316
803,169.0,167.0,0.7,0.2,0.5,MFcr,F,D,,6.4,11.0,277.11997284,,170.0,BDG_20241219,,0.13166733333333333,0.36727581517583696
804,167.0,147.0,1.5,0.8,1.0,DF,F,D,"some intact columns, remnants of plates, stellars",16.0,32.5,203.125,,170.0,BDG_20241219,11.5758,0.2560933758865248,0.2335963145574778
805,147.0,139.0,1.5,0.5,1.0,DF,F,D,"very rounded, 4F @ bottom, 12/12 interface",16.4,34.0,207.31707317073173,,170.0,BDG_20241219,27.713250000000002,0.5097383157894736,0.4191789050147645
806,139.0,120.0,1.0,0.3,0.5,DF,F,D,secondary rounds,19.0,47.5,249.9,,170.0,BDG_20241219,24.525,0.5198352781954887,0.3705318372352073
807,120.0,103.0,1.0,0.4,0.7,DF,F,D,"rounding, some striations still present, largest 18mm",17.0,45.7,269.1,,170.0,BDG_20241219,45.87083333333334,1.0661148067226889,0.4953892800465634
808,103.0,101.5,6.0,3.0,4.0,SH,F,D,,,,254.7,,170.0,BDG_20241219,,1.2646711999999998,0.34783659606021333
809,101.5,88.0,1.0,0.4,0.5,RG,4F,D,some faceted edges,,,267.5,,170.0,BDG_20241219,51.5025,1.0585702340425533,0.4644820184258206
810,88.0,75.0,1.0,0.5,0.7,RG,1F,D,faceting,,,299.8,,170.0,BDG_20241219,84.47500000000001,1.7362968791208788,0.6846534942914655
811,75.0,72.0,1.0,0.5,0.8,MFcr,P,D,,,,321.06378883,,170.0,BDG_20241219,212.54999999999998,5.657210571428571,1.1033716686530044
812,72.0,56.0,0.8,0.4,0.5,RG,1F,D,evidence of previous faceting,,,331.9,,170.0,BDG_20241219,256.39772727272725,5.240751752212389,1.3986375249141694
813,56.0,33.0,1.0,0.3,0.5,RG,1F,D,,,,345.4,,170.0,BDG_20241219,307.489,7.087803739130435,2.0800720775745587
814,33.0,26.0,0.8,0.4,0.5,RG,P,D,,,,344.0,,170.0,BDG_20241219,340.08,9.142074081632654,2.6971114256410016
815,26.0,24.0,0.8,0.3,0.5,MF,P,D,Faceted,,,349.7,,170.0,BDG_20241219,,8.341762666666666,1.211237292910086
816,24.0,0.0,1.0,0.4,0.8,RG,P,D,,,,364.2,,170.0,BDG_20241219,230.35333333333335,6.247523562130178,2.3891047719734293
817,94.0,92.0,1.0,0.3,0.6,DF,F,D,,2.0,4.6,229.1,20241210.0,94.0,FRE_20241210,,,0.1371064760405441
818,92.0,85.0,2.0,0.7,1.0,FCxr,F,D,,7.0,17.2,245.8,,94.0,FRE_20241210,4.4145,,0.18948909563751137
819,85.0,68.0,2.5,1.0,2.0,FC,F,D,,17.0,44.4,261.2,,94.0,FRE_20241210,26.3235,,0.39718188542844607
820,68.0,67.0,2.0,0.7,1.0,FC,F,D,,1.0,2.6,261.3,,94.0,FRE_20241210,,,0.3908886431270941
821,67.0,65.5,1.0,0.4,0.6,MFcr,1F,D,Faceting above + below,1.5,3.9,294.6326166,,94.0,FRE_20241210,29.43,,0.5262626168684594
822,65.5,42.0,1.0,0.4,0.5,RGxf,4F,D,"Max sized grains more faceted, HH closwer to 1F at the bottom",23.5,72.2,307.3,,94.0,FRE_20241210,60.495,,0.5891979832079206
823,42.0,36.0,0.8,0.3,0.5,RG,1F,D,,6.0,19.8,329.3,,94.0,FRE_20241210,178.215,,1.3778996127962386
824,36.0,15.0,1.0,0.5,0.6,RG,1F,D,,21.0,68.0,323.9,,94.0,FRE_20241210,196.90071428571426,,1.5444453444535529
825,15.0,0.0,1.5,0.5,1.0,FC,4F,D,,,,359.5,,94.0,FRE_20241210,130.65136363636364,,1.0926767503717367
826,123.0,118.0,2.0,0.5,1.0,MFcr,K,D,MFcr MFpc FCsf,3.799999999999997,11.0,289.4736842105265,20250312.0,123.0,DHMet_20250312,11.772,,
827,118.0,113.0,0.8,0.3,0.5,FC,F,D,Fcso,3.4000000000000057,8.0,235.29411764705844,,123.0,DHMet_20250312,,,
828,113.0,109.0,1.0,0.3,0.5,MFcr,K,D,MFcr MFpc,5.399999999999992,19.5,361.11111111111165,,123.0,DHMet_20250312,108.7275,,
829,109.0,97.0,0.8,0.3,0.5,RGxf,1F,D,,10.200000000000005,29.5,289.2156862745097,,123.0,DHMet_20250312,41.202,,
830,97.0,80.0,1.0,0.3,0.5,RG,P,D,RGlr,16.799999999999997,48.5,288.69047619047626,,123.0,DHMet_20250312,135.29625000000001,,
831,80.0,64.0,0.8,0.3,0.5,RG,4F,D,RGlr,16.200000000000003,47.5,293.2098765432098,,123.0,DHMet_20250312,183.9375,,
832,64.0,40.0,1.5,0.5,1.0,FCxr,1F,D,,25.0,74.0,296.0,,123.0,DHMet_20250312,73.72828125,,
833,40.0,17.0,2.0,0.5,1.0,FCxr,F,D,,23.200000000000003,64.5,278.0172413793103,,123.0,DHMet_20250312,51.843125,,
834,17.0,0.0,4.0,0.5,2.0,DHxr,1F,D,,17.8,47.6,267.4157303370786,,123.0,DHMet_20250312,67.73571428571428,,
838,70.0,66.0,0.5,0.1,0.3,PP,F,D,PPir PPnd PPsd PPgp,4.0,4.0,100.0,20250120.0,70.0,JPLMet_20250120,,0.06162772413793102,
839,66.0,55.0,1.5,0.5,1.0,DF,F,D,"DFdc FCso Old FCsf?
Arms, plates",10.5,15.0,142.85714285714286,,70.0,JPLMet_20250120,1.9620000000000004,0.07350212987012986,
840,55.0,36.0,1.0,0.3,0.5,RGxf,4F,D,Some FCso,19.0,42.5,223.68421052631575,,70.0,JPLMet_20250120,11.982214285714289,0.2494207969924812,
841,36.0,18.0,1.5,0.5,1.0,FCxr,F,D,"Some DHxr, cups, striations",18.8,42.0,223.4042553191489,,70.0,JPLMet_20250120,10.137000000000002,0.2877222992125983,
842,18.0,0.0,4.0,1.0,1.5,DHla,4F,D,,16.0,33.5,209.375,,70.0,JPLMet_20250120,17.808923076923072,0.6900507368421052,
850,42.0,41.5,4.0,1.0,2.0,SHxr,F,D,,,,,20241204.0,42.0,FEFHQ_20241204,,,
851,41.5,27.5,1.0,0.3,0.5,FCxr,4F,D,"Necks
Very DFbk remnants",14.5,23.5,162.0,,42.0,FEFHQ_20241204,1.9620000000000004,,
852,27.5,22.0,1.0,0.3,0.5,RGxf,1F,D,,5.5,13.5,245.0,,42.0,FEFHQ_20241204,6.3765,,
853,22.0,0.0,4.0,1.0,2.0,DHpr,F,D,Some cups and striations,22.0,44.5,202.0,,42.0,FEFHQ_20241204,8.854153846153848,,
862,76.0,68.0,2.0,0.5,1.0,DF,F,D,DFbk PPsd,7.8,6.5,83.33333333333333,20250212.0,76.0,JPLMet_20250212,,,
863,68.0,60.0,0.5,0.1,0.3,FCsf,F,D,Rounding,6.0,8.0,133.33333333333334,,76.0,JPLMet_20250212,3.065625,,
864,60.0,57.0,0.5,0.1,0.3,MFcr,K,D,MFcr MFpc Big clumps,3.4,13.0,382.3529411764706,,76.0,JPLMet_20250212,121.88924999999999,,
865,57.0,33.0,1.0,0.3,0.5,FCxr,F,D,,23.2,53.0,228.44827586206895,,76.0,JPLMet_20250212,,,
866,33.0,15.0,3.0,0.5,1.0,DHxr,F,D,DHch,19.0,43.5,228.94736842105263,,76.0,JPLMet_20250212,,,
867,15.0,0.0,6.0,1.0,2.0,DHxr,F,D,,14.6,35.5,243.15068493150685,,76.0,JPLMet_20250212,,,
874,99.0,97.0,6.5,2.0,4.0,FC,F,D,Heavily striated,,,,20241206.0,99.0,PLT_20241206,,,
875,97.0,85.0,3.0,1.0,1.5,FCxr,F,D,,,,,,99.0,PLT_20241206,,,
876,85.0,54.0,1.5,0.4,1.0,RGxf,4F,D,,,,,,99.0,PLT_20241206,,,
877,54.0,43.0,0.6,0.3,0.5,RG,1F,D,some faceted edges,,,,,99.0,PLT_20241206,,,
878,43.0,16.0,0.6,0.2,0.4,RG,1F,D,,,,,,99.0,PLT_20241206,,,
879,13.0,0.0,2.5,1.0,1.5,FCxr,4F,D,,,,,,99.0,PLT_20241206,,,
880,46.0,30.0,4.0,1.0,2.0,MFpc,P,D,FCsf,16.8,55.0,330.0,20250430.0,46.0,LFMet_20250430,204.73470000000003,6.455736506194691,
881,30.0,0.0,2.0,1.0,0.5,MFcl,F,M,,30.2,76.0,250.0,,46.0,LFMet_20250430,,0.40723272052427495,
892,102.0,97.0,2.0,0.5,1.0,PPsd,F,D,,4.0,2.0,50.0,20250305.0,102.0,SLMet_20250305,,,
893,97.0,89.0,0.8,0.1,0.5,DF,F,M,DFdc,8.0,9.5,118.75,,102.0,SLMet_20250305,4.169250000000001,,
894,89.0,86.0,1.0,0.3,0.5,MFcr,K,D,MFcr MFpc,3.6,6.5,180.55555555555557,,102.0,SLMet_20250305,34.335,,
895,86.0,58.0,0.8,0.3,0.5,RG,4F,D,RGlr,28.4,73.5,258.80281690140845,,102.0,SLMet_20250305,74.33800000000001,,
896,58.0,56.0,1.5,0.5,0.8,MFcr,K,D,"MFcr Frozen pooling MFpc								
								",3.0,8.5,283.3333333333333,,102.0,SLMet_20250305,145.51500000000001,,
897,56.0,33.0,1.5,0.5,1.0,FCxr,F,D,,17.2,42.5,247.093023255814,,102.0,SLMet_20250305,,,
898,33.0,13.0,2.5,0.5,1.0,DHxr,4F,D,,22.8,68.5,300.43859649122805,,102.0,SLMet_20250305,48.23249999999999,,
899,13.0,0.0,4.0,0.5,1.0,DHxr,1F,D,,13.6,36.5,268.38235294117646,,102.0,SLMet_20250305,83.38500000000002,,
904,65.0,62.0,1.5,0.5,1.0,MFcr,P,M,,3.4,8.5,250.0,20250204.0,65.0,SLMet_20250204,20.7645,0.6173934285714285,
905,62.0,46.0,1.0,0.5,0.8,MFcl,4F,M,,14.4,32.5,225.69444444444443,,65.0,SLMet_20250204,12.217909090909092,0.15359527433628317,
906,46.0,27.0,1.0,0.5,0.8,RG,4F,M,"RGlr
Some bonds visible",19.8,54.5,275.25252525252523,,65.0,SLMet_20250204,6.1476000000000015,0.16761207518796994,
907,27.0,0.0,2.5,0.5,1.0,DHxr,F,M,very rounded,26.4,71.5,270.83333333333337,,65.0,SLMet_20250204,13.679499999999999,0.6639733968253968,
916,97.0,96.5,0.8,0.3,0.5,PP,F,D,PPpl PPgp,,,,20250114.0,97.0,DHMet_20250114,,0.038502999999999996,
917,96.5,84.0,1.0,0.3,0.5,DF,F,D,DFbk FCsf,9.600000000000009,9.0,93.74999999999991,,97.0,DHMet_20250114,0.981,0.07475096818181817,
918,84.0,72.0,1.0,0.3,0.5,RGxf,4F,D,DFdc,12.599999999999994,21.0,166.66666666666674,,97.0,DHMet_20250114,7.8480000000000025,0.23563119058823528,
919,72.0,56.0,1.0,0.5,0.8,RG,1F,D,RGlr,15.400000000000006,38.5,249.99999999999991,,97.0,DHMet_20250114,38.43736363636364,1.0869901628318586,
920,56.0,42.0,1.5,0.5,1.0,RG,P,D,RGlr,19.2,55.0,286.45833333333337,,97.0,DHMet_20250114,46.904062499999995,1.5398984000000002,
921,42.0,22.0,2.0,0.5,1.0,FCxr,4F,D,,15.0,41.0,273.3333333333333,,97.0,DHMet_20250114,18.21857142857143,0.7875734723404255,
922,22.0,5.0,2.0,0.8,1.0,FCxr,1F,D,,19.8,56.5,285.35353535353534,,97.0,DHMet_20250114,41.283750000000005,0.8772464302521008,
923,5.0,0.0,1.5,0.5,1.0,MFcl,K,D,,5.8,15.5,267.2413793103448,,97.0,DHMet_20250114,39.24,3.0294577219047616,
928,213.0,204.0,2.0,0.8,1.0,DF,F,D,,8.0,6.0,75.0,20250115.0,213.0,BDG_20250115,,0.17845834920634918,0.13401871724024436
929,204.0,190.0,0.2,0.1,0.1,RGsr,F,D,,10.0,13.0,130.0,,213.0,BDG_20250115,10.9,0.3745431717171718,0.2163020347969958
930,190.0,189.0,10.0,2.0,6.0,SH,F,D,rounding,1.0,2.6,262.9,,213.0,BDG_20250115,21.582000000000004,0.7431514285714285,0.2666430342991544
931,189.0,174.0,0.5,0.1,0.3,RG,4F,D,,15.5,33.3,214.83870967741933,,213.0,BDG_20250115,38.526545454545456,1.1751975619047617,0.4041439697329336
932,174.0,172.0,0.8,0.4,0.5,MFcr,1F,D,,1.8,5.5,301.13791418,,213.0,BDG_20250115,39.24,1.3721287333333332,0.7666212924766738
933,172.0,151.0,0.6,0.2,0.3,RGxf,4F,D,"more faceted at bottom, grauppel 162, 1F at bottom",19.2,49.0,255.20833333333337,,213.0,BDG_20250115,84.78642857142859,2.983442632653061,0.7055904825431558
934,151.0,99.0,1.0,0.2,0.4,RGxf,1F,D,,52.0,171.7,330.1,,213.0,BDG_20250115,252.67757142857144,5.509820660273973,1.3259092074059908
935,99.0,80.0,0.7,0.2,0.4,RG,1F,D,,,,344.6,,213.0,BDG_20250115,467.3374999999999,9.581507060150376,2.3554254857814154
936,80.0,79.0,2.0,1.0,1.5,SHxr,F,D,lot of rounds,,,335.0,,213.0,BDG_20250115,515.025,4.679756714285714,1.5425054441385524
937,79.0,60.0,1.0,0.3,0.5,RG,1F,D,some faceted edges,,,348.6,,213.0,BDG_20250115,465.1575,7.788896353383458,1.9699249100300142
938,60.0,56.0,1.0,0.3,0.5,MFcr,1F,D,some faceted edges,,,332.84159482,,213.0,BDG_20250115,454.5300000000001,10.833364931034481,1.2826968929327767
939,56.0,41.0,0.5,0.3,0.4,RG,P,D,,,,,,213.0,BDG_20250115,458.61750000000006,13.598059266666667,
940,41.0,18.0,0.7,0.2,0.4,RG,P,D,square edges,,,,,213.0,BDG_20250115,555.9000000000001,17.888240198757764,
941,18.0,0.0,0.6,0.4,0.5,RG,P,D,,,,,,213.0,BDG_20250115,468.4275,11.952375511811024,
942,107.0,105.0,1.0,0.3,0.5,DF,F,M,DFdc PPsd PPgp FCsf,1.6,2.5,156.25,20250306.0,107.0,FEFHQ_20250306,,0.21980873333333328,
943,105.0,97.0,0.8,0.3,0.5,DF,4F,M,DFdc FCsf,7.4,14.5,195.94594594594597,,107.0,FEFHQ_20250306,11.445000000000002,1.0656773157894737,
944,97.0,94.0,1.5,0.5,1.0,MFcr,K,D,MFcr MFpc,4.8,12.0,250.0,,107.0,FEFHQ_20250306,72.1035,3.779414380952381,
945,94.0,75.0,1.0,0.3,0.5,RG,4F,M,RGlr Necks,17.2,48.0,279.06976744186045,,107.0,FEFHQ_20250306,41.12653846153846,2.295678112781955,
946,75.0,67.0,1.5,0.5,1.0,RG,1F,D,RGlr,5.6,20.0,357.1428571428572,,107.0,FEFHQ_20250306,107.91,3.1996367192982453,
947,67.0,65.0,1.5,0.5,1.0,MFcr,P,D,MFcr MFpc,3.0,10.0,333.3333333333333,,107.0,FEFHQ_20250306,119.355,3.8340862666666666,
948,65.0,37.0,1.5,0.8,1.0,FCxr,F,D,,28.8,75.5,262.15277777777777,,107.0,FEFHQ_20250306,,0.5841465989847716,
949,37.0,20.0,2.5,1.0,1.5,DHxr,F,D,,16.0,40.0,250.0,,107.0,FEFHQ_20250306,16.40637931034483,0.7309308403361343,
950,20.0,0.0,6.0,1.0,2.0,DHxr,4F,D,,15.0,40.5,270.0,,107.0,FEFHQ_20250306,48.27552631578947,1.4789953333333334,
954,68.0,62.0,2.0,0.5,1.0,MFcr,K,D,MFpc,,,366.6167755333333,20250408.0,68.0,JPLMet_20250408_TS_0930,234.459,12.981018790697675,4.198919616984415
955,62.0,47.0,1.5,0.5,1.0,MFpc,P,D,MFcl,,,,,68.0,JPLMet_20250408_TS_0930,503.58000000000004,15.274199457142855,4.251767957767007
956,47.0,39.0,1.0,0.3,0.8,MFcl,1F,D,RGlr,,,,,68.0,JPLMet_20250408_TS_0930,750.465,16.52069307017544,6.891015256553692
957,39.0,22.0,1.5,0.5,1.0,RGlr,4F,M,MFcl,,,,,68.0,JPLMet_20250408_TS_0930,183.9375,4.150570327731092,0.6353460095314424
958,22.0,0.0,2.0,0.5,1.0,RGlr,F,M,MFcl,,,,,68.0,JPLMet_20250408_TS_0930,,0.5800522774889765,0.23205355308663633
966,46.0,45.5,2.0,0.5,1.0,PP,F,D,"PPgp, PPsd",,,,20241226.0,46.0,SLMet_20241226,,0.03360933333333333,
967,45.5,37.0,1.0,0.3,0.5,DF,F,D,DFdc,8.2,10.0,121.95121951219514,,46.0,SLMet_20241226,1.9620000000000002,0.10631875555555553,
968,37.0,34.0,0.7,0.3,0.5,RG,4F,D,"RGla, Pine needles in layer",3.0,6.5,216.66666666666663,,46.0,SLMet_20241226,9.3195,0.1697350476190476,
969,34.0,16.0,2.0,0.5,1.0,FC,F,D,FCso,17.0,37.0,217.64705882352945,,46.0,SLMet_20241226,5.436374999999999,0.15144702362204723,
970,16.0,6.0,4.0,1.0,2.0,DHla,F,D,,11.0,25.5,231.8181818181818,,46.0,SLMet_20241226,6.0495,0.20952904225352106,
971,6.0,0.0,2.0,1.0,1.5,MF,1F,D,MFpc,6.0,18.5,308.3333333333333,,46.0,SLMet_20241226,58.61475,5.444185700000001,
978,85.0,81.0,2.0,0.5,1.0,MFsl,F,W,,3.0,7.5,250.0,20250313.0,85.0,JPLMet_20250313,0.981,,
979,81.0,77.0,2.0,0.5,1.0,MFcr,K,M,MFcr MFpc,4.2,15.0,357.1428571428571,,85.0,JPLMet_20250313,28.231000000000005,,
980,77.0,69.0,1.0,0.3,0.8,MFcl,1F,M,,7.6,21.5,282.89473684210526,,85.0,JPLMet_20250313,,,
981,69.0,67.0,,,,IFil,I,D,IFil,,,,,85.0,JPLMet_20250313,79.025,,
982,67.0,53.0,1.0,0.3,0.5,RG,P,M,RGlr,13.0,39.5,303.84615384615387,,85.0,JPLMet_20250313,126.44,,
983,53.0,50.0,,,,IFil,I,D,IFil MFpc,,,,,85.0,JPLMet_20250313,161.865,,
984,50.0,23.0,1.5,0.5,1.0,FCxr,F,D,,26.0,72.0,276.9230769230769,,85.0,JPLMet_20250313,,,
985,23.0,0.0,3.0,1.0,2.0,DHxr,F,D,,23.8,52.6,221.0084033613445,,85.0,JPLMet_20250313,,,
990,88.0,86.0,0.8,0.3,0.5,MFcl,4F,M,Can see water when smeared,,,,CO,88.0,SLMet_20250225,,0.06873293333333333,
991,86.0,79.0,0.8,0.1,0.3,RG,P,M,RGsr,3.6,12.5,347.22222222222223,,88.0,SLMet_20250225,8.829,0.2766947346938775,
992,79.0,56.0,1.0,0.3,0.5,RG,P,M,RGlr,5.6,13.5,241.07142857142856,,88.0,SLMet_20250225,43.245749999999994,0.9172898012422359,
993,56.0,53.0,1.0,0.3,0.5,MFcr,K,D,Crust,21.8,51.5,236.2385321100917,,88.0,SLMet_20250225,112.815,1.5348965714285714,
994,53.0,34.0,1.5,0.5,1.0,FCxr,4F,D,,20.8,59.5,286.0576923076923,,88.0,SLMet_20250225,,0.493688977443609,
995,34.0,10.0,2.0,0.5,1.0,FCxr,1F,D,,23.0,71.0,308.69565217391306,,88.0,SLMet_20250225,61.803000000000004,2.3446132307692307,
996,10.0,0.0,3.0,1.0,2.0,DHxr,4F,D,,10.4,33.0,317.3076923076923,,88.0,SLMet_20250225,74.665,1.69402276056338,
1002,70.5,64.0,2.0,0.5,1.0,MFpc,P,M,MFcl,,,,20250408.0,70.5,JPLMet_20250408_TS_1022,29.429999999999996,7.679018086956521,2.0349378466669776
1003,64.0,44.0,2.0,0.5,1.0,MFpc,P,D,Mfcl,,,,,70.5,JPLMet_20250408_TS_1022,415.29,21.242437172576828,3.035979303596714
1004,44.0,21.0,2.0,0.5,1.0,MFcl,4F,M,RGlr,,,,,70.5,JPLMet_20250408_TS_1022,185.94409090909093,2.7778328488612836,0.718668978503565
1005,21.0,0.0,2.5,0.5,1.5,MFcl,F,M,RGlr,,,,,70.5,JPLMet_20250408_TS_1022,,0.38355449958643506,0.3273977321925506
1014,95.0,94.0,1.0,0.3,0.5,MFcl,F,D,,,,,20250205.0,95.0,FST_20250205,,0.17759657142857144,
1015,94.0,68.0,0.8,0.3,0.5,RG,1F,D,RGlr,25.4,63.5,250.0,,95.0,FST_20250205,65.92553571428572,0.4872868961748633,
1016,68.0,47.0,1.0,0.3,0.5,FCxr,1F,D,,22.4,59.5,265.625,,95.0,FST_20250205,31.9974609375,0.6835983129251699,
1017,47.0,28.0,2.0,0.5,1.0,FCxr,4F,D,,21.2,54.0,254.7169811320755,,95.0,FST_20250205,25.69285714285714,0.6639252631578947,
1018,28.0,8.0,2.0,0.5,1.0,DHxr,F,D,,16.4,45.0,274.39024390243907,,95.0,FST_20250205,25.955625,0.7148800283687943,
1019,8.0,0.0,2.0,0.5,1.0,DHxr,P,D,,5.0,11.0,220.0,,95.0,FST_20250205,47.415,1.3429640350877194,
1026,65.0,57.0,2.0,0.5,1.5,MFpc,F,W,1,,,,20250408.0,65.0,JPLMet_20250408_TS_1420,9.81,1.707700140350877,0.5859315468582111
1027,57.0,41.0,1.5,0.5,1.0,MFpc,P,W,MFcl,,,,,65.0,JPLMet_20250408_TS_1420,228.75136363636366,7.021631327433627,2.6317291488083434
1028,41.0,27.0,1.5,0.5,1.0,MFcl,1F,M,,,,,,65.0,JPLMet_20250408_TS_1420,112.2894642857143,1.3827895959595957,0.6340075751597035
1029,27.0,0.0,2.5,1.0,1.5,MFcl,F,W,,,,,,65.0,JPLMet_20250408_TS_1420,,0.5886697844311377,0.2724191304542702
1038,65.0,64.5,0.5,0.1,0.3,PPsd,F,D,PPgp few needles and plates,,,,20250109.0,65.0,JPLMet_20250109,,0.026287299999999996,
1039,64.5,50.0,1.0,0.3,0.5,DF,F,D,DFbk FCsf,11.8,15.0,127.1186440677966,,65.0,JPLMet_20250109,3.4335000000000004,0.1447971333333333,
1040,50.0,35.0,0.8,0.1,0.5,RGxf,4F,D,,16.4,35.0,213.41463414634148,,65.0,JPLMet_20250109,17.658,0.4491019466666667,
1041,35.0,15.0,2.5,1.0,1.5,DHpr,4F,D,Early cups,19.0,42.5,223.68421052631575,,65.0,JPLMet_20250109,8.502000000000002,0.2574968425531915,
1042,15.0,0.0,6.0,1.0,2.0,DHla,F,D,DHch Clear striations and cupping,15.8,32.5,205.69620253164555,,65.0,JPLMet_20250109,9.319500000000001,0.6169141674441352,
1050,73.0,72.5,0.5,0.1,0.3,FCsf,F,D,Rounding,,,,20250129.0,73.0,FEFHQ_20250129,,0.07830789999999999,
1051,72.5,59.0,0.5,0.1,0.3,RGxf,F,D,,13.4,21.0,156.71641791044777,,73.0,FEFHQ_20250129,5.003100000000001,0.13510527659574464,
1052,59.0,36.0,2.0,0.5,1.0,FCxr,F,D,Some cups/striations,22.0,46.5,211.3636363636364,,73.0,FEFHQ_20250129,13.611375,0.26437017639751553,
1053,36.0,15.0,4.0,1.0,2.0,DHxr,F,D,,20.4,47.5,232.843137254902,,73.0,FEFHQ_20250129,9.319500000000001,0.2907761333333333,
1054,15.0,0.0,6.0,1.0,2.0,DHla,F,D,,16.4,35.5,216.46341463414635,,73.0,FEFHQ_20250129,30.165750000000003,0.4813696154737358,
1062,27.0,22.0,3.0,1.0,2.0,PPsd,F,D,Clean elaborate stellars,,,,20241128.0,27.0,FCO_20241128,,0.019864857142857142,
1063,22.0,16.0,1.0,1.0,0.3,DF,F,D,Some faceting,,,,,27.0,FCO_20241128,,0.05674634883720931,
1064,16.0,15.0,1.0,1.0,0.3,MFcr,4F,D,"MFcr some MFpc
Easily disaggregates",,,,,27.0,FCO_20241128,,0.7667953571428573,
1065,15.0,9.0,1.0,1.0,1.0,FC,F,D,Small prisms. Solid very early cups,,,,,27.0,FCO_20241128,,0.46086036046511625,
1066,9.0,0.0,2.0,2.0,1.0,FC,F,D,Some cups striations,,,,,27.0,FCO_20241128,,4.009883386926178,
1074,77.0,67.0,1.0,0.3,0.5,FCsf,F,D,,9.4,14.5,154.25531914893617,20250128.0,77.0,JPLMet_20250128,1.9620000000000002,0.11025536338028168,
1075,67.0,59.0,1.0,0.3,0.5,FCxr,F,D,,8.0,13.5,168.75,,77.0,JPLMet_20250128,9.3522,0.27413086315789476,
1076,59.0,34.0,2.0,0.5,1.0,FC,4F,D,FCso,22.6,53.5,236.72566371681413,,77.0,JPLMet_20250128,12.0445,0.44251050742857145,
1077,34.0,14.0,6.0,2.0,4.0,DH,4F,D,DHch,19.8,44.5,224.74747474747477,,77.0,JPLMet_20250128,8.96914285714286,0.7632807687943262,
1078,14.0,0.0,6.0,2.0,4.0,DHcp,1F,D,DHch,12.8,27.5,214.84375,,77.0,JPLMet_20250128,24.034499999999998,0.8559062550850323,
1086,65.0,64.5,0.5,0.1,0.3,DF,F,D,"DFbk Some riming, some PPgp, PPsd",,,,20241210.0,65.0,DHMet_20241210,,0.054846,
1087,64.5,51.0,0.7,0.3,0.5,DF,F,D,"DFbk Clean, PPpl",16.800000000000004,12.5,74.40476190476188,,65.0,DHMet_20241210,0.981,0.08210545212765957,
1088,51.0,49.0,2.0,0.7,1.0,SH,F,D,"SHcp Striated cups, not DH",,,,,65.0,DHMet_20241210,,0.08508516666666666,
1089,49.0,31.0,1.5,0.5,1.0,FC,4F,D,FCso,16.4,33.0,201.219512195122,,65.0,DHMet_20241210,9.030230769230771,0.15805140157480313,
1090,31.0,24.0,0.5,0.1,0.3,RG,1F,D,RGsr,6.800000000000004,18.5,272.0588235294116,,65.0,DHMet_20241210,24.0345,0.4007144183673469,
1091,24.0,6.0,3.0,1.0,1.5,DHpr,4F,D,,25.4,54.5,214.56692913385828,,65.0,DHMet_20241210,17.808923076923072,0.5120748503937007,
1092,6.0,0.0,2.0,0.5,1.0,MFpc,P,D,Old DHla that melted. Well rounded some up to 4mm,5.0,17.0,340.0,,65.0,DHMet_20241210,27.468000000000007,0.4751225284683239,
1098,285.0,284.0,0.2,1.0,1.5,MFcr,P,D,,1.0,2.7,299.35454663,20250312.0,285.0,FRE_20250312,258.73875,,0.8634622957555218
1099,284.0,262.0,0.6,0.3,0.5,RG,4F,D,,22.0,51.5,234.2,,285.0,FRE_20250312,98.47730769230772,,0.48702108275048084
1100,262.0,260.0,8.0,0.4,0.7,MFcr,1F,D,,2.0,5.1,122.91300774,,285.0,FRE_20250312,39.24,,0.9485017014046143
1101,260.0,233.0,0.5,0.2,0.3,RG,1F,D,P@bottom,27.0,76.5,283.2,,285.0,FRE_20250312,239.98166666666668,,1.2379033509692856
1102,233.0,232.0,,,,IFil,I,D,dicontinuous,1.0,3.0,34.61464185,,285.0,FRE_20250312,472.515,,1.315682986792066
1103,232.0,218.0,0.4,0.2,0.3,RG,4F,D,,14.0,42.4,302.7,,285.0,FRE_20250312,194.56500000000003,,0.9670468673244601
1104,218.0,217.5,,,,IFil,I,D,discontinuous,0.5,1.6,0.0,,285.0,FRE_20250312,,,1.333696634349921
1105,217.5,203.0,0.2,0.3,0.5,RG,1F,D,flow tubes,14.5,47.9,330.2,,285.0,FRE_20250312,309.015,,1.5078985154954538
1106,203.0,202.0,,,,IFil,I,D,discontinunous ,1.0,3.4,143.56368674,,285.0,FRE_20250312,456.1650000000001,,2.654943302578519
1107,202.0,189.0,0.1,0.2,0.3,RG,1F,D,,13.0,44.4,341.6,,285.0,FRE_20250312,486.0855,,1.865954568887164
1108,189.0,169.0,0.3,0.4,0.5,RGxf,1F,D,,20.0,68.8,343.9,,285.0,FRE_20250312,465.9750000000002,,1.976937497898869
1109,169.0,148.0,0.2,0.4,0.6,RGxf,P,D,,,,,,285.0,FRE_20250312,494.85999999999996,,3.2272392980780698
1110,148.0,146.0,,,,IFil,I,D,discontinuous,,,0.0,,285.0,FRE_20250312,598.41,,
1111,146.0,134.0,0.3,0.5,0.8,RG,1F,D,,,,,,285.0,FRE_20250312,301.93,,
1112,134.0,133.5,0.3,0.5,1.0,MFcr,1F,D,,,,0.0,,285.0,FRE_20250312,,,
1113,133.5,108.0,0.4,0.6,0.8,RG,1F,D,pencil at bottom,,,,,285.0,FRE_20250312,323.73,,
1114,108.0,52.0,0.5,0.8,1.0,RGxf,P,D,,,,,,285.0,FRE_20250312,894.140625,,
1115,52.0,43.0,0.5,1.0,1.5,RGxf,1F,D,,,,,,285.0,FRE_20250312,1020.24,,
1116,43.0,41.0,1.0,1.5,2.0,FC,1F,D,,,,,,285.0,FRE_20250312,,,
1117,41.0,27.0,0.8,1.0,1.5,FCxr,P,D,,,,,,285.0,FRE_20250312,570.615,,
1118,27.0,0.0,0.5,1.0,1.5,FCxr,P,D,,,,,,285.0,FRE_20250312,1052.94,,
1119,90.0,82.0,1.5,0.5,1.0,PPsd,F,D,"PPgp
DFbk",7.6,4.5,59.21052631578948,20250314.0,90.0,SLMet_20250314,,2.500936778947368,
1120,82.0,77.0,1.0,0.3,0.5,MFcr,K,D,"MFcr
MFpc
FCso",6.0,18.5,308.3333333333333,,90.0,SLMet_20250314,67.36200000000001,5.406523988571429,
1121,77.0,58.0,1.0,0.3,0.5,RG,4F,D,RGlr,18.0,45.5,252.77777777777777,,90.0,SLMet_20250314,31.765714285714292,2.1272500330827064,
1122,58.0,52.0,0.8,0.3,0.5,RG,1F,D,RGlr,6.4,20.5,320.3125,,90.0,SLMet_20250314,63.765,5.20522681860465,
1123,52.0,27.0,1.5,0.5,1.0,FCxr,F,D,,25.2,56.0,222.22222222222223,,90.0,SLMet_20250314,48.19357142857143,0.7426955657142857,
1124,27.0,14.0,2.5,1.0,1.5,DHxr,4F,D,,14.6,34.5,236.3013698630137,,90.0,SLMet_20250314,98.1,4.933673178021978,
1125,14.0,0.0,4.0,1.0,2.0,DHxr,1F,D,Chains,11.8,30.0,254.2372881355932,,90.0,SLMet_20250314,80.115,3.8014101563722873,
1131,81.0,80.0,1.0,0.5,0.7,MFcl,4F,M,,1.0,3.8,381.9,20250530.0,81.0,BDG_20250530,,7.004558357142857,3.7697282493618807
1132,80.0,77.0,1.0,0.2,0.5,MFcl,1F,M,,,,414.5,,81.0,BDG_20250530,,11.336746023809521,7.273630338890737
1133,77.0,66.0,0.7,0.5,0.6,MFcl,1F,M,,,,376.7,,81.0,BDG_20250530,272.2275,9.724959168831168,3.550566208761462
1134,66.0,65.0,1.5,0.5,1.0,MFpc,4F,M,,,,364.9,,81.0,BDG_20250530,,5.440477857142858,3.662462486738354
1135,65.0,40.0,1.0,0.5,0.7,MFcl,4F,M,,,,348.2,,81.0,BDG_20250530,270.86500000000007,6.155861222857142,1.9171707301284175
1136,40.0,15.0,1.0,0.4,0.7,MFpc,1F,M,,,,405.4,,81.0,BDG_20250530,633.129705882353,13.97643388,5.943370396023873
1137,15.0,4.0,1.5,0.5,0.8,MFpc,1F,M,,,,359.1,,81.0,BDG_20250530,486.7628571428572,11.48137551325387,3.051802919501759
1138,4.0,0.0,,,,IFbi,I,M,Slush in some locations,,,0.0,,81.0,BDG_20250530,,16.78234110344827,
1139,35.0,31.0,0.5,0.1,0.3,FCxr,F,D,"On surface FCsf RR
Lots of 0.1 RGsr too",6.0,8.5,141.66666666666666,20241122.0,35.0,LFMet_20241122,,0.03395637931034483,
1140,31.0,20.0,1.5,0.5,1.0,FC,F,D,FCso Some cups but few,9.0,16.5,183.33333333333331,,35.0,LFMet_20241122,1.2262500000000003,0.046847175324675326,
1141,20.0,9.5,1.5,0.5,1.0,FC,F,D,FCso,10.5,22.0,209.52380952380952,,35.0,LFMet_20241122,5.559000000000001,0.26448820945945944,
1142,9.5,0.0,2.5,1.0,1.5,DHcp,F,D,"Some striations 
Lots of cups 
Some square cups",9.5,9.5,100.0,,35.0,LFMet_20241122,13.734,0.16513691891891893,
1151,69.0,65.0,3.0,0.5,1.5,MFpc,F,W,,,,,20250408.0,69.0,JPLMet_20250408_TS_1120,,4.689667310344827,0.30996336029616944
1152,65.0,55.0,2.5,1.0,1.5,MFpc,P,M,,,,,,69.0,JPLMet_20250408_TS_1120,112.11428571428571,14.196515295774645,1.6414438337491526
1153,55.0,38.0,2.0,0.5,1.0,MFcl,K,D,,,,,,69.0,JPLMet_20250408_TS_1120,1179.6525,16.640721462184874,5.712692329631465
1154,38.0,18.0,2.0,0.5,1.0,MFcl,4F,M,,,,,,69.0,JPLMet_20250408_TS_1120,62.23218750000001,1.445727829787234,0.47113846436359214
1155,18.0,0.0,4.0,1.0,2.0,MFcl,,M,,,,,,69.0,JPLMet_20250408_TS_1120,,0.3303721509433961,0.33645543676051576
1163,205.0,203.0,3.0,1.0,2.0,PPgp,F,D,"FCsf, rounding",2.0,5.7,282.7,20250305.0,205.0,BOG_20250305,,,1.3079100775931058
1164,203.0,197.5,2.0,0.5,1.0,MFcr,P,D,,5.5,14.3,330.1060834,,205.0,BOG_20250305,141.264,,1.1611709579196656
1165,197.5,196.0,0.5,0.2,0.3,FCxr,4F,D,,1.5,3.4,228.2,,205.0,BOG_20250305,,,0.9191334833255155
1166,196.0,194.0,1.5,0.5,1.0,MFcr,P,D,faceted,2.0,5.4,191.7518625,,205.0,BOG_20250305,80.11500000000001,,1.9212803687673616
1167,194.0,190.0,2.0,0.5,1.0,FCxr,4F,D,,4.0,11.5,287.8,,205.0,BOG_20250305,80.11500000000001,,1.9378993850896515
1168,190.0,189.0,0.5,0.1,0.3,MFcr,1F,D,"some visible light, close to IFil",1.0,2.7,169.785845,,205.0,BOG_20250305,78.48,,0.7284899547069917
1169,189.0,179.5,0.5,0.1,0.3,RGsr,4F,D,"few faceted edges, flow tubes",9.5,26.3,276.8,,205.0,BOG_20250305,99.96857142857142,,1.111659318943221
1170,179.5,179.0,,,,IFil,I,D,"dicontinuous, some MFcr, formed from melt from 190-189",0.5,1.3,179.1752643,,205.0,BOG_20250305,137.34,,1.515072027322298
1171,179.0,163.0,0.5,0.1,0.3,RGsr,4F,D,,16.0,51.1,319.3,,205.0,BOG_20250305,96.465,,0.7250105506790798
1172,163.0,159.0,0.3,0.1,0.2,RGxf,1F,D,,4.0,12.7,317.3,,205.0,BOG_20250305,210.915,,4.265807781470784
1173,159.0,158.5,,,,IFil,I,D,MFcr on top,0.5,1.7,195.26160835,,205.0,BOG_20250305,210.915,,5.73705160132611
1174,158.5,145.0,0.5,0.3,0.2,RGsr,4F,D,,13.5,43.5,322.4,,205.0,BOG_20250305,183.93750000000003,,1.2087168760249494
1175,145.0,134.0,0.6,0.3,0.5,RG,1F,D,some faceted edges,11.0,35.8,325.8,,205.0,BOG_20250305,217.04625000000001,,1.252225645025175
1176,134.0,120.5,0.3,0.1,0.2,RGsr,1F,D,,13.5,45.3,335.3,,205.0,BOG_20250305,262.145,,1.4423522736392056
1177,120.5,119.5,0.2,,0.1,MFcr,1F,D,"poorly bonded, discontinuous",1.0,2.8,0.0,,205.0,BOG_20250305,,,1.906780160072965
1178,119.5,111.0,0.4,0.2,0.3,RG,4F,D,some facets,8.5,25.9,304.9,,205.0,BOG_20250305,367.875,,1.2667427779250788
1179,111.0,110.0,1.0,0.5,0.7,MFcl,1F,D,"poorly bonded, MFcr elsewhere",1.0,3.2,324.0,,205.0,BOG_20250305,,,0.8140284503638853
1180,110.0,95.0,0.7,0.3,0.5,RG,1F,D,,15.0,50.2,334.4,,205.0,BOG_20250305,237.07500000000002,,1.406284296077194
1181,95.0,94.5,0.1,0.3,0.5,MFcr,1F,D,faceted,,,187.6048,,205.0,BOG_20250305,,,3.247714110120091
1182,94.5,68.5,0.8,0.1,0.5,RG,1F,D,,,,,,205.0,BOG_20250305,332.45000000000005,,
1183,68.5,62.0,1.0,0.4,0.5,RGxf,1F,D,,,,,,205.0,BOG_20250305,381.60900000000004,,
1184,62.0,58.0,0.8,0.3,0.5,RGxf,4F,D,more poorly bonded than above,,,,,205.0,BOG_20250305,225.63000000000002,,
1185,58.0,37.0,1.0,0.5,0.7,RGxf,1F,D,,,,,,205.0,BOG_20250305,340.08000000000004,,
1186,37.0,33.0,0.5,0.2,0.3,RGxf,1F,D,,,,,,205.0,BOG_20250305,475.3390909090909,,
1187,33.0,0.0,2.0,1.0,1.5,FCxr,4F,D,,,,,,205.0,BOG_20250305,204.93197802197804,,
1188,68.0,58.0,0.5,0.1,0.3,FCsf,F,D,,11.2,16.5,147.32142857142858,20250129.0,68.0,SLMet_20250129,2.616,0.1029675323943662,
1189,58.0,35.0,2.0,0.5,1.0,FC,4F,D,FCso Some cups/striations,19.4,40.5,208.76288659793812,,68.0,SLMet_20250129,7.052300000000001,0.1779220894409938,
1190,35.0,15.0,3.0,1.0,1.5,DHxr,F,D,,22.0,50.5,229.54545454545453,,68.0,SLMet_20250129,30.084,0.30877916879432626,
1191,15.0,5.0,8.0,1.0,2.0,DHla,F,D,DHxr?,11.0,24.5,222.72727272727272,,68.0,SLMet_20250129,29.28985714285714,0.7035441070422535,
1192,5.0,0.0,3.0,1.0,2.0,MFcl,P,D,Clusters MFpc,3.4,10.0,294.11764705882354,,68.0,SLMet_20250129,96.46499999999999,2.5338179285714286,
1200,248.0,247.0,1.0,0.2,0.5,FCsf,F,D,,,,,20250402.0,248.0,MCSST_20250402,,,0.13958579549087238
1201,247.0,245.0,4.0,0.2,0.3,RGsr,4F,D,Some MF,,,,,248.0,MCSST_20250402,,,0.2708569474818718
1202,245.0,239.0,0.3,0.1,0.2,RGxf,F,D,,,,,,248.0,MCSST_20250402,,,0.4468255134856512
1203,239.0,234.0,0.6,0.2,0.4,FC,F,D,faceted edges,,,,,248.0,MCSST_20250402,,,0.32752882948536804
1204,234.0,228.0,2.0,0.5,1.0,MFcr,P,D,,,,340.9503896666667,,248.0,MCSST_20250402,288.414,,1.6348587484620996
1205,228.0,222.0,1.0,0.5,0.8,MFpc,P,D,,,,,,248.0,MCSST_20250402,358.065,,1.4675222694802421
1206,222.0,219.0,1.0,0.3,0.5,MFcl,1F,D,,,,,,248.0,MCSST_20250402,341.71500000000003,,1.7247026503372294
1207,219.0,212.0,0.4,0.2,0.3,MFcl,4F,D,grains more obvious than layer above,,,,,248.0,MCSST_20250402,259.965,,2.1820332840850223
1208,212.0,206.0,1.0,0.3,0.5,MFcl,4F,M,,,,,,248.0,MCSST_20250402,276.31499999999994,,2.3845558962343305
1209,206.0,197.0,1.0,0.3,0.5,MFcl,4F,M,,,,,,248.0,MCSST_20250402,112.81500000000001,,2.1835222710386155
1210,197.0,187.0,2.0,0.5,1.0,MFpc,4F,M,"some faceted edges, top 1cm has more bods, close to IF, 1F on top",,,,,248.0,MCSST_20250402,98.80071428571429,,1.2357006792391798
1211,187.0,147.0,0.5,0.3,0.4,RGsr,1F,M,discontinuous lenses and crusts throughout,,,,,248.0,MCSST_20250402,376.67017241379324,,3.176026713691896
1212,147.0,127.0,0.5,0.3,0.4,MFcr,P,M,discontinuous IFil on top of layer,,,267.2774474,,248.0,MCSST_20250402,670.5135,,4.586734026646592
1213,127.0,109.0,0.8,0.2,0.5,RG,1F,M,close to MFcl,,,,,248.0,MCSST_20250402,492.26076923076926,,6.3301344441969
1214,109.0,103.0,0.5,0.3,0.4,RG,1F,M,,,,,,248.0,MCSST_20250402,382.59000000000003,,4.508881821078421
1219,87.0,86.5,1.0,0.3,0.5,DF,F,D,DFbk SHcp (1mm),,,,20241231.0,87.0,AM_20241231,,0.1214645,0.09599836561757377
1220,86.5,81.0,0.8,0.3,0.5,DF,F,D,DFbk Some plates,5.399999999999992,4.5,83.33333333333347,,87.0,AM_20241231,,0.15765673684210524,0.1194612963545264
1221,81.0,73.0,0.5,0.1,0.3,RGwp,1F,D,Some DFbk,5.6000000000000085,8.0,142.85714285714263,,87.0,AM_20241231,8.6328,0.2592039649122807,0.1799968361392981
1222,73.0,61.0,1.0,0.3,0.5,DF,4F,D,"DFdc Arms, some plates",12.200000000000005,19.0,155.73770491803276,,87.0,AM_20241231,15.041999999999998,0.5315597411764704,0.2127150929896978
1223,61.0,51.0,0.8,0.3,0.5,RGxf,1F,D,,11.400000000000006,23.5,206.14035087719287,,87.0,AM_20241231,25.08557142857143,0.6363899436619721,0.22748152161949203
1224,51.0,30.0,3.0,1.0,2.0,DHpr,F,D,,22.0,49.0,222.7272727272728,,87.0,AM_20241231,10.370571428571429,0.3866430068027211,0.15137293989281897
1225,30.0,0.0,4.0,1.0,2.0,DHcp,F,D,Some striations,28.8,69.5,241.31944444444443,,87.0,AM_20241231,14.413153846153845,0.49196775355450234,0.19868305092920385
1231,142.0,136.0,2.0,0.5,1.0,PPsd,F,D,,5.2,3.5,67.3076923076923,20250305.0,142.0,DHMet_20250305,,,
1232,136.0,121.0,1.0,0.5,0.8,DF,F,D,DFbk,12.0,12.5,104.16666666666669,,142.0,DHMet_20250305,5.346450000000001,,
1233,121.0,114.0,1.0,0.3,0.5,MFcr,K,D,MFcr MFpc,6.6,20.5,310.6060606060606,,142.0,DHMet_20250305,74.7522,,
1234,114.0,94.0,0.8,0.3,0.5,RG,1F,D,RGlr,16.8,42.0,250.0,,142.0,DHMet_20250305,46.107,,
1235,94.0,80.0,1.0,0.3,0.5,RGxf,1F,D,,14.2,42.0,295.774647887324,,142.0,DHMet_20250305,199.83333333333334,,
1236,80.0,77.0,1.0,0.3,0.5,MFcr,K,D,MFcr Some clear ice lens behavior,2.0,9.5,475.0,,142.0,DHMet_20250305,259.96500000000003,,
1237,77.0,40.0,1.5,0.5,1.0,FCxr,1F,D,,33.0,106.0,321.2121212121212,,142.0,DHMet_20250305,82.51640625,,
1238,40.0,23.0,2.5,1.0,1.5,FCxr,F,D,,19.0,57.5,302.63157894736844,,142.0,DHMet_20250305,,,
1239,23.0,0.0,3.0,1.0,2.0,DHxr,4F,D,,24.0,74.5,310.4166666666667,,142.0,DHMet_20250305,92.3775,,
1243,164.0,142.0,1.0,0.3,0.5,DF,F,D,"DFdc
FCsf
RR",22.8,36.5,160.08771929824562,20250313.0,164.0,FST_20250313,9.922963636363637,0.29728712258064516,
1244,142.0,138.0,1.0,0.3,0.5,SH,F,D,"SHxr
DFdc",2.4,5.5,229.16666666666669,,164.0,FST_20250313,22.563,0.8750573275862069,
1245,138.0,106.0,0.5,0.1,0.3,RG,1F,D,RGsr,31.2,88.0,282.05128205128204,,164.0,FST_20250313,152.9914090909091,2.971532888888889,
1246,106.0,95.0,0.5,0.1,0.3,RG,P,D,RGsr,11.2,37.0,330.3571428571429,,164.0,FST_20250313,288.16875,5.629238967532467,
1247,95.0,84.0,1.0,0.5,0.8,RG,1F,D,"RGlr
FC not long ago
",9.2,31.5,342.3913043478261,,164.0,FST_20250313,258.09642857142865,4.402267467532467,
1248,84.0,66.0,1.0,0.5,0.8,FCxr,1F,D,,18.0,57.5,319.44444444444446,,164.0,FST_20250313,148.63636363636363,2.4924318228346456,
1249,66.0,47.0,2.0,0.5,1.0,FCxr,1F,D,,18.6,59.0,317.2043010752688,,164.0,FST_20250313,253.42500000000004,2.5616033195488717,
1250,47.0,29.0,3.0,1.0,2.0,FCxr,F,D,,18.0,56.5,313.8888888888889,,164.0,FST_20250313,58.45589488636364,1.3156136811023624,
1251,29.0,0.0,4.0,1.0,2.0,DHxr,1F,D,,29.2,80.5,275.6849315068493,,164.0,FST_20250313,65.3361328125,1.3083255812807881,
1255,82.0,80.0,0.5,0.3,0.3,FCsf,F,D,,,,,20250120.0,82.0,FCO_20250120,,,
1256,80.0,69.0,0.5,0.5,0.5,RGxf,F,D,,,,,,82.0,FCO_20250120,1.9983333333333333,,
1257,69.0,66.0,2.0,1.0,1.0,MFcr,4F,D,Heavily faceted,,,,,82.0,FCO_20250120,5.5045,,
1258,66.0,41.0,1.0,1.0,1.0,RGxf,4F,D,not as faceted as 80-69 layer,,,,,82.0,FCO_20250120,23.387931818181816,,
1259,41.0,38.0,5.0,1.0,2.0,MFcr,P,D,"still intact and uniform across pit, likely from rain event",,,,,82.0,FCO_20250120,61.04,,
1260,38.0,23.0,1.0,0.5,1.0,RGxf,1F,D,similar to 66-41 layer,,,,,82.0,FCO_20250120,68.66999999999999,,
1261,23.0,12.0,3.0,1.0,2.0,FC,4F,D,,,,,,82.0,FCO_20250120,17.60029411764706,,
1262,12.0,0.0,6.0,2.0,4.0,DH,4F,D,striated prisms,,,,,82.0,FCO_20250120,,,
1267,220.0,219.0,10.0,4.0,6.0,SH,F,D,"feathers, striations",1.0,1.9,189.1,20250107.0,220.0,BDG_20250107,,0.10171439999999998,0.12898981365330378
1268,219.0,206.0,2.0,0.5,1.5,DF,F,D,,10.8,14.5,134.25925925925924,,220.0,BDG_20250107,,0.25427017142857145,0.15821145922574453
1269,206.0,198.0,1.5,0.5,0.7,DF,F,D,very rounded,7.2,13.0,180.55555555555551,,220.0,BDG_20250107,,1.2844519157894736,0.27789322295068586
1270,198.0,197.0,0.6,0.3,0.4,MFcr,4F,D,"some faceted edges, 4F+ at bottom",1.0,2.6,296.86403515,,220.0,BDG_20250107,,2.2718432,0.5336329983602085
1271,197.0,156.0,0.6,0.1,0.4,RG,F,D,,38.4,90.0,234.375,,220.0,BDG_20250107,66.33428571428571,1.603598362369338,0.5104234602050417
1272,156.0,155.0,2.0,1.0,1.5,DF,F,D,Old graupel,1.0,2.8,284.1,,220.0,BDG_20250107,,1.8235147428571428,0.6374407392093541
1273,155.0,132.0,0.3,0.1,0.2,RG,1F,D,,23.0,67.3,292.8,,220.0,BDG_20250107,131.20875,2.6663827304347825,0.7866096577631114
1274,132.0,131.0,0.4,0.2,0.3,MFcr,1F,D,,1.0,3.0,216.1145178,,220.0,BDG_20250107,,2.949559314285714,1.139947619244841
1275,131.0,89.0,0.5,0.2,0.3,RG,1F,D,well bonded,42.0,135.1,321.6,,220.0,BDG_20250107,236.42100000000002,4.736393140338982,1.3516619455877337
1276,89.0,88.0,4.0,1.0,2.0,SHxr,F,D,very rounded,1.0,3.4,344.0,,220.0,BDG_20250107,,5.2278289142857135,0.8493762789451726
1277,88.0,69.0,1.0,0.5,0.7,RG,1F,D,some faceted edges,19.0,64.0,336.8,,220.0,BDG_20250107,220.725,5.1724589052631575,1.3724621305388711
1278,69.0,64.0,1.0,0.4,0.7,MFcr,P,D,,,,305.2072172,,220.0,BDG_20250107,,7.199821988571429,1.5625269237663109
1279,64.0,46.0,1.0,0.4,0.8,RG,P,D,,,,,,220.0,BDG_20250107,323.00333333333333,9.71668800944882,2.5771184006397716
1280,46.0,30.0,1.0,0.2,0.5,RG,P,D,previous facets,,,,,220.0,BDG_20250107,457.8,13.564790994690265,
1281,30.0,0.0,1.0,0.5,0.7,RG,1F,D,some MF,,,,,220.0,BDG_20250107,389.5971428571429,10.3673375507109,
1282,69.0,68.5,3.0,0.5,2.0,PPgp,F,D,,,,,20250102.0,69.0,JPLMet_20250102,,0.060663,
1283,68.5,58.0,2.0,0.5,1.0,DF,F,D,DFbk,12.8,10.5,82.03125,,69.0,JPLMet_20250102,,0.08257295135135134,
1284,58.0,38.0,1.0,0.3,0.5,RG,4F,D,RGlr Few DFdc,19.0,30.5,160.52631578947367,,69.0,JPLMet_20250102,10.333200000000001,0.23616430638297875,
1285,38.0,5.0,4.0,1.0,2.0,DHxr,F,D,Few striations/cups,32.2,67.5,209.62732919254657,,69.0,JPLMet_20250102,8.297625,0.2317158961038961,
1286,5.0,0.0,2.0,0.5,1.0,MFpc,K,D,"Large rounds, big clumps, water bonds",5.0,11.0,220.0,,69.0,JPLMet_20250102,20.35575,0.6431851264069263,
1294,187.0,184.0,1.5,0.4,0.8,FCxr,F,D,,2.8,5.0,178.57142857142858,20250122.0,187.0,FRE_20250122,,0.18406518095238095,0.19334530431629895
1295,184.0,181.0,1.0,0.2,0.5,MFcr,4F,D,,3.0,7.5,197.87656029,,187.0,FRE_20250122,0.981,0.3484343428571429,1.2259223957250558
1296,181.0,169.0,1.0,0.3,0.7,FCxr,4F,D,,12.6,35.0,277.77777777777777,,187.0,FRE_20250122,21.037,0.8008884705882352,0.9065886238751185
1297,169.0,166.0,0.8,0.3,0.5,MFcr,1F,D,"faceted melt forms, facets on bottom",2.0,12.5,317.97922867,,187.0,FRE_20250122,47.08800000000001,1.4223290476190473,1.14397428753208
1298,166.0,155.0,1.5,0.5,1.0,FCso,F,D,,13.2,32.5,246.2121212121212,,187.0,FRE_20250122,17.780625,2.020508509090909,0.39323725289616007
1299,155.0,131.0,0.7,0.2,0.5,RGxf,1F,D,,22.6,64.0,283.1858407079646,,187.0,FRE_20250122,114.25764705882354,2.8993907976331363,0.8679870082315251
1300,131.0,100.0,0.3,0.1,0.2,RGsr,1F,D,pencil at bottom,31.0,106.1,342.3,,187.0,FRE_20250122,242.1286363636364,7.154316683870968,1.7350390575636514
1301,100.0,85.0,0.4,0.2,0.3,RGsr,P,D,well bonded,15.0,54.4,362.8,,187.0,FRE_20250122,450.279,10.068477253333333,2.515333935551573
1302,85.0,75.0,0.8,0.3,0.5,RG,P,D,,10.0,37.4,374.3,,187.0,FRE_20250122,465.97499999999997,12.000860360563383,2.8177797775160642
1303,75.0,57.0,0.6,0.2,0.4,RG,P,D,some faceted edges,18.0,67.7,376.1,,187.0,FRE_20250122,521.4392307692308,13.994802513385826,3.7217917287293125
1304,57.0,43.0,1.0,0.4,0.7,RG,1F,D,,14.0,49.9,356.2,,187.0,FRE_20250122,305.33625,16.514164735353535,2.4860634074865096
1305,43.0,20.0,1.0,0.3,0.5,RG,1F,D,some faceted edges,,,366.2,,187.0,FRE_20250122,295.1175,10.48937130931677,2.5753358967839928
1306,20.0,0.0,1.0,0.3,0.5,RG,P,D,some melt forms,,,,,187.0,FRE_20250122,533.5550000000001,18.666265738196557,
1307,67.0,64.0,2.0,0.5,1.0,MFcl,1F,M,,4.8,10.5,218.75,20250204.0,67.0,FEFHQ_20250204,,0.3328484761904762,
1308,64.0,56.0,1.5,0.5,1.0,MFcl,F,M,,6.2,12.0,193.54838709677415,,67.0,FEFHQ_20250204,10.137,0.26609494736842104,
1309,56.0,34.0,1.0,0.3,0.5,RG,F,M,RGlr,22.2,52.5,236.48648648648648,,67.0,FEFHQ_20250204,11.663,0.3368820387096774,
1310,34.0,5.0,2.0,0.5,1.0,DHxr,F,M,,26.8,60.5,225.7462686567164,,67.0,FEFHQ_20250204,12.344249999999999,0.4415734778325124,
1311,5.0,0.0,6.0,1.0,2.0,DHxr,1F,M,,4.6,11.5,250.00000000000003,,67.0,FEFHQ_20250204,15.450750000000001,,
1319,163.0,147.0,1.0,0.3,0.5,MFcl,F,M,none,17.6,48.0,272.7272727272727,20250416.0,163.0,FST_20250416,36.7875,1.4475529734513275,
1320,147.0,112.0,1.0,0.3,0.5,MFcl,1F,M,,34.4,111.0,322.6744186046512,,163.0,FST_20250416,191.1228947368421,6.138889828571427,
1321,112.0,79.0,2.0,0.5,1.0,MFcl,P,M,,32.4,124.0,382.7160493827161,,163.0,FST_20250416,437.5854545454547,11.721359324675323,
1322,79.0,49.0,2.0,0.5,1.0,MFcl,1F,M,,30.8,100.5,326.2987012987013,,163.0,FST_20250416,197.73281250000002,3.9596296682464454,
1323,49.0,14.0,2.5,0.5,1.5,FCxr,F,D,,37.8,115.0,304.23280423280426,,163.0,FST_20250416,96.75352941176472,1.8085522204081632,
1324,14.0,0.0,4.0,1.0,2.0,DHxr,1F,D,,8.2,23.5,286.5853658536586,,163.0,FST_20250416,151.69166666666666,2.0097049494949495,
1331,38.0,35.0,0.5,0.1,0.3,FCsf,F,D,,3.0,4.0,133.0,20241122.0,38.0,AM_20241122,,0.08014533333333335,
1332,35.0,34.5,0.5,0.1,0.3,MFcr,4F,D,MFcr (not available as grain type),0.5,2.0,400.0,,38.0,AM_20241122,,0.08590462500000001,
1333,34.5,20.0,1.0,0.3,0.5,FC,4F,D,"Fcso (not available as grain type), some rounded edges",14.5,38.0,259.0,,38.0,AM_20241122,4.352214285714286,0.11702299509803922,
1334,20.0,9.0,1.0,0.3,0.5,FC,1F,D,FCso (not available as grain type),19.0,44.0,232.0,,38.0,AM_20241122,19.129500000000004,0.47994207142857137,
1335,9.0,0.0,2.0,1.0,1.5,DHcp,4F,D,"Cups, Striations",9.0,10.0,111.0,,38.0,AM_20241122,23.217000000000002,1.0985544032146015,
1343,89.0,87.0,1.0,0.3,0.8,PPsd,F,D,PPgp riming,2.8,2.5,89.28571428571429,20250318.0,89.0,JPLMet_20250318,,0.22520099999999998,
1344,87.0,85.0,1.0,0.3,0.8,MFcr,P,D,,1.8,5.0,277.77777777777777,,89.0,JPLMet_20250318,,3.172831866666667,
1345,85.0,82.0,0.8,0.1,0.5,DF,4F,D,DFdc RGlr,2.2,4.5,204.54545454545453,,89.0,JPLMet_20250318,,1.2970986666666664,
1346,82.0,74.0,1.5,0.5,1.0,MFcr,K,D,MFcr MFpc,8.8,26.5,301.1363636363636,,89.0,JPLMet_20250318,112.96828125000002,4.925351578947369,
1347,74.0,63.0,0.8,0.3,0.5,RGxf,4F,D,,11.0,28.5,259.09090909090907,,89.0,JPLMet_20250318,28.612500000000004,1.3209842207792208,
1348,63.0,51.0,0.8,0.3,0.5,RG,1F,D,RGlr,10.4,33.0,317.3076923076923,,89.0,JPLMet_20250318,77.39,2.4334156705882353,
1349,51.0,47.0,2.0,0.5,1.0,MFcr,K,D,MFcr MFpc,4.4,15.5,352.27272727272725,,89.0,JPLMet_20250318,115.54000000000002,2.229840448275862,
1350,47.0,23.0,2.0,0.5,1.0,FCxr,F,D,,23.2,59.5,256.4655172413793,,89.0,JPLMet_20250318,,0.597608650887574,
1351,23.0,13.0,4.0,1.0,2.0,DHxr,F,D,DHch,10.8,25.5,236.1111111111111,,89.0,JPLMet_20250318,,0.49050847887323945,
1352,13.0,0.0,8.0,1.0,2.0,DHxr,1F,D,DHch,11.8,28.0,237.28813559322032,,89.0,JPLMet_20250318,,1.1718850376190477,
1355,75.0,74.5,0.5,0.1,0.3,FCsf,F,D,,,,,20250122.0,75.0,CLPX_FSSP01_20250122,,0.04757474999999999,
1356,74.5,52.0,1.0,0.3,0.5,DF,F,D,"Faceting
DFdc",,,,,75.0,CLPX_FSSP01_20250122,,0.0946323164556962,
1357,52.0,32.0,1.0,0.3,0.5,RGxf,4F,D,,,,,,75.0,CLPX_FSSP01_20250122,,0.4558575248226949,
1358,32.0,10.0,2.0,0.5,1.0,FCxr,F,D,,,,,,75.0,CLPX_FSSP01_20250122,,0.40749023225806447,
1359,10.0,0.0,4.0,1.0,1.5,DHxr,1F,D,,,,,,75.0,CLPX_FSSP01_20250122,,1.2760375633802818,
1367,68.0,60.0,1.0,0.3,0.5,FCsf,F,D,DFdc,7.2,9.5,131.94444444444443,20250211.0,68.0,JPLMet_20250211,,0.08998126315789473,
1368,60.0,56.0,2.0,0.5,1.0,MFcr,K,D,large clusters bonded grains,4.6,13.5,293.47826086956525,,68.0,JPLMet_20250211,63.1764,7.629172206896552,
1369,56.0,36.0,2.0,0.5,1.0,FCxr,4F,D,,14.6,35.0,239.72602739726028,,68.0,JPLMet_20250211,,0.39073502127659576,
1370,36.0,15.0,3.0,0.5,1.0,DHxr,F,D,,23.2,55.2,237.93103448275863,,68.0,JPLMet_20250211,,0.2375552,
1371,15.0,0.0,6.0,1.0,2.0,DHxr,F,M,DHla,18.8,44.5,236.70212765957447,,68.0,JPLMet_20250211,,,
1379,99.0,98.5,0.5,0.1,0.3,FCsf,F,D,,,,,20250121.0,99.0,AM_20250121,,0.1909915,
1380,98.5,83.0,1.0,0.3,0.5,FC,F,D,"FCso, Few DFbk",15.600000000000009,24.5,157.05128205128196,,99.0,AM_20250121,5.410363636363638,0.13766899999999999,
1381,83.0,71.0,1.0,0.3,0.5,RGxf,4F,D,,11.799999999999995,26.5,224.57627118644072,,99.0,AM_20250121,16.132,0.33862109411764707,
1382,71.0,57.0,1.0,0.3,0.5,RGxf,1F,D,less facets from layer above,14.199999999999996,39.5,278.1690140845071,,99.0,AM_20250121,58.042500000000004,1.1579355454545452,
1383,57.0,49.0,1.5,0.5,1.0,FCxr,4F,D,Some DHla,7.0,18.5,264.2857142857143,,99.0,AM_20250121,44.145,1.1443161578947367,
1384,49.0,16.0,3.0,1.0,1.5,DHxr,F,D,,34.0,87.0,255.8823529411765,,99.0,AM_20250121,,0.5085492164502163,
1385,16.0,0.0,5.0,1.0,2.0,DHxr,4F,D,,13.6,35.0,257.3529411764706,,99.0,AM_20250121,35.58976744186047,0.9673354778761062,
1391,70.0,67.0,2.0,0.5,1.0,MFcr,K,M,,2.6,7.5,288.46153846153845,20250205.0,70.0,JPLMet_20250205,96.46499999999999,0.21381761904761903,
1392,67.0,57.0,1.0,0.1,0.5,RG,4F,M,RGlr,8.4,18.0,214.28571428571428,,70.0,JPLMet_20250205,63.765,0.15283377464788728,
1393,57.0,48.0,1.0,0.1,0.5,FCxr,F,M,,9.0,19.5,216.66666666666663,,70.0,JPLMet_20250205,,0.31410041269841266,
1394,48.0,32.0,2.0,0.5,1.0,FCxr,F,M,2-4 mm chains,15.0,37.5,250.0,,70.0,JPLMet_20250205,,0.3989192212389381,
1395,32.0,15.0,4.0,1.0,2.0,DHxr,F,M,DHch,19.2,46.0,239.58333333333331,,70.0,JPLMet_20250205,,0.33600332773109237,
1396,15.0,0.0,6.0,2.0,4.0,DHxr,1F,M,DHch,15.0,33.0,220.0,,70.0,JPLMet_20250205,15.11704918032787,,
1403,59.0,53.0,0.8,0.3,0.5,FCsf,F,D,Rounding,6.2,9.0,145.16129032258064,20250211.0,59.0,SLMet_20250211,0.981,,
1404,53.0,48.0,1.0,0.3,0.5,RGxf,K,D,"Crust
MFpc clusters",3.2,8.0,250.0,,59.0,SLMet_20250211,24.852000000000004,,
1405,48.0,30.0,2.0,0.5,1.0,FCxr,1F,D,,18.8,46.5,247.3404255319149,,59.0,SLMet_20250211,,,
1406,30.0,17.0,3.0,0.5,1.5,DHxr,4F,D,,13.4,33.5,250.0,,59.0,SLMet_20250211,,,
1407,17.0,0.0,8.0,2.0,2.5,DHxr,F,M,,14.4,41.5,288.19444444444446,,59.0,SLMet_20250211,,,
1415,86.0,85.5,0.8,0.3,0.5,FCsf,F,D,"Needles, some small SH, few PPgp (1mm)",,,,20250101.0,86.0,DHMet_20250101,,0.070081,
1416,85.5,77.0,1.0,0.3,0.5,DF,F,D,DFbk,8.0,7.5,93.75,,86.0,DHMet_20250101,0.981,0.1506279833333333,
1417,77.0,62.0,1.0,0.3,0.5,DF,4F,D,"DFdc, arms, rounding",14.599999999999994,21.5,147.2602739726028,,86.0,DHMet_20250101,11.281500000000001,0.3640597809523809,
1418,62.0,45.0,0.8,0.3,0.5,RG,1F,D,RGlr,19.200000000000003,42.5,221.35416666666663,,86.0,DHMet_20250101,33.710727272727276,1.0947971092436972,
1419,45.0,20.0,1.0,0.3,0.5,RGxf,4F,D,"Corners, flat edges",22.8,59.0,258.77192982456137,,86.0,DHMet_20250101,,0.8155623942857142,
1420,20.0,17.0,1.5,0.5,1.0,MFcl,P,D,"FCso, DHpr",3.3999999999999986,11.0,323.529411764706,,86.0,DHMet_20250101,26.977500000000003,1.034449904761905,
1421,17.0,0.0,2.0,0.5,1.0,FC,4F,D,"FCso, Sharp edges",19.8,48.5,244.94949494949492,,86.0,DHMet_20250101,29.43,1.0152946298982752,
1427,220.0,210.0,0.3,0.1,0.2,RG,F,D,"Some 1mm DF, some 4F",10.4,15.0,144.2307692,30350109.0,220.0,FRE_20250109,16.677,0.30755583098591555,0.39603736509985715
1428,210.0,198.0,1.0,0.3,0.5,FCxr,F,D,,9.8,20.5,209.1836735,,220.0,FRE_20250109,,0.739583482352941,0.30435690890654676
1429,198.0,197.0,1.0,0.3,0.6,MFcr,1F,D,,2.2,4.5,315.56689039,,220.0,FRE_20250109,24.852,0.7284308571428569,1.1022143653480918
1430,197.0,183.0,1.0,0.3,0.5,RG,4F,D,Evidence of previous faceting,14.2,29.0,204.2253521,,220.0,FRE_20250109,54.42214285714286,1.1314246868686868,0.37980529792328954
1431,183.0,156.0,1.0,0.3,0.5,RG,4F,D,"MFcl, 2mm clusters",27.0,74.7,276.8,,220.0,FRE_20250109,89.74982142857144,2.004213714285714,0.5577868778975319
1432,156.0,133.0,0.5,0.1,0.2,RG,1F,D,Some old plates,23.0,66.7,290.1,,220.0,FRE_20250109,148.785,3.3434003229813665,0.7636043286289793
1433,133.0,115.0,0.5,0.1,0.3,RG,1F,D,well bonded,18.0,55.6,309.0,,220.0,FRE_20250109,259.96500000000003,4.682154992125984,1.0434927189773329
1434,115.0,77.0,0.8,0.3,0.5,RG,1F,D,Some faceted edges,38.0,124.8,328.4,,220.0,FRE_20250109,305.2778571428571,5.772169573033708,1.4326261480834535
1435,77.0,66.0,0.7,0.3,0.4,RG,1F,D,,,,341.1,,220.0,FRE_20250109,309.71571428571434,7.372819064935067,2.3080048853106407
1436,66.0,51.0,1.5,0.5,0.8,RGxf,1F,D,,,,,,220.0,FRE_20250109,188.8425,8.435209276190477,1.4546869954893162
1437,51.0,50.0,1.0,0.4,0.6,MFcr,4F,D,"Heavily faceted on top, squares",,,0.0,,220.0,FRE_20250109,,4.346921428571428,
1438,50.0,27.0,0.8,0.2,0.5,RGxf,1F,D,"faceted edges are rounding, pencil at bottom of layer",,,,,220.0,FRE_20250109,303.4092857142857,5.616149192546584,
1439,27.0,12.0,1.0,0.5,0.8,RGxf,P,D,,,,,,220.0,FRE_20250109,488.865,12.664819885714284,
1440,12.0,0.0,1.5,0.8,1.0,FCxr,1F,D,,,,,,220.0,FRE_20250109,217.6036363636364,11.084288611764705,
1441,141.0,134.0,2.0,0.8,1.0,MFcr,K,M,MFcr MFpc,6.400000000000006,16.5,257.8124999999998,20250328.0,141.0,AM_20250328,13.734000000000002,2.7990002040816324,
1442,134.0,115.0,0.8,0.3,0.5,RG,1F,M,RGlr,19.2,49.0,255.20833333333331,,141.0,AM_20250328,50.78561538461538,1.9092422857142852,
1443,115.0,73.0,0.8,0.3,0.5,RG,P,M,RGlr,38.4,136.0,354.1666666666667,,141.0,AM_20250328,271.2972413793104,6.422796053191489,
1444,73.0,43.0,2.5,1.0,2.0,FCxr,1F,M,,30.4,94.0,309.2105263157895,,141.0,AM_20250328,89.01666666666668,,
1445,43.0,12.0,6.0,1.0,2.0,DHxr,4F,D,,32.0,92.5,289.0625,,141.0,AM_20250328,,,
1446,12.0,0.0,6.0,1.0,2.0,DHxr,1F,D,,11.0,27.5,250.0,,141.0,AM_20250328,131.18023255813955,,
1453,57.5,57.0,2.0,1.0,1.5,SH,F,D,SHcp 0.5 FC,,,,20241205.0,57.5,DHMet_20241205,,0.03191039999999999,
1454,57.0,42.0,0.5,0.1,0.3,RGxf,F,D,"Necks, round edges, square corners",29.5,28.0,94.91525423728814,,57.5,DHMet_20241205,2.8885,0.17836689523809524,
1455,42.0,35.5,1.0,0.3,0.5,FC,4F,D,FCso,18.5,12.0,64.86486486486487,,57.5,DHMet_20241205,5.3955,0.3864390869565217,
1456,35.5,26.0,1.0,0.3,0.5,FC,1F,D,FCso Old surface?,9.5,26.5,278.94736842105266,,57.5,DHMet_20241205,13.570500000000001,0.7848199030303032,
1457,26.0,16.0,2.0,0.5,1.0,FC,4F,D,FCso,10.0,24.5,245.0,,57.5,DHMet_20241205,34.335,0.299664061971831,
1458,16.0,0.0,2.0,0.5,1.0,FC,4F,D,FCso Early cups,16.0,26.5,165.625,,57.5,DHMet_20241205,51.736071428571435,0.7494890851307984,
1465,92.0,88.0,2.0,0.5,1.0,MFcr,K,M,MFcr MFpc,4.2,12.5,297.6190476190476,20250328.0,92.0,LFMet_20250328,,,
1466,88.0,77.0,1.0,0.3,0.5,MFcl,P,M,,15.0,41.5,276.6666666666667,,92.0,LFMet_20250328,,,
1467,77.0,64.0,0.8,0.3,0.5,MFcl,1F,M,,12.8,41.5,324.21875,,92.0,LFMet_20250328,,,
1468,64.0,24.0,1.0,0.5,0.8,MFcl,4F,W,,61.0,115.5,189.344262295082,,92.0,LFMet_20250328,,,
1469,24.0,0.0,2.0,0.5,1.0,MFcl,F,W,,20.2,74.5,368.8118811881188,,92.0,LFMet_20250328,,,
1477,123.0,119.5,1.0,0.3,0.5,MFcr,K,D,"MFcr
MFpc
FCsf",2.8,9.0,321.0,20250407.0,123.0,DHMet_20250407,136.11374999999998,,
1478,119.5,114.0,1.5,0.5,1.0,FC,4F,D,FCso,4.6,11.5,250.00000000000003,,123.0,DHMet_20250407,149.6025,,
1479,114.0,111.0,1.0,0.3,0.5,MFcr,P,D,"MFcr
MFpc
",3.2,10.5,328.0,,123.0,DHMet_20250407,101.915,,
1480,111.0,107.0,1.5,0.5,1.0,FC,4F,D,FCso,3.4,9.0,265.0,,123.0,DHMet_20250407,112.815,,
1481,107.0,95.0,2.0,0.5,1.0,MFpc,P,D,,14.2,45.5,320.0,,123.0,DHMet_20250407,309.01500000000004,,
1482,95.0,80.0,1.5,0.5,1.0,FCxr,1F,D,,13.8,44.5,322.0,,123.0,DHMet_20250407,76.77068181818183,,
1483,80.0,58.0,1.5,0.3,0.8,FCxr,P,D,,19.8,79.5,402.0,,123.0,DHMet_20250407,416.925,,
1484,58.0,25.0,1.5,0.5,1.0,RG,1F,M,RGlr,36.0,133.0,369.0,,123.0,DHMet_20250407,130.79999999999998,,
1485,25.0,0.0,2.5,0.5,1.0,FCxr,4F,M,,24.4,72.5,297.0,,123.0,DHMet_20250407,74.45538461538463,,
1489,143.0,141.0,0.5,0.1,0.3,RGwp,K,D,,,,,20250124.0,143.0,CLPX_FAD16_20250124,,9.674132666666667,
1490,141.0,127.0,0.8,0.3,0.5,RGwp,P,D,May be RGxf,2.5999999999999943,10.5,403.8461538461547,,143.0,CLPX_FAD16_20250124,499.22,6.872465131313129,
1491,127.0,103.0,1.0,0.3,0.5,RGwp,K,D,,13.799999999999995,59.0,427.53623188405805,,143.0,CLPX_FAD16_20250124,186.0126923076923,3.9813718106508875,
1492,103.0,89.0,1.0,0.3,0.5,RGxf,1F,D,,23.39999999999999,84.0,358.9743589743591,,143.0,CLPX_FAD16_20250124,389.13,3.4605386161616156,
1493,89.0,68.0,1.5,0.5,1.0,RGxf,P,D,,13.200000000000005,39.5,299.2424242424242,,143.0,CLPX_FAD16_20250124,186.0126923076923,4.356299857142858,
1494,68.0,61.0,1.0,0.5,0.8,RG,K,D,RGlr,20.60000000000001,67.0,325.2427184466018,,143.0,CLPX_FAD16_20250124,777.4425,16.525158591836735,
1495,61.0,41.0,1.5,0.5,1.0,RG,K,D,RGlr,8.399999999999991,34.0,404.7619047619052,,143.0,CLPX_FAD16_20250124,369.51000000000005,10.70633289361702,
1496,41.0,38.0,4.0,1.0,2.0,DHxr,P,D,DHcp DHla,16.6,63.0,379.5180722891566,,143.0,CLPX_FAD16_20250124,225.63,6.03581680952381,
1497,38.0,33.0,2.0,0.5,1.0,RGxf,K,D,,10.0,30.5,305.0,,143.0,CLPX_FAD16_20250124,225.63,3.4957874857142857,
1498,33.0,5.0,4.0,1.0,2.0,DHxr,1F,D,,26.8,80.5,300.3731343283582,,143.0,CLPX_FAD16_20250124,71.12250000000002,3.043093252290454,
1499,5.0,0.0,4.0,1.0,2.0,DHxr,K,D,Big RG,3.8,10.5,276.3157894736842,,143.0,CLPX_FAD16_20250124,58.86,4.042588363636364,
1501,68.0,67.5,0.8,0.3,0.5,DF,F,D,DFbk PPgp,,,,20250101.0,68.0,LFMet_20250101,,0.045151,
1502,67.5,62.0,0.8,0.1,0.5,DF,F,D,DFdc,7.4,10.0,135.13513513513513,,68.0,LFMet_20250101,,0.07646657894736841,
1503,62.0,51.0,0.8,0.3,0.5,RGwp,F,D,,10.0,17.0,170.0,,68.0,LFMet_20250101,3.18825,0.14118006493506494,
1504,51.0,39.0,1.0,0.3,0.5,RG,4F,D,"RGlr Necks, bonds",13.2,29.5,223.4848484848485,,68.0,LFMet_20250101,16.677000000000003,0.4979580117647059,
1505,39.0,0.0,2.0,0.5,1.0,DHpr,F,D,,34.2,80.5,235.3801169590643,,68.0,LFMet_20250101,15.796615384615386,0.3464194468864469,
1513,100.0,99.0,2.0,1.0,1.5,DF,F,D,"DFbk, well defined PPSD fragments",,,,20241218.0,100.0,FST_20241218,,0.04265799999999999,
1514,99.0,81.0,1.5,0.5,1.0,DF,F,D,DFbk,18.0,12.5,69.0,,100.0,FST_20241218,1.9620000000000002,0.07771180472440947,
1515,81.0,68.0,0.5,0.1,0.3,RG,4F,D,,14.0,21.5,154.0,,100.0,FST_20241218,14.061,0.3212274637362637,
1516,68.0,39.0,1.5,0.5,1.0,FC,1F,D,FCso,27.4,64.5,235.0,,100.0,FST_20241218,20.151375,0.5042617162561576,
1517,39.0,18.0,2.0,1.0,1.5,FC,1F,D,FCso,22.0,60.5,275.0,,100.0,FST_20241218,22.61330769230769,0.7884904870748299,
1518,18.0,0.0,3.0,1.0,2.0,DHcp,1F,D,,14.4,39.0,271.0,,100.0,FST_20241218,15.56804347826087,0.9868143689050399,
1525,87.0,76.0,0.7,0.2,0.5,DF,F,D,"Secondary FC
minor tree bombs at surface.  Some corners (RR?)",,,228.0,20241206.0,87.0,FRE_20241206,,,0.13556604630292968
1526,76.0,68.0,0.7,0.3,0.4,RG,4F,D,,,,262.3,,87.0,FRE_20241206,,,0.2619981502379087
1527,68.0,63.0,0.7,0.3,0.5,RG,4F,D,"4F+
more bonds",,,271.3,,87.0,FRE_20241206,,,0.36319232700694426
1528,63.0,62.0,0.7,0.5,0.6,MFcr,P,D,crust,,,132.74815175294117,,87.0,FRE_20241206,,,0.792197953591207
1529,62.0,61.0,1.0,0.5,0.8,FC,F,D,,,,275.6,,87.0,FRE_20241206,,,0.7095585649311069
1530,61.0,45.0,1.0,0.5,0.7,RG,4F,D,"4F+
some corners",,,286.0,,87.0,FRE_20241206,,,0.32816288478841316
1531,45.0,33.0,0.9,0.3,0.6,RG,1F,D,1F-,,,312.3,,87.0,FRE_20241206,,,0.6353194445313923
1532,33.0,19.0,0.5,0.3,0.4,RG,1F,D,some (old) corners,,,308.1,,87.0,FRE_20241206,,,1.158273346027347
1533,19.0,8.0,1.0,0.5,0.7,FC,1F,D,"1F+
facets that have rounded",,,286.4,,87.0,FRE_20241206,,,1.1046538285579368
1534,8.0,0.0,2.0,1.0,1.5,FC,1F,D,"1F-
Rounded edges",,,289.3,,87.0,FRE_20241206,,,0.6881520812364013
1535,103.0,102.5,1.0,0.3,0.5,FCsf,F,D,"SHcp
FCxr
RR crust",,,,20250130.0,103.0,FST_20250130,,0.06481799999999999,
1536,102.5,93.0,0.5,0.1,0.3,RGxf,F,D,,7.6,10.5,138.1578947368421,,103.0,FST_20250130,1.9620000000000002,0.1287084696969697,
1537,93.0,79.0,1.0,0.3,0.5,RGxf,4F,D,,15.2,30.0,197.3684210526316,,103.0,FST_20250130,14.279000000000003,0.3685806767676768,
1538,79.0,66.0,1.5,0.5,1.0,FCxr,1F,D,,11.2,22.5,200.8928571428572,,103.0,FST_20250130,22.072499999999998,0.5157344285714287,
1539,66.0,55.0,2.0,0.5,1.0,FCxr,1F,D,,12.0,31.5,262.5,,103.0,FST_20250130,37.400625000000005,1.1845347402597401,
1540,55.0,39.0,2.0,0.5,1.0,FCxr,1F,D,,15.8,45.0,284.8101265822785,,103.0,FST_20250130,53.955,1.0791160088495575,
1541,39.0,32.0,2.0,0.5,1.0,FCxr,1F,D,,9.0,25.0,277.77777777777777,,103.0,FST_20250130,35.1525,0.7715354489795918,
1542,32.0,0.0,4.0,1.0,1.5,DHxr,4F,D,,30.0,83.5,278.3333333333333,,103.0,FST_20250130,45.70568181818181,0.9646494222222222,
1547,178.0,173.0,1.5,0.5,1.0,DF,F,D,"DFbk
FCsf",3.5999999999999943,3.0,97.0,20250306.0,178.0,FST_20250306,,,
1548,173.0,166.0,0.8,0.3,0.5,DF,F,D,DFbk,7.0,7.0,93.0,,178.0,FST_20250306,0.981,,
1549,166.0,149.0,0.8,0.3,0.5,DF,F,D,DFdc,16.400000000000006,19.0,113.0,,178.0,FST_20250306,7.287428571428572,,
1550,149.0,137.0,0.8,0.3,0.5,DF,4F,D,"DFdc
RGlr",10.800000000000011,20.0,185.0,,178.0,FST_20250306,17.535375000000002,,
1551,137.0,120.0,0.8,0.3,0.5,RG,1F,D,"RGlr
Necks",16.2,40.0,244.0,,178.0,FST_20250306,60.01936363636364,,
1552,120.0,97.0,0.5,0.1,0.3,RG,1F,D,RGsr,23.6,66.0,280.0,,178.0,FST_20250306,183.9375,,
1553,97.0,50.0,1.0,0.3,0.5,FCxr,1F,D,,46.6,151.0,325.0,,178.0,FST_20250306,155.61696428571432,,
1554,50.0,18.0,2.0,0.5,1.0,FCxr,4F,D,"DHxr
Chains",32.0,97.0,303.0,,178.0,FST_20250306,70.89954545454546,,
1555,18.0,0.0,4.0,1.0,2.0,DHxr,1F,D,Chains,22.0,68.0,311.0,,178.0,FST_20250306,79.70625000000001,,
1559,95.0,94.5,3.0,1.0,2.0,PPsd,F,D,minimal PPgp,,,,20250107.0,95.0,DHMet_20250107,,0.04567037499999999,
1560,94.5,79.0,2.0,0.5,1.0,DF,F,D,"DFdc, some DFbk",15.0,11.0,73.33333333333333,,95.0,DHMet_20250107,2.289,0.17579625462962964,
1561,79.0,68.0,0.5,0.1,0.3,RGwp,4F,D,,9.4,18.0,191.48936170212764,,95.0,DHMet_20250107,17.412750000000003,0.7557045649350649,
1562,68.0,44.0,1.0,0.3,0.5,RG,1F,D,"RGlr, necks and bowling pins",22.800000000000004,53.5,234.6491228070175,,95.0,DHMet_20250107,37.03275,1.00186474556213,
1563,44.0,22.0,1.5,0.5,1.0,FC,4F,D,FCso,22.8,57.5,252.1929824561404,,95.0,DHMet_20250107,,0.6581448516129031,
1564,22.0,6.0,4.0,1.0,2.0,DHcp,F,D,,15.0,39.5,263.3333333333333,,95.0,DHMet_20250107,,0.5777447831858407,
1565,6.0,0.0,2.0,0.5,1.0,MFcl,P,D,looks like DHxr,6.8,17.0,250.0,,95.0,DHMet_20250107,,2.055060462297393,
1571,144.0,142.0,1.0,0.3,0.5,FCsf,F,D,SHxr,1.799999999999983,2.5,138.8888888888902,20250227.0,144.0,AM_20250227,,0.032008888888888885,
1572,142.0,129.0,1.0,0.5,0.8,RGxf,F,D,,13.000000000000014,18.5,142.30769230769215,,144.0,AM_20250227,4.7088,0.18490815384615386,
1573,129.0,112.0,0.8,0.1,0.3,RG,1F,D,RGsr,15.599999999999994,35.0,224.35897435897445,,144.0,AM_20250227,51.45790909090909,1.5828416246498602,
1574,112.0,86.0,1.0,0.3,0.5,RG,P,D,RGlr,25.0,66.5,266.0,,144.0,AM_20250227,204.375,3.1972994936247723,
1575,86.0,65.0,2.0,0.5,1.0,FCxr,4F,D,,20.8,61.5,295.67307692307696,,144.0,AM_20250227,42.91875000000001,1.417098081632653,
1576,65.0,35.0,2.5,1.0,1.5,FCxr,4F,D,,32.00000000000001,96.5,301.56249999999994,,144.0,AM_20250227,65.49083333333333,1.415175933649289,
1577,35.0,19.0,3.0,1.0,1.5,DHxr,F,D,,17.4,47.5,272.98850574712645,,144.0,AM_20250227,,0.6878146961651916,
1578,19.0,0.0,4.0,1.0,2.0,DHxr,1F,D,Chains clumps,17.0,47.5,279.4117647058824,,144.0,AM_20250227,81.85436170212766,0.9877455912002225,
1583,59.0,58.5,1.0,0.3,0.5,FCsf,F,D,RR NSF,,,,20241211.0,59.0,AM_20241211,,0.0681697,
1584,58.5,52.0,1.5,0.5,1.0,DF,F,D,"DFbk arms, PPsd, some FCsf",6.200000000000003,6.5,104.8387096774193,,59.0,AM_20241211,0.981,0.09208925217391303,
1585,52.0,28.0,2.0,0.5,1.0,FC,4F,D,FCso Prisms,25.2,57.0,226.1904761904762,,59.0,AM_20241211,9.196875,0.24671750769230769,
1586,28.0,6.0,3.0,1.0,2.0,DHla,F,D,"Prisms, cups, some striations",24.0,57.5,239.58333333333331,,59.0,AM_20241211,10.573,0.40638437677419353,
1587,6.0,0.0,4.0,1.0,2.0,DHla,1F,D,Clear striations,5.8,8.0,137.93103448275863,,59.0,AM_20241211,36.297000000000004,0.7267835813953488,
1595,240.0,235.0,1.0,0.3,0.5,PPsd,F,D,"Some PPir, PPnd",5.0,13.2,263.4,20250219.0,240.0,BOG_20250219,,0.14854586666666666,
1596,235.0,231.0,2.0,0.5,1.0,DF,F,D,"needles, stellars",4.0,10.7,268.6,,240.0,BOG_20250219,,0.39374754022988506,
1597,231.0,226.0,2.0,1.0,1.5,DF,F,D,stellars,5.0,13.0,260.9,,240.0,BOG_20250219,,0.1896843238095238,
1598,226.0,216.0,1.0,0.3,0.5,DF,F,D,rounding,10.0,32.3,323.5,,240.0,BOG_20250219,,0.7622961971830985,
1599,216.0,209.0,0.3,0.1,0.2,RG,F,D,"prev. DF, small, poor bonds",,,324.8,,240.0,BOG_20250219,,0.6239509795918367,
1600,209.0,198.0,0.4,0.2,0.3,RG,F,D,"prev. DF, small, poor bonds",,,359.9,,240.0,BOG_20250219,,0.5204865974025974,
1601,198.0,167.0,0.8,0.3,0.5,RG,4F,D,,,,333.1,,240.0,BOG_20250219,,1.184211167434716,
1602,167.0,166.0,0.8,0.3,0.5,MFcr,4F,D,,,,0.0,,240.0,BOG_20250219,,1.9829242857142855,
1603,166.0,136.0,1.0,0.3,0.5,RGlr,4F,D,Evidence of faceting,,,346.8,,240.0,BOG_20250219,,1.7269063949447074,
1604,136.0,125.0,0.2,0.1,0.1,RGsr,1F,D,some faceted edges,,,421.1,,240.0,BOG_20250219,,3.480038536796536,
1605,125.0,107.0,1.0,0.3,0.7,RG,4F,D,"1F @ bottom, previous facets",,,305.3,,240.0,BOG_20250219,,2.4904888241469814,
1606,107.0,105.5,1.5,0.5,0.8,RGxf,1F,D,,,,297.6,,240.0,BOG_20250219,,4.4367459333333334,
1607,105.5,105.0,1.0,0.5,0.7,MFcr,P,,Some IF,,,0.0,,240.0,BOG_20250219,,4.701798,
1608,105.0,95.0,1.5,0.5,1.0,FCxr,1F,,,,,300.0,,240.0,BOG_20250219,,4.434702375586854,
1609,95.0,92.0,0.8,0.3,0.5,MFcr,1F,,,,,0.0,,240.0,BOG_20250219,,4.33035419047619,
1610,92.0,78.5,1.0,0.5,0.7,RGxf,1F,,,,,312.7,,240.0,BOG_20250219,,4.985917489361701,
1611,78.5,78.0,,,,IFil,I,,,,,0.0,,240.0,BOG_20250219,,6.332035333333333,
1612,78.0,64.0,0.7,0.3,0.5,RGxf,P,,,,,,,240.0,BOG_20250219,,11.59816907070707,
1613,64.0,63.5,,,,IFil,I,,MFcr top and bottom,,,0.0,,240.0,BOG_20250219,,14.984592000000001,
1614,63.5,54.0,0.8,0.4,0.6,RGxf,P,,,,,,,240.0,BOG_20250219,,15.463284373737372,
1615,54.0,44.0,0.5,0.2,0.3,RG,1F,,,,,,,240.0,BOG_20250219,,15.05805292018779,
1616,44.0,35.0,0.5,0.2,0.3,RGxf,P,,,,,,,240.0,BOG_20250219,,12.29374071957672,
1617,35.0,19.0,1.5,0.5,1.0,FCxr,P,,,,,,,240.0,BOG_20250219,,9.543153339233038,
1618,19.0,0.0,2.0,1.0,1.5,FCxr,P,,,,,,,240.0,BOG_20250219,,8.521934852130325,
1619,104.0,100.5,2.0,0.5,1.0,MFcr,K,D,,3.2,9.5,297.0,20250228.0,104.0,DHMet_CLPXDH_20250228,,,
1620,100.5,75.0,1.0,0.5,0.8,RG,1F,D,RGlr,26.4,59.5,225.0,,104.0,DHMet_CLPXDH_20250228,31.0854375,,
1621,75.0,70.0,0.8,0.1,0.5,MFcl,P,D,,6.4,19.5,305.0,,104.0,DHMet_CLPXDH_20250228,137.34,,
1622,70.0,58.0,0.8,0.3,0.5,RG,1F,D,"RGlr
Visible H2O Bonds",13.2,31.0,235.0,,104.0,DHMet_CLPXDH_20250228,192.52125,,
1623,58.0,30.0,2.0,0.5,1.0,FCxr,4F,M,,27.2,73.0,268.0,,104.0,DHMet_CLPXDH_20250228,48.96394736842105,,
1624,30.0,8.0,2.0,0.5,1.5,FCxr,4F,M,,20.4,59.0,296.0,,104.0,DHMet_CLPXDH_20250228,89.92500000000003,,
1625,8.0,0.0,3.0,1.0,1.5,DHxr,K,M,intermittent basal ice,5.0,13.5,270.0,,104.0,DHMet_CLPXDH_20250228,51.5025,,
1631,73.0,65.0,0.8,0.3,0.5,FCsf,F,M,,7.4,10.0,135.13513513513513,20250211.0,73.0,FEFHQ_20250211,,1.9863135438596489,
1632,65.0,63.0,0.8,0.1,0.3,MFcr,K,D,"Large Clumps
Crust",3.4,10.5,308.8235294117647,,73.0,FEFHQ_20250211,77.82600000000001,0.5329849333333333,
1633,63.0,38.0,1.0,0.3,0.5,RGxf,4F,D,,24.4,58.5,239.75409836065572,,73.0,FEFHQ_20250211,,0.3623444914285714,
1634,38.0,17.0,2.0,0.5,1.0,DHxr,F,D,,20.8,48.0,230.7692307692308,,73.0,FEFHQ_20250211,,0.4936045782312925,
1635,17.0,0.0,4.0,1.0,1.5,DHla,F,D,"Cups
Striations",15.4,36.0,233.76623376623377,,73.0,FEFHQ_20250211,,0.600547638655462,
1643,79.0,70.0,8.0,0.5,2.0,MFpc,4F,W,"MFpc, originally recorded as MFsl, changed for accuracy",8.8,33.5,380.6818181818181,20250415.0,79.0,DHMet_20250415,9.81,,
1644,70.0,60.0,4.0,1.0,2.0,MFpc,P,M,MFcl,10.4,43.5,418.2692307692308,,79.0,DHMet_20250415,,,
1645,60.0,57.0,2.0,0.5,1.0,MFpc,K,M,MFcl,3.6,14.5,402.77777777777777,,79.0,DHMet_20250415,,,
1646,57.0,30.0,2.0,0.5,1.0,MFcl,1F,M,,25.8,97.5,377.906976744186,,79.0,DHMet_20250415,,,
1647,30.0,0.0,4.0,1.0,2.0,MFcl,F,W,FCxr,29.0,93.5,322.41379310344826,,79.0,DHMet_20250415,,,
1655,91.0,90.0,16.0,2.0,6.0,PPgp,F,D,,,,,20250225.0,91.0,JPLMet_20250225,,1.8633130476190474,
1656,90.0,88.0,1.0,0.3,0.5,MFcr,K,M,,3.6,10.5,291.6666666666667,,91.0,JPLMet_20250225,34.33500000000001,8.26821608888889,
1657,88.0,67.0,0.8,0.1,0.3,RG,P,M,RGsr,17.8,35.5,199.438202247191,,91.0,JPLMet_20250225,23.824285714285715,0.7880530657596373,
1658,67.0,58.0,1.0,0.3,0.5,RG,1F,M,RGlr,8.8,23.0,261.3636363636363,,91.0,JPLMet_20250225,76.02749999999999,3.0738030476190477,
1659,58.0,55.0,1.0,0.3,0.5,MFcr,K,D,MFcr,3.0,10.0,333.3333333333333,,91.0,JPLMet_20250225,147.15,0.884157619047619,
1660,55.0,35.0,1.0,0.5,0.8,FCxr,4F,D,"Almost moist 
Very rounded",17.6,45.5,258.52272727272725,,91.0,JPLMet_20250225,,0.3543098486997636,
1661,35.0,12.0,3.0,1.0,1.5,DHxr,F,D,Very rounded,23.2,56.0,241.3793103448276,,91.0,JPLMet_20250225,,0.9280835370281894,
1662,12.0,0.0,6.0,1.0,2.0,DHxr,4F,D,Still cups/striated,14.0,34.0,242.8571428571429,,91.0,JPLMet_20250225,69.10136170212766,,
1667,93.0,92.5,0.5,0.1,0.3,FCsf,F,D,,,,,20250115.0,93.0,AM_20250115,,,
1668,92.5,82.0,1.5,0.3,0.8,DF,F,D,DFdc,10.0,10.5,105.0,,93.0,AM_20250115,4.1202,,
1669,82.0,73.0,1.5,0.5,1.0,RGxf,4F,D,,8.4,13.5,160.7142857,,93.0,AM_20250115,11.772,,
1670,73.0,48.0,0.8,0.3,0.5,RG,1F,D,RGlr,24.2,62.5,258.2644628,,93.0,AM_20250115,52.45464705882353,,
1671,48.0,45.0,2.0,0.5,1.0,MFcl,P,D,"Clumps, early faceting",4.4,13.5,306.8181818,,93.0,AM_20250115,39.24,,
1672,45.0,26.0,2.0,0.5,1.0,DHxr,4F,D,,18.6,45.5,244.6236559,,93.0,AM_20250115,,,
1673,26.0,0.0,4.0,1.0,2.0,DHla,F,D,DHch,25.8,61.5,238.372093,,93.0,AM_20250115,,,
1679,125.0,121.0,0.1,0.1,0.1,RGwp,F,D,secondary DF,4.0,7.7,193.3,20241217.0,125.0,BOG_20241217,2.943,0.3610360689655173,0.21762850556958377
1680,121.0,97.0,1.5,0.5,0.8,DF,F,D,,24.0,49.4,205.9,,125.0,BOG_20241217,10.990833333333335,0.21781542603550297,0.16382439881214708
1681,97.0,72.0,0.4,0.1,0.3,RG,F,D,"2.5mm needles, secondary DF",25.0,57.7,230.8,,125.0,BOG_20241217,28.735125000000004,0.5905212628571428,0.26236144199037437
1682,72.0,64.0,1.0,0.5,1.0,DF,4F,D,heavily rounded,8.0,20.1,251.7,,125.0,BOG_20241217,,0.5796686666666666,0.294993195219496
1683,64.0,54.0,1.5,0.5,1.0,DF,4F,D,,10.0,22.6,225.7,,125.0,BOG_20241217,48.816428571428574,1.175896211267606,0.371107353687376
1684,54.0,50.5,1.0,0.5,0.8,RG,4F,D,,3.5,9.6,273.8,,125.0,BOG_20241217,58.86,1.111497125,0.30948468614393587
1685,50.5,50.0,2.0,0.7,1.5,MFcr,4F,D,Faceted edges,0.5,1.5,294.12462636,,125.0,BOG_20241217,,1.058694,0.43584846785398296
1686,50.0,35.0,2.0,1.0,1.5,FCxr,F,D,,15.0,44.8,298.6,,125.0,BOG_20241217,,0.4732716476190476,0.3012796920179375
1687,35.0,26.0,2.0,1.0,1.5,MFcr,P,D,heavily faceted,,,313.9422613,,125.0,BOG_20241217,280.4575240384615,5.512906761904762,1.009854031472759
1688,26.0,14.0,2.0,0.5,1.5,MF,1F,D,heavily faceted,,,260.5,,125.0,BOG_20241217,339.8464285714286,1.5819176705882354,0.6873482921905036
1689,14.0,7.0,2.0,0.7,1.0,MF,P,D,,,,,,125.0,BOG_20241217,355.6125,1.7961584489795919,
1690,7.0,0.0,2.0,0.8,1.0,MFcr,1F,D,horizontally varies 1F to P,,,0.0,,125.0,BOG_20241217,523.2,2.751862257747543,
1691,48.0,47.5,2.0,0.5,1.0,DF,F,D,"DFdc
FCsf taking over",,,,20241205.0,48.0,LFMet_20241205,,0.03984183333333333,
1692,47.5,29.0,1.0,0.3,0.5,RGxf,F,D,DFbk starting to facet,19.0,27.5,144.73684210526315,,48.0,LFMet_20241205,5.885999999999999,0.14860694871794874,
1693,29.0,23.0,1.0,0.3,0.5,FCxr,1F,D,"Necking bonds
Old surface?",6.0,13.5,225.0,,48.0,LFMet_20241205,11.281500000000001,0.4103894573643411,
1694,23.0,0.0,3.0,1.0,2.0,DHpr,4F,D,"Starting to cup, some striations",23.0,41.5,180.43478260869568,,48.0,LFMet_20241205,19.707071005917157,0.382362082815735,
1703,100.0,99.0,1.0,0.3,0.5,MFcr,P,M,FCsf,,,,20250318.0,100.0,FEFHQ_20250318,,1.2041585714285712,
1704,99.0,94.0,0.8,0.1,0.3,FCsf,F,M,,5.2,11.0,211.53846153846152,,100.0,FEFHQ_20250318,3.924000000000001,0.2850567428571429,
1705,94.0,87.0,1.0,0.3,0.5,MFcr,K,D,"MFcr
MFpc",7.4,23.0,310.8108108108108,,100.0,FEFHQ_20250318,93.195,4.883408244897958,
1706,87.0,69.0,0.8,0.3,0.5,RG,4F,M,RGlr,18.0,51.0,283.3333333333333,,100.0,FEFHQ_20250318,41.12653846153846,0.29644670866141737,
1707,69.0,63.0,1.0,0.3,0.5,FCxr,1F,D,,6.0,19.0,316.6666666666667,,100.0,FEFHQ_20250318,142.245,4.497178744186046,
1708,63.0,60.0,1.5,0.5,1.0,MFcr,P,D,"MFcr
MFpc",,,,,100.0,FEFHQ_20250318,137.34,2.979042666666667,
1709,60.0,37.0,2.0,0.5,1.0,FCxr,4F,D,,26.4,77.0,291.6666666666667,,100.0,FEFHQ_20250318,,0.45704655900621116,
1710,37.0,18.0,4.0,1.0,2.0,DHxr,F,D,DHch,18.8,46.5,247.3404255319149,,100.0,FEFHQ_20250318,,0.4243764962406015,
1711,18.0,0.0,8.0,1.0,4.0,DHxr,P,D,DHch,15.4,35.5,230.5194805194805,,100.0,FEFHQ_20250318,61.742854122621566,0.5324376220472441,
1715,210.0,198.0,3.0,0.5,1.0,DF,F,D,"rounding, also clean needles",12.0,22.6,188.0,20250201.0,210.0,BDG_20250201,5.599875000000001,,0.16742015599502047
1716,198.0,188.0,1.5,0.5,1.0,DF,F,D,,10.0,19.8,198.2,,210.0,BDG_20250201,12.099000000000002,,0.2026482763333776
1717,188.0,187.0,2.0,1.0,1.5,SHxr,F,D,,1.0,1.9,190.8,,210.0,BDG_20250201,,,0.1560297464593693
1718,187.0,177.0,1.0,0.3,0.5,FCxr,F,D,,10.0,20.5,205.3,,210.0,BDG_20250201,8.9598,,0.16590834466850934
1719,177.0,176.0,3.0,1.0,2.0,SHxr,F,D,very late stages of rounding,1.0,2.2,220.2,,210.0,BDG_20250201,,,0.16405880990727773
1720,176.0,162.0,1.0,0.4,0.7,FCxr,F,D,,14.0,34.9,249.4,,210.0,BDG_20250201,23.762,,0.27624090444426347
1721,162.0,161.0,0.5,0.2,0.3,MFcr,4F,D,,1.0,2.4,286.4952845375,,210.0,BDG_20250201,51.012,,0.40973193651231377
1722,161.0,142.0,0.7,0.2,0.5,RGxf,4F,D,faceted on top and bottom,19.0,55.4,291.3,,210.0,BDG_20250201,64.11535714285716,,0.6165561216336451
1723,142.0,104.0,7.0,0.3,0.5,RGxf,1F,D,,38.0,127.8,336.4,,210.0,BDG_20250201,254.6966666666667,,1.6276241000760314
1724,104.0,79.0,0.7,0.2,0.4,RG,P,D,graupel layer at 129,25.0,92.1,368.4,,210.0,BDG_20250201,554.4693749999999,,3.2954091819242857
1725,79.0,78.0,3.0,1.5,2.0,SHxr,F,D,a few faceted edges,1.0,3.6,355.5,,210.0,BDG_20250201,,,1.4056430612392952
1726,78.0,60.0,0.8,0.5,0.6,RGlr,P,D,,18.0,65.1,361.5,,210.0,BDG_20250201,335.0492307692308,,2.578227890308223
1727,60.0,57.0,0.5,0.3,0.4,MFcr,1F,D,,3.0,10.8,325.126898,,210.0,BDG_20250201,519.9300000000001,,3.3852016208831657
1728,57.0,20.0,0.4,0.2,0.3,RG,K,D,,,,410.7,,210.0,BDG_20250201,735.7500000000001,,6.518043698565006
1729,20.0,0.0,1.0,0.5,0.7,RGlr,P,D,,,,,,210.0,BDG_20250201,624.57,,
1730,108.0,96.0,1.0,0.1,0.3,DF,4F,D,DFbk,11.199999999999989,14.0,125.0,20250214.0,108.0,DHMet_20250214,7.848000000000001,0.22408192,
1731,96.0,85.0,1.0,0.3,0.5,DF,4F,D,DFdc PPpl PPsd,10.0,18.0,175.0,,108.0,DHMet_20250214,8.747250000000001,0.31565049350649355,
1732,85.0,82.0,1.0,0.3,0.8,MFcr,K,D,Some faceting,3.200000000000003,10.0,297.0,,108.0,DHMet_20250214,82.404,3.0930558666666674,
1733,82.0,61.0,0.8,0.3,0.5,RG,1F,D,,18.800000000000004,48.0,256.0,,108.0,DHMet_20250214,35.56125,0.6377648,
1734,61.0,44.0,2.0,0.5,1.0,FCxr,1F,D,,11.4,34.0,299.0,,108.0,DHMet_20250214,44.9625,1.2179415327731093,
1735,44.0,21.0,2.5,0.5,1.0,FCxr,4F,D,,23.2,61.0,261.0,,108.0,DHMet_20250214,52.865,0.8622380298136644,
1736,21.0,0.0,3.0,1.0,2.0,DHxr,4F,D,DHch,19.8,51.0,258.0,,108.0,DHMet_20250214,40.14833333333333,1.2487998387113843,
1742,53.0,52.5,2.0,0.5,1.0,PP,F,D,"PPgp, Some clear PPsd",,,,20241226.0,53.0,JPLMet_20241226,,0.04792099999999999,
1743,52.5,40.0,1.0,0.3,0.5,DF,F,D,DFdc,13.0,21.5,165.3846153846154,,53.0,JPLMet_20241226,4.0221,0.1070479090909091,
1744,40.0,4.0,4.0,1.0,2.0,DHla,F,D,Visual evidence of old layer,34.4,60.0,174.4186046511628,,53.0,JPLMet_20241226,8.723892857142856,0.15153542292490116,
1745,4.0,0.0,2.0,0.5,1.0,IFbi,P,D,"Clamps, Intermittent",3.0,6.5,216.66666666666663,,53.0,JPLMet_20241226,53.4645,,
1754,97.0,96.5,2.0,0.5,1.0,DF,F,D,DHbk FCsf Needles,,,,20250108.0,97.0,FST_20250108,,0.018836,
1755,96.5,81.0,0.5,0.1,0.3,FC,F,D,FCso Some DF,15.8,16.0,101.26582278481013,,97.0,FST_20250108,2.4525,0.07363172962962963,
1756,81.0,50.0,0.5,0.1,0.3,RGxf,1F,D,,30.0,64.5,215.0,,97.0,FST_20250108,35.49585,0.7552526267281104,
1757,50.0,31.0,2.0,1.0,1.5,RGxf,1F,D,,19.8,50.0,252.5252525252525,,97.0,FST_20250108,51.5025,0.5386196270676693,
1758,31.0,0.0,4.0,1.0,2.0,DHcp,4F,D,,28.2,68.5,242.90780141843973,,97.0,FST_20250108,25.130911764705886,0.6290412147465437,
1766,77.0,68.0,,,<1,PP,F,D,rimed,,,,,77.0,JPLMet_20240117,,0.04222711111111111,
1767,68.0,45.0,,,<1,RG,F+,D,"DF, 1-2mm",,,,,77.0,JPLMet_20240117,,0.1488367453416149,
1768,45.0,39.0,,,<1,RG,F+,D,,,,,,77.0,JPLMet_20240117,,0.5193771472868217,
1769,39.0,32.0,,,<1,RG,1F,D,wind packed,,,,,77.0,JPLMet_20240117,,0.9179026258503401,
1770,32.0,28.0,,,1_2,RG,4F,D,,,,,,77.0,JPLMet_20240117,,0.37810181609195403,
1771,28.0,22.0,,,2_4,FC,F,D,,,,,,77.0,JPLMet_20240117,,0.1831463875968992,
1772,22.0,0.0,,,4_6,DH,F+,D,chains,,,,,77.0,JPLMet_20240117,,0.33802220645161285,
1773,32.0,25.0,,,<1,FC,F-,D,,,,,,32.0,JPLMet_20240103,,0.039639265306122454,
1774,25.0,16.5,,,2_4,FC,F,D,,,,,,32.0,JPLMet_20240103,,0.10810386666666666,
1775,16.5,9.5,,,4_6,FC,F,D,chains,,,,,32.0,JPLMet_20240103,,0.47991097959183665,
1776,9.5,0.0,,,2_4,DH,4F+,D,secondary size 4-6mm,,,,,32.0,JPLMet_20240103,,0.68342825,
1777,81.0,65.0,,,<1,DF,F,D,some rounds,,,,,81.0,JPLMet_20240228,,0.15050415044247786,
1778,65.0,64.0,,,<1,MFcr,1F+,D,some faceted edges,,,,,81.0,JPLMet_20240228,,2.6752264285714284,
1779,64.0,40.0,,,1_2,RG,F,D,showing FC,,,,,81.0,JPLMet_20240228,,0.4453684674556213,
1780,40.0,27.0,,,1_2,FC,4F+,D,,,,,,81.0,JPLMet_20240228,71.34545454545456,1.4664593076923076,
1781,27.0,24.5,,,1_2,RG,1F-,D,some facets,,,,,81.0,JPLMet_20240228,178.215,3.703459222222222,
1782,24.5,0.0,,,4_6,FC,F,D,,,,,,81.0,JPLMet_20240228,25.478749999999998,0.4753964186046511,
1783,158.0,153.0,,,1_2,PP,F-,D,"stelars, needles, some riming",,,,,158.0,FSTA_20240118,,0.08963719999999999,
1784,153.0,128.0,,,1_2,DF,F,D,,,,,,158.0,FSTA_20240118,,0.11359321523809524,
1785,128.0,86.5,,,<1,RG,F+,D,some DF 1-2mm,,,,,158.0,FSTA_20240118,,0.4215736229885057,
1786,86.5,68.0,,,1_2,RG,1F,D,,,,,,158.0,FSTA_20240118,85.224375,1.9450272358974356,
1787,68.0,44.0,,,2_4,FC,F,D,"some rounding, some 4-6mm",,,,,158.0,FSTA_20240118,,0.41836178698224846,
1788,44.0,23.0,,,2_4,FC,F,D,,,,,,158.0,FSTA_20240118,,0.9909200770975057,
1789,23.0,0.0,,,2_4,DH,F+,D,"some 4-6mm, some cups, some prisms",,,,,158.0,FSTA_20240118,,1.6379057766913778,
1790,145.0,130.0,,,1_2,MF,F+,M,1mm,,,,,145.0,DHNMet_20240514,14.149038461538463,1.6703727866666669,
1791,130.0,127.0,,,<1,MF,1F,M,0.5mm,,,,,145.0,DHNMet_20240514,43.3275,3.3709554571428577,
1792,127.0,126.5,,,<1,MF,P,M,"0.2mm, prev ice lens, still 0.5cm ice form in places",,,,,145.0,DHNMet_20240514,,2.8936943499999996,
1793,126.5,118.0,,,<1,MF,1F,M,0.5mm,,,,,145.0,DHNMet_20240514,96.465,4.228735553333333,
1794,118.0,115.0,,,<1,MF,1F,M,"0.2mm, well bonded",,,,,145.0,DHNMet_20240514,80.115,5.35074040952381,
1795,115.0,109.0,,,<1,MF,1F,M,0.1mm,,,,,145.0,DHNMet_20240514,129.165,5.8082931813953484,
1796,109.0,107.5,,,<1,MF,4F,VW,"0.2mm, dicontinuous layer",,,,,145.0,DHNMet_20240514,210.915,5.38168342,
1797,107.5,93.0,,,<1,MF,P,M,"0.5mm, faint dust layer @96cm.  ~0.5 cm thick",,,,,145.0,DHNMet_20240514,263.23499999999996,5.6727101568627445,
1798,93.0,64.0,,,<1,MF,1F,M,0.2-0.3mm,,,,,145.0,DHNMet_20240514,382.59,4.254867915270935,
1799,64.0,44.0,,,<1,RG,1F,M,0.3mm,,,,,145.0,DHNMet_20240514,448.5350000000001,5.905965839430239,
1800,44.0,0.0,,,2_4,FC,4F,M,"2mm, wet facets",,,,,145.0,DHNMet_20240514,93.0322077922078,1.1383872084223945,
1801,109.0,95.0,,,<1,RG,F,D,Some DF,,,,,109.0,AM_20240214,,0.11144241616161614,
1802,95.0,82.0,,,1_2,RG,F+,D,,,,,,109.0,AM_20240214,,0.2649252351648351,
1803,82.0,81.5,,,1_2,MFcr,F,D,"recrystalizing, MFcr -> FC",,,,,109.0,AM_20240214,,0.21791590000000002,
1804,81.5,75.0,,,1_2,RG,F+,D,Faceting,,,,,109.0,AM_20240214,,0.5378713739130434,
1805,75.0,59.0,,,<1,RG,4F+,D,,,,,,109.0,AM_20240214,67.16076923076925,2.4245795292035397,
1806,59.0,51.0,,,<1,RG,1F,D,,,,,,109.0,AM_20240214,203.90785714285715,4.946784575438596,
1807,51.0,41.0,,,2_4,FC,F,D,some rounded edges,,,,,109.0,AM_20240214,38.01375,0.6664026985915493,
1808,41.0,40.5,,,<1,MFcr,F+,D,faceting - recrystalizing.  MFcr --> FC,,,,,109.0,AM_20240214,,0.4277711,
1809,40.5,23.0,,,2_4,FC,F+,D,"Some to 6mm, some rounded edges",,,,,109.0,AM_20240214,,0.6202856459016394,
1810,23.0,0.0,,,4_6,FC,F,D,"DH, striations, cups",,,,,109.0,AM_20240214,,0.7247523738077714,
1811,147.0,132.0,,,1_2,DF,F,D,rounding,,,,,147.0,FSTA_20240221,,,
1812,132.0,102.0,,,1_2,RG,4F,D,DF secondary,,,,,147.0,FSTA_20240221,9.81,,
1813,102.0,101.5,,,4_6,SH,F,D,surface hoar,,,,,147.0,FSTA_20240221,,,
1814,101.5,87.0,,,<1,RG,1F,D,,,,,,147.0,FSTA_20240221,54.83089285714286,,
1815,87.0,68.0,,,<1,RG,1F+,D,,,,,,147.0,FSTA_20240221,213.55615384615385,,
1816,68.0,60.0,,,2_4,FC,4F,D,rounding,,,,,147.0,FSTA_20240221,351.52500000000003,,
1817,60.0,38.0,,,2_4,FC,4F,D,rounding,,,,,147.0,FSTA_20240221,,,
1818,38.0,8.0,,,4_6,FC,F,D,"squares, prisms",,,,,147.0,FSTA_20240221,,,
1819,8.0,0.0,,,4_6,DH,4F,D,well bonded,,,,,147.0,FSTA_20240221,25.119545454545456,,
1820,53.0,51.0,,,<1,MF,F,W,,,,,,53.0,JPLMet_20240417,,0.0378936,
1821,51.0,49.0,,,<1,MF,4F,VW,Dusty layer,,,,,53.0,JPLMet_20240417,,0.8527906666666667,
1822,49.0,44.0,,,1_2,MF,1F+,M,,,,,,53.0,JPLMet_20240417,56.4075,5.993963428571428,
1823,44.0,32.0,,,1_2,MF,1F,M,,,,,,53.0,JPLMet_20240417,141.88166666666666,3.78891354117647,
1824,32.0,23.0,,,1_2,MF,4F,M,,,,,,53.0,JPLMet_20240417,104.64,2.235557079365079,
1825,23.0,18.0,,,1_2,MF,4F+,W,,,,,,53.0,JPLMet_20240417,63.765,0.9964797999999999,
1826,18.0,0.0,,,2_4,MF,F,M,,,,,,53.0,JPLMet_20240417,,1.4618917876959308,
1827,75.0,67.0,,,<1,FC,F,D,,,,,,75.0,JPL1_20240213,,,
1828,67.0,65.5,,,<1,MFcr,4F,D,some facets,,,,,75.0,JPL1_20240213,,,
1829,65.5,60.5,,,1_2,FC,F,D,,,,,,75.0,JPL1_20240213,,,
1830,60.5,59.5,,,<1,FC,F,D,"was MFcr, but recrystalizing",,,,,75.0,JPL1_20240213,,,
1831,59.5,51.0,,,1_2,FC,4F,D,,,,,,75.0,JPL1_20240213,,,
1832,51.0,38.0,,,1_2,FC,1F-,D,some rounds,,,,,75.0,JPL1_20240213,54.7725,,
1833,38.0,28.0,,,1_2,RG,P,D,,,,,,75.0,JPL1_20240213,143.47125,,
1834,28.0,0.0,,,4_6,FC,F+,D,"Dh squares, striations",,,,,75.0,JPL1_20240213,,,
1835,75.0,67.0,,,<1,FC,F,D,,,,,,75.0,JPL1_20240207,,,
1836,67.0,65.5,,,<1,MFcr,4F,D,some facets,,,,,75.0,JPL1_20240207,,,
1837,65.5,60.5,,,1_2,FC,F,D,,,,,,75.0,JPL1_20240207,,,
1838,60.5,59.5,,,<1,FC,F,D,"was MFcr, but recrystalizing",,,,,75.0,JPL1_20240207,,,
1839,59.5,51.0,,,1_2,FC,4F,D,,,,,,75.0,JPL1_20240207,,,
1840,51.0,38.0,,,1_2,FC,1F-,D,some orunds,,,,,75.0,JPL1_20240207,85.34700000000001,,
1841,38.0,28.0,,,1_2,RG,P,D,,,,,,75.0,JPL1_20240207,170.04,,
1842,28.0,0.0,,,4_6,FC,F+,D,"DH, squares striations",,,,,75.0,JPL1_20240207,15.882857142857144,,
1843,61.0,59.0,,,1_2,PP,F-,D,"PPrm, FC 2mm, DF 1-2mm",,,,,61.0,JPLMet_20240123,,,
1844,59.0,48.0,,,1_2,DF,F,D,faceting,,,,,61.0,JPLMet_20240123,,,
1845,48.0,31.0,,,<1,RG,4F,D,secondary size: 1-2mm,,,,,61.0,JPLMet_20240123,54.7725,,
1846,31.0,19.0,,,<1,RG,1F+,D,,,,,,61.0,JPLMet_20240123,85.8375,,
1847,19.0,0.0,,,2_4,DH,F,D,"cups, secondary size 6mm",,,,,61.0,JPLMet_20240123,,,
1848,103.5,100.5,,,<1,DF,F,D,grapuel 2mm,,,,,103.5,AM_20240119,,,
1849,100.5,84.0,,,<1,RG,F,D,DF,,,,,103.5,AM_20240119,,,
1850,84.0,61.0,,,1_2,RG,4F,D,,,,,,103.5,AM_20240119,28.612500000000004,,
1851,61.0,53.0,,,<1,RG,1F,D,RGwp,,,,,103.5,AM_20240119,51.502500000000005,,
1852,53.0,35.0,,,2_4,FC,F,D,rounding,,,,,103.5,AM_20240119,,,
1853,35.0,34.3,,,<1,MFcr,K,D,rain crust from fall decomposing,,,,,103.5,AM_20240119,,,
1854,34.3,23.0,,,1_2,FC,4F,D,,,,,,103.5,AM_20240119,,,
1855,23.0,0.0,,,4_6,DH,F+,D,"cups, striations, large chains",,,,,103.5,AM_20240119,,,
1856,114.0,110.5,,,<1,PP,F,,"PPgr, 1mm, stellars",,,,,114.0,LFMet_20240119,,,
1857,110.5,93.0,,,<1,RG,F,,some DF,,,,,114.0,LFMet_20240119,,,
1858,93.0,63.0,,,<1,RG,F+,,some DF,,,,,114.0,LFMet_20240119,,,
1859,63.0,45.0,,,<1,RG,4F+,,,,,,,114.0,LFMet_20240119,83.25923076923075,,
1860,45.0,13.0,,,2_4,FC,F,,"Some rounding, 1-2mm top/2-4mm bottom, squares, prisms",,,,,114.0,LFMet_20240119,,,
1861,13.0,12.0,,,2_4,FC,F,,,,,,,114.0,LFMet_20240119,,,
1862,12.0,10.5,,,2_4,FC,1F,,"rounding, well bonded",,,,,114.0,LFMet_20240119,,,
1863,10.5,0.0,,,4_6,DH,F,,"closwer to 4mm, cups, squares",,,,,114.0,LFMet_20240119,,,
1864,35.0,30.5,,,1_2,DF,F,D,"Old stellars, no riming",,,,,35.0,JPL1_20231227,,,
1865,30.5,24.0,,,<1,FC,F,D,some DF,,,,,35.0,JPL1_20231227,,,
1866,24.0,13.5,,,2_4,FC,F-,D,,,,,,35.0,JPL1_20231227,,,
1867,13.5,5.5,,,2_4,FC,F+,D,Some chains,,,,,35.0,JPL1_20231227,,,
1868,5.5,0.0,,,4_6,DH,F,D,"pronounced striations, cups forming",,,,,35.0,JPL1_20231227,,,
1869,43.0,40.5,,,1_2,FC,F-,D,1mm,,,,,43.0,LFMet_20231220,,0.14774295138888888,
1870,40.5,35.0,,,1_2,FC,F,D,1mm rounding,,,,,43.0,LFMet_20231220,,0.15825538486842106,
1871,35.0,25.0,,,2_4,FC,F,D,rounding occuring,,,,,43.0,LFMet_20231220,,0.5557005264084507,
1872,25.0,13.5,,,1_2,FC,4F,D,2mm,,,,,43.0,LFMet_20231220,,0.5467780906249999,
1873,13.5,8.5,,,2_4,FC,P,D,"1mm, several 4mm",,,,,43.0,LFMet_20231220,,1.4462480697544642,
1874,8.5,0.0,,,4_6,FC,F+,D,,,,,,43.0,LFMet_20231220,39.24,0.8870605542450142,
1875,63.0,61.0,,,<1,FC,F,D,0.5mm,,,,,63.0,FSTA_20231220,,0.1993415111111111,
1876,61.0,49.0,,,<1,FC,F,D,"0.5mm, some rounding",,,,,63.0,FSTA_20231220,,0.23317316862745094,
1877,49.0,34.0,,,1_2,FC,1F-,D,,,,,,63.0,FSTA_20231220,45.54642857142857,1.2185150857142857,
1878,34.0,17.0,,,1_2,FC,4F,D,,,,,,63.0,FSTA_20231220,,0.38787448739495795,
1879,17.0,10.0,,,2_4,FC,4F,D,large chains,,,,,63.0,FSTA_20231220,,0.3648523401360544,
1880,10.0,0.0,,,2_4,FC,1F,D,,,,,,63.0,FSTA_20231220,,0.9115391620769392,
1881,31.5,27.5,,,1_2,DF,F,D,stellars,,,,,31.5,JPLMet_20231227,,0.04782548275862069,
1882,27.5,23.0,,,1_2,FC,F,D,evidence of rounding,,,,,31.5,JPLMet_20231227,,0.049756125000000005,
1883,23.0,10.0,,,2_4,FC,F,D,"striations, some chains",,,,,31.5,JPLMet_20231227,,0.1161878021978022,
1884,10.0,0.0,,,2_4,DH,F+,D,,,,,,31.5,JPLMet_20231227,,0.9549356720310767,
1885,72.0,69.0,,,1_2,DF,F-,D,Sh 2-4mm,,,,,72.0,FSTA_20231228,,0.039852825396825386,
1886,69.0,59.0,,,2_4,DF,F,D,,,,,,72.0,FSTA_20231228,,0.06657883568075117,
1887,59.0,43.0,,,1_2,FC,4F,D,rounding starting,,,,,72.0,FSTA_20231228,,0.2914775398230089,
1888,43.0,29.0,,,<1,FC,1F+,D,rounding,,,,,72.0,FSTA_20231228,53.955000000000005,1.3786840269360268,
1889,29.0,17.0,,,2_4,FC,F,D,,,,,,72.0,FSTA_20231228,,0.3931727137254902,
1890,17.0,0.0,,,4_6,FC,F+,D,,,,,,72.0,FSTA_20231228,,0.5437595350140056,
1891,168.0,148.0,,,1_2,DF,F,D,,,,,,168.0,FSTA_20240319,,0.30606077068557913,
1892,148.0,137.0,,,<1,RG,F+,D,DF 1mm,,,,,168.0,FSTA_20240319,,0.6318358008658007,
1893,137.0,128.0,,,1_2,RG,4F+,D,1mm,,,,,168.0,FSTA_20240319,49.400357142857146,2.1673388677248675,
1894,128.0,113.0,,,<1,RG,1F,D,,,,,,168.0,FSTA_20240319,123.71499999999999,3.568329828571428,
1895,113.0,87.5,,,1_2,RG,1F,D,,,,,,168.0,FSTA_20240319,122.36684210526317,3.7547619737827715,
1896,87.5,87.0,,,>6,SH,F,D,rounding,,,,,168.0,FSTA_20240319,,1.9889985,
1897,87.0,75.0,,,1_2,RG,1F-,D,,,,,,168.0,FSTA_20240319,134.8875,5.437985788235294,
1898,75.0,53.0,,,1_2,RG,1F+,D,,,,,,168.0,FSTA_20240319,441.45,11.486867131182793,
1899,53.0,33.0,,,1_2,FC,F+,D,,,,,,168.0,FSTA_20240319,61.221666666666664,1.5440530070921987,
1900,33.0,22.0,,,2_4,FC,F,D,rounding,,,,,168.0,FSTA_20240319,100.14375,1.5733120346320348,
1901,22.0,0.0,,,2_4,DH,F,D,striated,,,,,168.0,FSTA_20240319,62.879374999999996,2.4369814673783554,
1902,51.0,49.0,,,1_2,DF,F,D,2mm DR,,,,,51.0,LFMet_20231228,,0.041180666666666664,
1903,49.0,44.0,,,<1,FC,F,D,FC <1mm,,,,,51.0,LFMet_20231228,,0.04123342857142857,
1904,44.0,40.0,,,2_4,FC,F,D,FC 2-4mm,,,,,51.0,LFMet_20231228,,0.09740848275862067,
1905,40.0,31.5,,,2_4,FC,F+,D,"FC2-4mm, rounding",,,,,51.0,LFMet_20231228,,0.17826796666666667,
1906,31.5,26.0,,,1_2,FC,4F,D,"FC 1-2mm, rounding",,,,,51.0,LFMet_20231228,,0.6762444736842105,
1907,26.0,15.0,,,2_4,FC,4F,D,"FC 2-4mm, small chains",,,,,51.0,LFMet_20231228,,0.274784,
1908,15.0,0.0,,,4_6,FC,4F+,D,"FC 4-6mm, chains",,,,,51.0,LFMet_20231228,30.451875,,
1909,94.0,91.5,,,2_4,PP,F-,D,stellars,,,,,94.0,LFMet_20240124,,0.22603969444444444,
1910,91.5,76.0,,,1_2,RG,F+,D,DF secondary,,,,,94.0,LFMet_20240124,,0.23031703993919292,
1911,76.0,53.5,,,<1,RG,4F,D,,,,,,94.0,LFMet_20240124,46.188750000000006,1.2011397890295357,
1912,53.5,42.0,,,<1,RG,1F+,D,,,,,,94.0,LFMet_20240124,128.143125,2.870858008333333,
1913,42.0,37.0,,,2_4,FC,F+,D,rounding,,,,,94.0,LFMet_20240124,73.575,0.6799321142857142,
1914,37.0,11.0,,,2_4,FC,F,D,secondary FC 4-6,,,,,94.0,LFMet_20240124,,0.5926316612021857,
1915,11.0,0.0,,,4_6,DH,F+,D,striations,,,,,94.0,LFMet_20240124,,0.4497203596428805,
1916,69.0,65.0,,,2_4,DF,F,M,,,,,,69.0,JPL1_20240123,,,
1917,65.0,55.0,,,1_2,DF,F,M,RG 1-2mm secondary,,,,,69.0,JPL1_20240123,,,
1918,55.0,37.0,,,<1,RG,4F,D,,,,,,69.0,JPL1_20240123,55.589999999999996,,
1919,37.0,27.0,,,<1,RG,1F,D,,,,,,69.0,JPL1_20240123,145.51500000000001,,
1920,27.0,0.0,,,4_6,DH,F,D,striated,,,,,69.0,JPL1_20240123,,,
1921,133.0,130.0,,,1_2,DF,F,D,"stellar 2mm, up to 4mm",,,,,133.0,FSTA_20240124,,,
1922,130.0,110.0,,,<1,RG,4F,D,DF - 1mm,,,,,133.0,FSTA_20240124,,,
1923,110.0,84.5,,,<1,RG,P-,D,some faceted edges,,,,,133.0,FSTA_20240124,33.38125,,
1924,84.5,64.5,,,<1,RG,P+,D,0.1-0.3mm,,,,,133.0,FSTA_20240124,195.546,,
1925,64.5,42.0,,,1_2,FC,1F-,D,rounding,,,,,133.0,FSTA_20240124,,,
1926,42.0,29.0,,,2_4,FC,1F+,D,rounding,,,,,133.0,FSTA_20240124,,,
1927,29.0,0.0,,,4_6,DH,4F,D,necking,,,,,133.0,FSTA_20240124,,,
1928,99.0,93.0,,,1_2,MF,F+,W,,,,,,99.0,LFMet_20240417,,,
1929,93.0,87.0,,,<1,MF,F,M,,,,,,99.0,LFMet_20240417,,,
1930,87.0,85.0,,,<1,MF,F,M,very small faceted edges,,,,,99.0,LFMet_20240417,,,
1931,85.0,83.0,,,1_2,MFcr,1F,M,bottom oof layer poorly bonded,,,,,99.0,LFMet_20240417,9.81,,
1932,83.0,80.0,,,N/O,IF,K,,discontinuous,,,,,99.0,LFMet_20240417,112.815,,
1933,80.0,77.0,,,1_2,MFcr,1F,M,1mm,,,,,99.0,LFMet_20240417,227.26500000000001,,
1934,77.0,53.0,,,<1,MF,4F,M,,,,,,99.0,LFMet_20240417,98.64500000000002,,
1935,53.0,35.0,,,1_2,MF,1F+,M,evidence of previous rounds,,,,,99.0,LFMet_20240417,222.863076923077,,
1936,35.0,10.0,,,2_4,DH,4F,M,"heavily rounded, some evidence of melt",,,,,99.0,LFMet_20240417,38.4225,,
1937,10.0,0.0,,,2_4,DH,1F,D,less rounded than layer above,,,,,99.0,LFMet_20240417,80.115,,
1938,106.0,100.0,,,1_2,PPrm,F,D,some DF 105-93.5,,,,,106.0,LFMet_20240208,,0.03146204651162791,
1939,100.0,93.5,,,1_2,PP,F,D,"less rime than layer above, more stellars",,,,,106.0,LFMet_20240208,,0.0888688260869565,
1940,93.5,91.5,,,1_2,DF,F,D,,,,,,106.0,LFMet_20240208,,0.1744361333333333,
1941,91.5,84.0,,,1_2,RG,F,D,mostly ~1mm,,,,,106.0,LFMet_20240208,,0.19728792307692306,
1942,84.0,83.5,,,1_2,FC,F,D,rounding,,,,,106.0,LFMet_20240208,,0.25040799999999996,
1943,83.5,72.0,,,<1,RG,4F,D,,,,,,106.0,LFMet_20240208,,0.8476823249999998,
1944,72.0,53.0,,,<1,RG,1F,D,,,,,,106.0,LFMet_20240208,90.4155,4.688314556390978,
1945,53.0,46.0,,,<1,RG,P,D,,,,,,106.0,LFMet_20240208,217.04625,4.337107714285714,
1946,46.0,10.0,,,2_4,FC,F,D,,,,,,106.0,LFMet_20240208,31.065000000000005,0.9585207272727272,
1947,10.0,6.0,,,2_4,FC,P,D,"well bonded FC, some melt early season",,,,,106.0,LFMet_20240208,,,
1948,6.0,0.0,,,4_6,FC,F,D,"DH stirations, prisms",,,,,106.0,LFMet_20240208,15.092307692307694,,
1949,146.0,145.5,,,2_4,FC,F+,M,"striated, squares, NSF's",,,,,146.0,AM_20240404,,0.5222835,
1950,145.5,141.0,,,1_2,MFcr,1F,D,"close to M, some facets",,,,,146.0,AM_20240404,53.955000000000005,1.44185425,
1951,141.0,129.0,,,1_2,RG,F+,D,faceted,,,,,146.0,AM_20240404,20.165,1.256146117647059,
1952,129.0,128.5,,,1_2,FC,F,D,some rounded edges,,,,,146.0,AM_20240404,,6.701184,
1953,128.5,127.5,,,<1,MFcr,4F,D,,,,,,146.0,AM_20240404,63.765,2.669646857142857,
1954,127.5,126.5,,,1_2,MF,F,D,heavily faceted,,,,,146.0,AM_20240404,,2.686029428571428,
1955,126.5,113.0,,,<1,RG,4F+,D,,,,,,146.0,AM_20240404,75.65590909090908,3.33466155319149,
1956,113.0,96.0,,,<1,RG,1F+,D,,,,,,146.0,AM_20240404,237.29299999999998,7.130454857142857,
1957,96.0,85.0,,,<1,RG,1F,D,,,,,,146.0,AM_20240404,230.535,6.398498545454545,
1958,85.0,49.0,,,<1,RG,4F+,D,closer to 1f @49cm,,,,,146.0,AM_20240404,204.17830827067672,5.4420164505928845,
1959,49.0,14.0,,,2_4,FC,F,D,DH rounding,,,,,146.0,AM_20240404,,1.2909579346938775,
1960,14.0,0.0,,,4_6,FC,4F+,D,DH less rounded than layer above,,,,,146.0,AM_20240404,92.21400000000001,3.3723099191919186,
1961,166.0,165.0,,,<1,MFcr,P,D,,,,,,166.0,FSTA_20240404,,,
1962,165.0,164.0,,,<1,MF,F,VW,0.2-0.3mm,,,,,166.0,FSTA_20240404,,,
1963,164.0,149.0,,,<1,RG,F+,D,0.1-0.2mm,,,,,166.0,FSTA_20240404,,,
1964,149.0,147.0,,,<1,MFcr,F,D,0.2-0.4mm,,,,,166.0,FSTA_20240404,,,
1965,147.0,114.0,,,<1,RG,1F,D,1F+ @ bottom of layer.  0.2-0.4,,,,,166.0,FSTA_20240404,159.0460344827586,,
1966,114.0,79.5,,,<1,RG,P-,D,0.4-0.5mm.  old facets,,,,,166.0,FSTA_20240404,389.5602631578948,,
1967,79.5,52.5,,,<1,RG,P,D,"0.4-0.5mm.  old facets, well bonded",,,,,166.0,FSTA_20240404,502.9067647058823,,
1968,52.5,16.0,,,1_2,FC,4F+,D,rounding,,,,,166.0,FSTA_20240404,135.82611111111112,,
1969,16.0,0.0,,,2_4,FC,F,D,"DH, cups, striations, rounding, some >4mm",,,,,166.0,FSTA_20240404,237.41701530612244,,
1970,144.0,128.0,,,1_2,PP,F,D,"PPrm + PPgr (on top, 1 cm thick.  some rime + clean plates/stellars",,,,,144.0,FSTA_20240208,,0.06064910914454278,
1971,128.0,126.0,,,2_4,PP,F,D,stellars starting to decompose,,,,,144.0,FSTA_20240208,,0.11267128888888889,
1972,126.0,110.5,,,<1,RG,F,D,,,,,,144.0,FSTA_20240208,,0.25780321604938267,
1973,110.5,109.5,,,2_4,SH,F,D,up to 10mm,,,,,144.0,FSTA_20240208,,0.38326247619047615,
1974,109.5,99.0,,,1_2,RG,4F+,D,mostly 1mm,,,,,144.0,FSTA_20240208,,0.8225876846846846,
1975,99.0,94.0,,,<1,RG,4F,D,some faceting edges,,,,,144.0,FSTA_20240208,,1.573338895238095,
1976,94.0,76.0,,,<1,RG,1F,D,,,,,,144.0,FSTA_20240208,110.23342105263157,3.8122426719160107,
1977,76.0,64.0,,,<1,RG,P+,D,some faceted edges,,,,,144.0,FSTA_20240208,253.425,8.250900149019607,
1978,64.0,39.0,,,2_4,FC,F+,D,,,,,,144.0,FSTA_20240208,126.7125,1.3011655542857146,
1979,39.0,0.0,,,1_2,FC,F,D,DH some up to 6mm,,,,,144.0,FSTA_20240208,,0.9654292161172161,
1980,58.5,58.0,,,1_2,FC,F,D,,,,,,58.5,JPLMet_20240207,,,
1981,58.0,56.5,,,1_2,MFcr,1F+,D,,,,,,58.5,JPLMet_20240207,,,
1982,56.5,50.5,,,<1,RG,F,D,faceting,,,,,58.5,JPLMet_20240207,,,
1983,50.5,49.5,,,<1,MF,F,D,faceting,,,,,58.5,JPLMet_20240207,,,
1984,49.5,42.0,,,1_2,FC,F,D,,,,,,58.5,JPLMet_20240207,,,
1985,42.0,27.5,,,1_2,RG,1F,D,faceting,,,,,58.5,JPLMet_20240207,58.86,,
1986,27.5,24.0,,,<1,RG,P,D,starting to facet,,,,,58.5,JPLMet_20240207,137.34,,
1987,24.0,0.0,,,4_6,DH,F+,D,prisms,,,,,58.5,JPLMet_20240207,22.890000000000004,,
1988,151.0,148.0,,,1_2,MF,F,W,1mm,,,,,151.0,WSL_20240515,,,
1989,148.0,142.0,,,1_2,MF,4F,M,1mm,,,,,151.0,WSL_20240515,109.31142857142858,,
1990,142.0,140.0,,,<1,MFcr,1F,M,0.5mm,,,,,151.0,WSL_20240515,,,
1991,140.0,130.0,,,1_2,MF,F,M,1mm,,,,,151.0,WSL_20240515,,,
1992,130.0,116.0,,,<1,MF,4F,M,0.5mm,,,,,151.0,WSL_20240515,133.3475581395349,,
1993,116.0,113.0,,,N/O,IF,I,,discontinuous,,,,,151.0,WSL_20240515,269.77500000000003,,
1994,113.0,107.0,,,<1,MF,1F,M,0.2mm,,,,,151.0,WSL_20240515,407.115,,
1995,107.0,105.0,,,<1,MFcr,P,W,"0.4mm, some MFcr, some MF, discontinuous",,,,,151.0,WSL_20240515,309.01500000000004,,
1996,105.0,73.0,,,<1,MF,1F,M,0.5mm,,,,,151.0,WSL_20240515,284.7235714285715,,
1997,73.0,55.0,,,<1,MF,P,M,0.5mm,,,,,151.0,WSL_20240515,980.9999999999998,,
1998,55.0,39.0,,,<1,MF,1F,M,0.4mm,,,,,151.0,WSL_20240515,606.585,,
1999,39.0,0.0,,,1_2,MF,4F,M,2mm,,,,,151.0,WSL_20240515,78.47043859649122,,
2000,71.0,63.0,,,<1,FC,F,D,some 1-2mm stellars,,,,,71.0,JPLMet_20240213,,,
2001,63.0,62.0,,,<1,MFcr,4F,D,,,,,,71.0,JPLMet_20240213,,,
2002,62.0,49.0,,,1_2,FC,F,D,previously rounds,,,,,71.0,JPLMet_20240213,,,
2003,49.0,34.0,,,1_2,FC,1F-,D,,,,,,71.0,JPLMet_20240213,69.4875,,
2004,34.0,29.5,,,<1,RG,P-,D,faceting,,,,,71.0,JPLMet_20240213,129.165,,
2005,29.5,0.0,,,2_4,FC,F,D,DH,,,,,71.0,JPLMet_20240213,27.935142857142857,,
2006,119.0,109.0,,,<1,RG,F,D,,,,,,119.0,AM_20240229,,0.170288676056338,
2007,109.0,101.0,,,1_2,RG,F+,D,some facets / faceted edges,,,,,119.0,AM_20240229,,0.2782149122807018,
2008,101.0,90.0,,,1_2,RG,4F,D,,,,,,119.0,AM_20240229,,0.9098406753246754,
2009,90.0,79.0,,,1_2,RG,4F+,D,facets,,,,,119.0,AM_20240229,57.92571428571428,1.140275896103896,
2010,79.0,78.0,,,1_2,MF,F,D,heavily faced,,,,,119.0,AM_20240229,,1.15786,
2011,78.0,64.0,,,1_2,RG,1F,D,,,,,,119.0,AM_20240229,49.89085714285715,1.7037122828282831,
2012,64.0,50.0,,,<1,RG,P-,D,,,,,,119.0,AM_20240229,156.41500000000002,5.855315535353534,
2013,50.0,14.0,,,2_4,FC,F,D,rounding,,,,,119.0,AM_20240229,,0.6953948142292489,
2014,14.0,0.0,,,2_4,DH,1F,D,"well bonded, striations, some 6-8mm",,,,,119.0,AM_20240229,69.215,1.5618705217391307,
2015,32.5,26.5,,,2_4,FC,F-,D,,,,,,32.5,JPL1_20240103,,,
2016,26.5,16.0,,,4_6,FC,F,D,some small chains,,,,,32.5,JPL1_20240103,,,
2017,16.0,10.5,,,4_6,FC,F+,D,some chains up to 8mm,,,,,32.5,JPL1_20240103,,,
2018,10.5,0.0,,,4_6,DH,F,D,,,,,,32.5,JPL1_20240103,9.81,,
2026,81.0,73.0,,,1_2,PP,F,D,PPrm,,,,,81.0,JPL1_20240117,,0.03020757894736842,
2027,73.0,52.0,,,<1,DF,F,D,,,,,,81.0,JPL1_20240117,,0.1267416326530612,
2028,52.0,41.0,,,<1,RG,4F,D,DF,,,,,81.0,JPL1_20240117,,0.24819199999999994,
2029,41.0,28.0,,,1_2,RG,4F,D,,,,,,81.0,JPL1_20240117,9.81,1.0647453846153845,
2030,28.0,0.0,,,2_4,DH,F,D,,,,,,81.0,JPL1_20240117,,0.3116770253807107,
2031,107.0,92.0,,,1_2,PPrm,F,D,DF,,,,,107.0,JPLMet_20240305,,,
2032,92.0,82.0,,,<1,DF,F,D,,,,,,107.0,JPLMet_20240305,,,
2033,82.0,73.5,,,<1,RG,F+,D,DF,,,,,107.0,JPLMet_20240305,,,
2034,73.5,73.0,,,<1,MFcr,1F,D,,,,,,107.0,JPLMet_20240305,,,
2035,73.0,64.5,,,<1,RG,F,D,,,,,,107.0,JPLMet_20240305,,,
2036,64.5,63.5,,,1_2,MFcr,1F,D,some faceted edges,,,,,107.0,JPLMet_20240305,,,
2037,63.5,53.0,,,1_2,FC,F+,D,rounding,,,,,107.0,JPLMet_20240305,9.81,,
2038,53.0,52.5,,,<1,MFcr,F,D,faceting,,,,,107.0,JPLMet_20240305,,,
2039,52.5,41.0,,,1_2,FC,F,D,rounding,,,,,107.0,JPLMet_20240305,,,
2040,41.0,30.0,,,1_2,FC,4F+,D,rounding,,,,,107.0,JPLMet_20240305,63.85583333333334,,
2041,30.0,25.0,,,<1,RG,1F,D,faceted edges,,,,,107.0,JPLMet_20240305,125.0775,,
2042,25.0,0.0,,,2_4,DH,F,D,striations,,,,,107.0,JPLMet_20240305,,,
2043,51.5,45.0,,,1_2,FC,F-,D,,,,,,51.5,LFMet_20240104,,,
2044,45.0,33.0,,,2_4,FC,F,D,,,,,,51.5,LFMet_20240104,,,
2045,33.0,22.0,,,1_2,FC,F+,D,as large as 4mm,,,,,51.5,LFMet_20240104,,,
2046,22.0,12.0,,,4_6,FC,F+,D,8mm chains,,,,,51.5,LFMet_20240104,,,
2047,12.0,7.5,,,2_4,FC,1F,D,very cohesive,,,,,51.5,LFMet_20240104,,,
2048,7.5,0.0,,,4_6,DH,F,D,"striations, cups",,,,,51.5,LFMet_20240104,9.81,,
2049,173.0,156.0,,,1_2,DF,F,D,,,,,,173.0,FSTA_20240307,,0.15985150140056023,
2050,156.0,147.0,,,1_2,DF,F,D,,,,,,173.0,FSTA_20240307,,0.3295860317460317,
2051,147.0,137.0,,,<1,RG,F+,D,,,,,,173.0,FSTA_20240307,,0.7618566384976527,
2052,137.0,121.0,,,1_2,RG,4F,D,,,,,,173.0,FSTA_20240307,43.164,1.8428573038348082,
2053,121.0,84.0,,,<1,RG,4F+,D,FC towards bottom of layer,,,,,173.0,FSTA_20240307,71.93999999999998,2.0742815238095234,
2054,84.0,71.0,,,<1,RG,1F+,D,faceted rounds,,,,,173.0,FSTA_20240307,374.88214285714287,6.837043177884615,
2055,71.0,62.0,,,<1,RG,P,D,,,,,,173.0,FSTA_20240307,686.7,,
2056,62.0,42.0,,,2_4,FC,F+,D,,,,,,173.0,FSTA_20240307,73.575,,
2057,42.0,0.0,,,2_4,DH,F,D,some rounded edges,,,,,173.0,FSTA_20240307,81.96326086956522,,
2058,99.0,93.5,,,1_2,DF,F,D,,,,,,99.0,DHCLPX_20240215,,,
2059,93.5,92.0,,,<1,MFcr,P+,D,<1mm facets on top and bottom,,,,,99.0,DHCLPX_20240215,,,
2060,92.0,85.0,,,1_2,RG,F,D,,,,,,99.0,DHCLPX_20240215,,,
2061,85.0,83.5,,,1_2,MFcr,P,D,,,,,,99.0,DHCLPX_20240215,,,
2062,83.5,75.5,,,1_2,RG,F,D,faceting,,,,,99.0,DHCLPX_20240215,,,
2063,75.5,71.0,,,<1,MFcr,1F,D,facets top an dbottom.  thickness varies ,,,,,99.0,DHCLPX_20240215,80.115,,
2064,71.0,54.0,,,<1,RG,4F,D,faceted edges,,,,,99.0,DHCLPX_20240215,59.01328125,,
2065,54.0,44.0,,,<1,RG,P,D,,,,,,99.0,DHCLPX_20240215,119.82214285714288,,
2066,44.0,32.0,,,<1,RG,1F,D,,,,,,99.0,DHCLPX_20240215,358.065,,
2067,32.0,0.0,,,2_4,DH,F,D,,,,,,99.0,DHCLPX_20240215,41.056666666666665,,
2068,73.0,72.5,,,>6,SH,F-,D,8-12mm,,,,,73.0,FSTA_20240104,,,
2069,72.5,63.0,,,1_2,FC,F,D,,,,,,73.0,FSTA_20240104,,,
2070,63.0,54.0,,,1_2,FC,4F,D,some <1mm,,,,,73.0,FSTA_20240104,,,
2071,54.0,47.0,,,<1,FC,4F,D,some rounding,,,,,73.0,FSTA_20240104,,,
2072,47.0,37.0,,,<1,FC,1F,D,"2nd size, 1-2mm",,,,,73.0,FSTA_20240104,,,
2073,37.0,22.0,,,2_4,FC,4F,D,chains,,,,,73.0,FSTA_20240104,34.335,,
2074,22.0,0.0,,,4_6,DH,4F+,D,"chains, cmall cups",,,,,73.0,FSTA_20240104,,,
2075,77.0,72.0,,,<1,MF,F,M,,,,,,77.0,JPLMet_20240220,,,
2076,72.0,58.0,,,1_2,MF,F,M-,rounded grains secondary,,,,,77.0,JPLMet_20240220,,,
2077,58.0,57.0,,,<1,MFcr,F,D,faceting,,,,,77.0,JPLMet_20240220,,,
2078,57.0,44.0,,,1_2,FC,F+,D,rounding,,,,,77.0,JPLMet_20240220,,,
2079,44.0,31.0,,,1_2,FC,4F+,D,less round that layer above,,,,,77.0,JPLMet_20240220,62.53875000000001,,
2080,31.0,27.0,,,<1,RG,1F,D,faceting,,,,,77.0,JPLMet_20240220,104.64,,
2081,27.0,0.0,,,2_4,FC,F,D,striated,,,,,77.0,JPLMet_20240220,14.954268292682928,,
2082,36.5,26.0,0.5,0.1,0.3,FCsf,F,D,,10.5,16.0,152.38095238095238,20241121.0,36.5,DHMet_20241121,0.981,,
2083,26.0,25.0,1.5,0.5,1.0,MFcr,1F,D,"MFcr, Faceting",1.0,4.0,400.0,,36.5,DHMet_20241121,,,
2084,25.0,10.0,1.5,0.5,1.0,FC,4F,D,FCso,15.0,35.0,233.33333333333331,,36.5,DHMet_20241121,12.706285714285714,,
2085,10.0,0.0,2.0,0.5,1.0,FC,1F,D,"FCso, Crust like @ ground",10.0,16.0,160.0,,36.5,DHMet_20241121,32.373000000000005,,
2094,40.0,39.0,0.5,0.3,0.5,DF,F,N/O,Fallen in last 12 hours,,,,20250210.0,40.0,CCO_20250210,,,
2095,39.0,36.0,1.0,0.3,0.5,RG,F,N/O,,,,,,40.0,CCO_20250210,0.981,,
2096,36.0,30.0,1.0,0.3,1.0,RG,F,N/O,,,,,,40.0,CCO_20250210,,,
2097,30.0,23.0,2.0,0.3,1.0,MFcr,1F,N/O,"This layer was the surface during rain event early February
smooth surface on top",,,,,40.0,CCO_20250210,57.02257142857143,,
2098,23.0,14.0,6.0,0.5,2.0,DHxr,1F,N/O,Loos like DH that got wet and stuck together.  Some poly crystals made up of striated facets,,,,,40.0,CCO_20250210,79.53107142857144,,
2099,14.0,10.0,3.0,2.0,2.0,MFcl,4F,N/O,,,,,,40.0,CCO_20250210,112.815,,
2100,10.0,0.0,3.0,1.0,2.0,DH,F,N/O,,,,,,40.0,CCO_20250210,161.865,,
2106,66.0,58.0,,,,,K,D,none,,,,20250408.0,66.0,JPLMet_20250408_TS_0725,486.82125,,
2107,58.0,37.0,,,,,P,D,,,,,,66.0,JPLMet_20250408_TS_0725,645.3578571428571,,
2108,37.0,21.0,,,,,4F,M,,,,,,66.0,JPLMet_20250408_TS_0725,61.04,,
2109,21.0,0.0,,,,,F,W,,,,,,66.0,JPLMet_20250408_TS_0725,26.977500000000003,,
2118,97.0,96.0,1.0,1.0,1.0,MFcr,1F,D,surface = facets,1.0,3.0,300.0,20240311.0,97.0,TPO_20240311,,,
2119,96.0,61.0,1.0,0.3,0.5,RG,F,D,"most recent storm, settling",25.0,45.0,180.0,,97.0,TPO_20240311,,,
2120,61.0,59.0,2.0,1.0,2.0,RG,4F,D,,11.4,27.0,236.8421052631579,,97.0,TPO_20240311,118.701,,
2121,59.0,36.0,0.5,0.5,0.5,RG,4F,D,,21.0,59.0,280.95238095238096,,97.0,TPO_20240311,87.636,,
2122,36.0,33.0,2.0,1.0,2.0,MFcr,1F,D,rounding,4.0,12.0,300.0,,97.0,TPO_20240311,69.651,,
2123,33.0,23.0,0.5,0.5,0.5,RG,4F,D,,11.0,37.0,336.3636363636364,,97.0,TPO_20240311,109.50412499999999,,
2124,23.0,6.0,6.0,2.0,4.0,FC,F,D,,19.5,54.0,276.9230769230769,,97.0,TPO_20240311,130.9635,,
2125,6.0,0.0,6.0,1.0,3.0,FC,1F,D,,,,,,97.0,TPO_20240311,,,
2130,66.0,59.0,,,,,K,D,,,,,20250408.0,66.0,JPLMet_20250408_TS_0528,358.06500000000005,,2.7682310260775487
2131,59.0,50.0,,,,,P,D,,,,,,66.0,JPLMet_20250408_TS_0528,725.9399999999999,,2.4744796420613806
2132,50.0,36.5,,,,,1F,D,,,,,,66.0,JPLMet_20250408_TS_0528,569.5931250000001,,3.182552367595577
2133,36.5,15.0,,,,,4F,M,,,,,,66.0,JPLMet_20250408_TS_0528,58.86,,-0.025295693882789128
2134,15.0,0.0,,,,,F,M,,,,,,66.0,JPLMet_20250408_TS_0528,,,-0.14912391765559313
2142,142.0,135.0,2.0,1.0,1.0,MFcl,F,N/O,Liquid H20 present,27.8,42.5,152.87769784172662,,142.0,FCO_20250224,0.981,,
2143,135.0,99.0,0.5,0.5,0.5,RG,4F,N/O,,21.6,47.0,217.59259259259255,,142.0,FCO_20250224,40.90225,,
2144,99.0,98.0,1.0,1.0,1.0,MFcl,4F,N/O,,,,,,142.0,FCO_20250224,,,
2145,98.0,89.0,0.5,0.3,0.3,RG,4F,N/O,,,,,,142.0,FCO_20250224,218.33381250000002,,
2146,89.0,77.0,4.0,1.0,2.0,MFcr,1F,N/O,surface during early feb rain most likely,,,,,142.0,FCO_20250224,242.7858214285714,,
2147,77.0,34.0,2.0,1.0,1.0,FCxr,4F,N/O,,,,,,142.0,FCO_20250224,,,
2148,34.0,17.0,3.0,1.0,2.0,FCxr,4F,N/O,,,,,,142.0,FCO_20250224,95.811,,
2149,17.0,0.0,5.0,1.0,3.0,FCxr,1F,N/O,,,,,,142.0,FCO_20250224,358.2285,,
2154,63.0,57.0,,,,,K,,,,,,20250408.0,63.0,JPLMet_20250408_TS_0334,234.459,,2.205950482884278
2155,57.0,53.0,,,,,1F,,Some IF,,,,,63.0,JPLMet_20250408_TS_0334,595.14,,2.5261854019265386
2156,53.0,44.0,,,,,P,,,,,,,63.0,JPLMet_20250408_TS_0334,720.1007142857143,,2.7901067486661404
2157,44.0,41.0,,,,IFil,I,,,,,340.64898375,,63.0,JPLMet_20250408_TS_0334,174.1275,,2.852750993049539
2158,41.0,29.0,,,,,4F,,,,,,,63.0,JPLMet_20250408_TS_0334,110.94642857142858,,0.40572459253689996
2159,29.0,0.0,,,,,F,,,,,,,63.0,JPLMet_20250408_TS_0334,49.45875000000001,,0.11132019194984147
2166,47.0,45.0,0.5,0.3,0.3,MFpc,F,M,none,3.5,15.0,428.57142857142856,20250506.0,47.0,TPO_20250506,0.981,,
2167,45.0,39.5,1.0,0.2,0.3,MFpc,1F,M,,5.0,18.0,360.0,,47.0,TPO_20250506,9.046999999999999,,
2168,39.5,33.0,1.0,0.2,0.3,MFpc,F,M,,8.0,39.0,487.5,,47.0,TPO_20250506,65.5635,,
2169,33.0,29.0,0.5,0.2,0.3,MFpc,4F,M,,5.0,29.0,580.0,,47.0,TPO_20250506,,,
2170,29.0,0.0,1.0,0.3,0.5,MFpc,F,M,,26.0,87.0,334.61538461538464,,47.0,TPO_20250506,30.138500000000004,,
2178,68.0,66.0,0.4,0.1,0.5,FCsf,F,D,Some DFdc,0.7999999999999972,1.0,83.0,20250123.0,68.0,CLPX_FFSP04_20250123,,,
2179,66.0,62.0,1.0,0.2,0.5,FCsf,F,D,,4.0,5.0,125.0,,68.0,CLPX_FFSP04_20250123,,,
2180,62.0,51.0,1.5,0.5,1.0,FCsf,F,D,"Some cups, prisms",10.4,18.0,173.0,,68.0,CLPX_FFSP04_20250123,2.802857142857144,,
2181,51.0,35.0,2.0,0.5,1.0,FC,F,D,FCso,17.6,38.0,218.0,,68.0,CLPX_FFSP04_20250123,16.472625,,
2182,35.0,21.0,3.0,2.0,2.5,DHcp,F,D,,9.0,24.0,264.0,,68.0,CLPX_FFSP04_20250123,16.677,,
2183,21.0,12.0,4.0,2.0,3.0,DHla,F,D,,7.0,14.0,200.0,,68.0,CLPX_FFSP04_20250123,21.582000000000004,,
2184,12.0,0.0,5.0,2.0,3.0,DHxr,F,D,DHpr DHla,,,,,68.0,CLPX_FFSP04_20250123,25.973142857142857,,
2190,92.0,81.0,0.5,0.2,0.3,FCsf,F,D,,11.0,13.5,122.72727272727272,20250123.0,92.0,CLPX_FFSP01_20250123,3.815,,
2191,81.0,64.5,1.0,0.2,0.7,FC,F,D,FCso,15.6,29.0,185.8974358974359,,92.0,CLPX_FFSP01_20250123,7.957000000000002,,
2192,64.5,52.0,1.0,0.5,0.7,FC,4F,D,FCso Some cups,12.4,31.0,250.0,,92.0,CLPX_FFSP01_20250123,31.124454545454547,,
2193,52.0,41.0,1.0,0.5,0.7,FC,1F,D,"FCso Some cups, some DHpr",11.0,31.5,286.3636363636364,,92.0,CLPX_FFSP01_20250123,37.35346153846153,,
2194,41.0,21.0,2.0,0.7,1.0,DHcp,4F,D,,19.8,51.0,257.5757575757576,,92.0,CLPX_FFSP01_20250123,,,
2195,21.0,0.0,3.0,1.0,2.0,DHcp,4F,D,"Few striations, some DHpr",19.0,46.0,242.10526315789477,,92.0,CLPX_FFSP01_20250123,16.35,,
2202,64.0,55.0,,,,,P,,,,,,20250408.0,64.0,JPLMet_20250408_TS_0134,351.05785714285713,,2.574058417377462
2203,55.0,49.0,,,,,1F,,,,,,,64.0,JPLMet_20250408_TS_0134,318.82500000000005,,2.7013711435208876
2204,49.0,47.0,,,,,I,,,,,,,64.0,JPLMet_20250408_TS_0134,309.01500000000004,,2.131011975733535
2205,47.0,41.0,,,,,1F,,,,,,,64.0,JPLMet_20250408_TS_0134,149.6025,,1.3014679552932347
2206,41.0,15.0,,,,,4F,,,,,,,64.0,JPLMet_20250408_TS_0134,37.605000000000004,,0.3094443490685487
2207,15.0,0.0,,,,,F,,,,,,,64.0,JPLMet_20250408_TS_0134,,,2.1431179287047564
2214,67.0,60.0,1.0,0.3,0.5,DF,4F,M,DFdc,7.0,14.5,207.14285714285717,20250404.0,67.0,JPLMet_20250404,0.981,,
2215,60.0,54.0,2.0,0.5,1.0,MFpc,P,D,,4.2,14.5,345.23809523809524,,67.0,JPLMet_20250404,171.675,,
2216,54.0,32.0,2.0,0.5,1.0,MFpc,K,D,,21.6,84.5,391.2037037037037,,67.0,JPLMet_20250404,560.8050000000001,,
2217,32.0,17.0,1.0,0.5,0.8,MFcl,4F,M,,15.2,54.5,358.5526315789474,,67.0,JPLMet_20250404,,,
2218,17.0,0.0,3.0,1.0,2.0,RG,F,M,RGlr Very moist,16.0,49.5,309.375,,67.0,JPLMet_20250404,,,
2226,175.0,174.0,,,<1,FC,4F,M,,,,,,175.0,JWST_20240503,,,
2227,174.0,170.0,,,<1,MF,4F+,M,,,,,,175.0,JWST_20240503,,,
2228,170.0,162.0,,,1_2,MF,P,M,,,,,,175.0,JWST_20240503,90.33375,,
2229,162.0,149.0,,,1_2,MF,1F,M,,,,,,175.0,JWST_20240503,23.82428571428572,,
2230,149.0,146.0,,,<1,MF,1F-,M,,,,,,175.0,JWST_20240503,28.20375,,
2231,146.0,131.0,,,1_2,MF,4F,M,,,,,,175.0,JWST_20240503,80.71561224489797,,
2232,131.0,123.0,,,1_2,MF,F,M,,,,,,175.0,JWST_20240503,,,
2233,123.0,111.0,,,<1,MF,1F,M,,,,,,175.0,JWST_20240503,,,
2234,111.0,110.0,,,N/O,IF,I,M,,,,,,175.0,JWST_20240503,,,
2235,110.0,102.0,,,<1,MF,P+,M,,,,,,175.0,JWST_20240503,49.4791875,,
2236,102.0,98.0,,,<1,MF,P,M,,,,,,175.0,JWST_20240503,110.60775,,
2237,98.0,96.0,,,N/O,MF,I,M,,,,,,175.0,JWST_20240503,135.13275,,
2238,96.0,88.0,,,<1,IF,P+,M,,,,,,175.0,JWST_20240503,290.45775000000003,,
2239,88.0,60.0,,,<1,MF,P+,M,,,,,,175.0,JWST_20240503,267.29525000000007,,
2240,60.0,59.0,,,1_2,MFcr,P+,M,,,,,,175.0,JWST_20240503,,,
2241,59.0,38.0,,,<1,MF,P+,M,,,,,,175.0,JWST_20240503,219.60775,,
2242,38.0,0.0,,,1_2,MF,4F,M,,,,,,175.0,JWST_20240503,59.637523351648355,,
2243,103.0,74.5,,,<1,RG,F+,M,,,,,,103.0,CLPXSL_20240305,,,
2244,74.5,73.5,,,<1,MFcr,P+,D,,,,,,103.0,CLPXSL_20240305,,,
2245,73.5,68.0,,,<1,RG,F+,D,,,,,,103.0,CLPXSL_20240305,,,
2246,68.0,66.0,,,<1,MFcr,4F,D,facets on top,,,,,103.0,CLPXSL_20240305,,,
2247,66.0,47.0,,,1_2,FC,4F-,D,rounding,,,,,103.0,CLPXSL_20240305,,,
2248,47.0,33.0,,,1_2,RG,1F+,D,some faceted edges,,,,,103.0,CLPXSL_20240305,66.054,,
2249,33.0,12.0,,,2_4,FC,F,D,,,,,,103.0,CLPXSL_20240305,66.78975,,
2250,12.0,0.0,,,2_4,DH,F+,D,,,,,,103.0,CLPXSL_20240305,23.04328125,,
2251,83.0,75.0,,,<1,PP,F,D,"stellars, columns",,,,,83.0,JPL2_20240117,,,
2252,75.0,57.0,,,<1,DF,F,D,,,,,,83.0,JPL2_20240117,,,
2253,57.0,48.0,,,<1,DF,4F,D,rounding,,,,,83.0,JPL2_20240117,,,
2254,48.0,37.5,,,<1,RG,1F,D,,,,,,83.0,JPL2_20240117,,,
2255,37.5,30.0,,,2_4,FC,F,D,,,,,,83.0,JPL2_20240117,56.75785714285715,,
2256,30.0,0.0,,,2_4,FC,F,D,DH,,,,,83.0,JPL2_20240117,,,
2257,74.0,71.5,,,1_2,DF,F-,D,0.5mm FC,,,,,74.0,JPL2_20240123,,,
2258,71.5,63.0,,,<1,FC,F,D,"some DF, 2mm rounding on FC",,,,,74.0,JPL2_20240123,,,
2259,63.0,41.0,,,<1,RG,1F-,D,0.5-1mm,,,,,74.0,JPL2_20240123,42.63576923076923,,
2260,41.0,29.0,,,<1,RG,P,D,0.3-0.5mm faceting,,,,,74.0,JPL2_20240123,153.69,,
2261,29.0,0.0,,,2_4,DH,F,D,,,,,,74.0,JPL2_20240123,39.24,,
2262,58.0,52.5,,,1_2,FC,F-,D,,,,,,58.0,AM_20240104,,,
2263,52.5,45.5,,,<1,FC,F,D,,,,,,58.0,AM_20240104,,,
2264,45.5,45.0,,,N/O,IF,,D,Ice lens,,,,,58.0,AM_20240104,,,
2265,45.0,31.5,,,2_4,FC,F+,D,,,,,,58.0,AM_20240104,,,
2266,31.5,26.0,,,1_2,FC,1F,D,,,,,,58.0,AM_20240104,,,
2267,26.0,0.0,,,4_6,DH,F,D,small chains,,,,,58.0,AM_20240104,33.354,,
2268,47.0,46.0,,,N/O,IF,P/K,D,"Ice lens, 2mm",,,,,47.0,AM_20231220,,,
2269,46.0,32.0,,,1_2,FC,F,D,1-2mm,,,,,47.0,AM_20231220,,,
2270,32.0,27.0,,,2_4,FC,4F,D,3mm,,,,,47.0,AM_20231220,19.62,,
2271,27.0,18.0,,,2_4,FC,F-,D,"2-4mm, some rounding",,,,,47.0,AM_20231220,34.335,,
2272,18.0,12.0,,,4_6,FC,F,D,"chains, striations, mature facets, no cups",,,,,47.0,AM_20231220,,,
2273,12.0,0.0,,,2_4,FC,F,D,,,,,,47.0,AM_20231220,,,
2279,71.0,63.0,,,<1,FC,F,D,some stellars and DF,,,,,71.0,JPL2_20240213,,,
2280,63.0,62.0,,,<1,MFcr,1F,D,up to 2cm thick in some places,,,,,71.0,JPL2_20240213,,,
2281,62.0,58.0,,,1_2,FC,F+,D,,,,,,71.0,JPL2_20240213,,,
2282,58.0,57.0,,,<1,MFcr,4F,D,faceting,,,,,71.0,JPL2_20240213,,,
2283,57.0,49.0,,,1_2,FC,F,D,,,,,,71.0,JPL2_20240213,,,
2284,49.0,35.0,,,1_2,RG,1F,D,faceting,,,,,71.0,JPL2_20240213,71.326875,,
2285,35.0,27.0,,,<1,RG,1F+,D,,,,,,71.0,JPL2_20240213,176.57999999999998,,
2286,27.0,0.0,,,4_6,DH,F,D,"some square edges, few striations",,,,,71.0,JPL2_20240213,,,
2287,130.0,115.0,,,<1,RG,F,D,some DF,,,,,130.0,FSTA_20240214,,,
2288,115.0,102.5,,,<1,RG,F+,D,some faceted edges,,,,,130.0,FSTA_20240214,,,
2289,102.5,101.5,,,4_6,SH,F,D,,,,,,130.0,FSTA_20240214,,,
2290,101.5,88.0,,,1_2,RG,1F-,D,"faceting, 1mm average",,,,,130.0,FSTA_20240214,12.2625,,
2291,88.0,74.0,,,<1,RG,1F+,D,,,,,,130.0,FSTA_20240214,133.25250000000003,,
2292,74.0,63.0,,,<1,RG,P,D,pine needles @ 63cm,,,,,130.0,FSTA_20240214,259.965,,
2293,63.0,35.0,,,2_4,FC,F,D,"some rounded edges, pine needles @ 35cm",,,,,130.0,FSTA_20240214,142.89899999999997,,
2294,35.0,15.0,,,2_4,FC,F,D,pine needle @ 16cm,,,,,130.0,FSTA_20240214,,,
2295,15.0,8.0,,,2_4,FC,F,D,,,,,,130.0,FSTA_20240214,,,
2296,8.0,0.0,,,2_4,FC,4F,D,"some 6mm, squares, DH",,,,,130.0,FSTA_20240214,,,
2297,155.0,139.0,,,1_2,PP,F,D,rimed,,,,,155.0,AM_20240306,,,
2298,139.0,128.0,,,1_2,DF,F,D,"RG, <1mm",,,,,155.0,AM_20240306,,,
2299,128.0,118.0,,,<1,RG,F,D,"DF, 1-2mm",,,,,155.0,AM_20240306,,,
2300,118.0,108.0,,,<1,RG,4F-,D,,,,,,155.0,AM_20240306,25.75125,,
2301,108.0,107.0,,,1_2,FC,F,D,rounded,,,,,155.0,AM_20240306,,,
2302,107.0,83.0,,,1_2,FC,4F,D,"rounded, closer to 2 mm",,,,,155.0,AM_20240306,56.13499999999999,,
2303,83.0,70.0,,,1_2,FC,1F-,D,rounded,,,,,155.0,AM_20240306,59.473124999999996,,
2304,70.0,55.0,,,1_2,RG,P-,D,faceted,,,,,155.0,AM_20240306,227.08333333333337,,
2305,55.0,0.0,,,1_2,DH,F,D,"rounded, 2-4mm towards bottom",,,,,155.0,AM_20240306,,,
2306,60.0,55.0,,,1_2,DF,F-,D,"DF 2mm, 2-4mm SH",,,,,60.0,AM_20231228,,,
2307,55.0,47.0,,,1_2,DF,F,D,"DF1-2mm, secondary 0.5mm FC",,,,,60.0,AM_20231228,,,
2308,47.0,46.5,,,N/O,IF,,D,Ice lens,,,,,60.0,AM_20231228,,,
2309,46.5,33.0,,,1_2,FC,F,D,"FC1-2mm, rounding occurring",,,,,60.0,AM_20231228,,,
2310,33.0,28.0,,,2_4,FC,4F,D,FC2-4mm,,,,,60.0,AM_20231228,,,
2311,28.0,13.0,,,4_6,FC,F,D,"FC 4-6mm, chains",,,,,60.0,AM_20231228,,,
2312,13.0,0.0,,,4_6,FC,F+,D,,,,,,60.0,AM_20231228,,,
2313,120.0,116.0,,,<1,RG,F,D,DF,,,,,120.0,AM_20240221,,,
2314,116.0,115.0,,,<1,MF,F+,D,poorly bonded,,,,,120.0,AM_20240221,,,
2315,115.0,103.0,,,<1,RG,F+,D,,,,,,120.0,AM_20240221,,,
2316,103.0,92.0,,,<1,RG,4F,D,,,,,,120.0,AM_20240221,17.1675,,
2317,92.0,77.0,,,1_2,RG,F+,D,faceted edges,,,,,120.0,AM_20240221,25.615,,
2318,77.0,53.0,,,1_2,RG,1F,D,faceted edges,,,,,120.0,AM_20240221,104.53100000000002,,
2319,53.0,26.0,,,2_4,FC,F,D,,,,,,120.0,AM_20240221,37.496,,
2320,26.0,0.0,,,4_6,FC,F,D,"DH, striated",,,,,120.0,AM_20240221,,,
2321,32.5,28.5,,,1_2,DF,F-,D,"stellars, some riming",,,,,32.5,JPL2_20231227,,,
2322,28.5,23.0,,,<1,DF,F,D,"some FC, also <1mm",,,,,32.5,JPL2_20231227,,,
2323,23.0,12.0,,,2_4,FC,F+,D,,,,,,32.5,JPL2_20231227,,,
2324,12.0,5.0,,,2_4,FC,F,D,some chains,,,,,32.5,JPL2_20231227,,,
2325,5.0,0.0,,,2_4,DH,F,D,2-4mm/4-6mm,,,,,32.5,JPL2_20231227,,,
2326,27.0,26.0,,,1_2,PP,F,,PPrm,,,,,27.0,JPL1_20231221,,,
2327,26.0,23.5,,,<1,FC,F,,,,,,,27.0,JPL1_20231221,,,
2328,23.5,15.0,,,<1,FC,4F,,some rounding,,,,,27.0,JPL1_20231221,,,
2329,15.0,7.0,,,<1,FC,4F,,some rounding,,,,,27.0,JPL1_20231221,,,
2330,7.0,0.0,,,2_4,FC,F,,,,,,,27.0,JPL1_20231221,,,
2331,32.0,28.0,,,1_2,FC,F-,D,,,,,,32.0,JPL2_20240103,,,
2332,28.0,17.0,,,2_4,FC,F,D,"striations, secondary size 6mm, some chains",,,,,32.0,JPL2_20240103,,,
2333,17.0,6.0,,,4_6,FC,4F,D,,,,,,32.0,JPL2_20240103,,,
2334,6.0,0.0,,,4_6,DH,F+,D,,,,,,32.0,JPL2_20240103,,,
2335,69.0,68.0,,,1_2,DF,F-,D,,,,,,69.0,CLPXSL_20240123,,,
2336,68.0,59.0,,,1_2,DF,F,D,some roundingn occuring,,,,,69.0,CLPXSL_20240123,,,
2337,59.0,37.0,,,<1,RG,1F,D,0.3mm-0.5mm few faceted,,,,,69.0,CLPXSL_20240123,44.144999999999996,,
2338,37.0,29.0,,,<1,RG,P,D,0.3mm-0.5mm,,,,,69.0,CLPXSL_20240123,112.81500000000001,,
2339,29.0,0.0,,,4_6,DG,F+,D,striations,,,,,69.0,CLPXSL_20240123,15.107400000000002,,
2340,71.0,70.5,,,1_2,FC,F,,PPrm 1-2mm,,,,,71.0,JPL2_20240207,,,
2341,70.5,69.5,,,<1,MFcr,1F,,,,,,,71.0,JPL2_20240207,,,
2342,69.5,64.0,,,<1,RG,F,,DF 1-2mm,,,,,71.0,JPL2_20240207,,,
2343,64.0,63.0,,,<1,MFcr,F,,,,,,,71.0,JPL2_20240207,,,
2344,63.0,53.0,,,1_2,RG,4F,,facetingf,,,,,71.0,JPL2_20240207,,,
2345,53.0,42.0,,,<1,RG,1F,,more faceted,,,,,71.0,JPL2_20240207,57.633750000000006,,
2346,42.0,34.0,,,<1,RG,1F,,,,,,,71.0,JPL2_20240207,149.60250000000002,,
2347,34.0,26.0,,,<1,RG,P,,,,,,,71.0,JPL2_20240207,253.83375,,
2348,26.0,0.0,,,2_4,DH,F,,"square, striations",,,,,71.0,JPL2_20240207,31.8825,,
2349,98.0,93.0,,,2_4,PP,F-,D,"stellars 0.5mm plates, DF 1-2mm secondary",,,,,98.0,AM_20240124,,,
2350,93.0,79.0,,,<1,RG,F+,D,early states of rounding,,,,,98.0,AM_20240124,,,
2351,79.0,55.0,,,<1,RG,4F+,D,0.5mm more pronounced,,,,,98.0,AM_20240124,76.32477272727273,,
2352,55.0,45.0,,,1_2,FC,F,D,starting to round,,,,,98.0,AM_20240124,32.495625000000004,,
2353,45.0,44.5,,,<1,MFcr,4F,D,melt forms cust,,,,,98.0,AM_20240124,,,
2354,44.5,30.5,,,4_6,FC,F+,D,minor rounding occuring,,,,,98.0,AM_20240124,,,
2355,30.5,22.5,,,2_4,FC,F,D,minor rounding,,,,,98.0,AM_20240124,,,
2356,22.5,21.0,,,<1,MFcr,4F,D,melt forms crust,,,,,98.0,AM_20240124,,,
2357,21.0,0.0,,,4_6,DH,4F,D,striations,,,,,98.0,AM_20240124,,,
