,top_cm,bottom_cm,grain max_mm,grain min_mm,grain avg_mm,type,HH,wetness,comments,hs_cm,swe_mm,density_kgm3,date,hs,profile_id,avg_force_ram,avg_force_scope,avg_force_smp
0,288.0,284.0,0.2,0.1,0.1,RGxf,F,D,,,,,20250228.0,288.0,BDG_20250228,63.82900355871887,3.9045931829181497,0.547932107061754
1,284.0,283.0,0.4,0.1,0.3,MFcr,P,D,"Some IFrc, facets",,,372.88253646,,288.0,BDG_20250228,67.04651408450708,3.6566294028169017,0.47498680260074266
2,283.0,279.0,0.5,0.2,0.3,FCxr,4F,D,,,,,,288.0,BDG_20250228,158.68712633451958,5.310413330960855,0.9064736548946358
3,279.0,278.0,0.8,0.2,0.5,MFcr,1F,D,"faceted, discontinuous, percolation from 284-283 layer",,,360.13557626,,288.0,BDG_20250228,238.6869718309859,6.448154253521127,1.184022253986494
4,278.0,256.0,0.3,0.1,0.1,RGsr,F,D,old DF,,,,,288.0,BDG_20250228,640.9141816686603,12.313945597199535,
5,256.0,246.0,0.3,0.1,0.2,RG,F,D,more DF than above,,,,,288.0,BDG_20250228,,,
6,246.0,213.0,0.4,0.2,0.3,RG,4F,D,,,,,,288.0,BDG_20250228,,,
7,213.0,165.0,0.5,0.2,0.3,RGxf,1F,D,,,,,,288.0,BDG_20250228,,,
8,165.0,164.5,5.0,2.0,3.0,SHxr,F,D,FCxr 1mm,,,,,288.0,BDG_20250228,,,
9,164.5,163.0,1.0,0.2,0.5,RGxf,1F,D,,,,,,288.0,BDG_20250228,,,
10,163.0,159.0,6.0,1.5,2.0,SHxr,F,D,FCxr 1.5mm,,,,,288.0,BDG_20250228,,,
11,159.0,148.0,1.0,0.4,0.8,RGxf,1F,D,,,,,,288.0,BDG_20250228,,,
12,148.0,147.0,1.0,0.3,0.7,MFcr,4F,D,"poorly bonded, faceted",,,0.0,,288.0,BDG_20250228,,,
13,147.0,120.0,0.5,0.2,0.4,RGxf,P,D,,,,,,288.0,BDG_20250228,,,
14,120.0,76.0,0.8,0.3,0.5,RGxf,P,D,,,,,,288.0,BDG_20250228,,,
15,67.0,66.5,2.0,0.5,1.0,PPsd,F,D,Some DFbk,,,,20250107.0,67.0,FEFHQ_20250107,0.981,0.07657229714285714,
16,66.5,61.0,1.5,0.5,1.0,DF,F,D,"DFbk, some PPsp",6.200000000000003,5.0,81.0,,67.0,FEFHQ_20250107,19.621093702297703,0.4324987345454546,
17,61.0,36.0,1.0,0.5,0.8,RGxf,4F,D,,25.599999999999994,56.0,217.0,,67.0,FEFHQ_20250107,,,
18,36.0,18.0,1.5,0.5,1.0,FC,F,D,FCso,15.400000000000002,35.0,227.0,,67.0,FEFHQ_20250107,,,
19,18.0,0.0,4.0,1.0,1.5,DHla,F,D,DHch,18.8,41.0,218.0,,67.0,FEFHQ_20250107,,,
27,88.0,85.0,1.0,0.2,0.4,MF,4F,WS,"Surface facets, melting",3.0,,,20241206.0,88.0,PLT2_20241206,,,
28,85.0,66.5,0.7,0.25,0.5,MF,F,M,"rounded grains, melted bonded",18.5,,,,88.0,PLT2_20241206,,,
29,66.5,66.0,1.0,0.2,0.5,IF,K,M,Ice lens/ ice crust,0.5,,,,88.0,PLT2_20241206,,,
30,66.0,64.5,1.0,0.3,0.4,MF,4F,M,,1.5,,,,88.0,PLT2_20241206,,,
31,64.5,64.0,1.25,0.2,0.5,MF,4F,M,drier,0.5,,,,88.0,PLT2_20241206,,,
32,64.0,18.0,1.0,0.0,0.4,RG,4F,M,,46.0,,,,88.0,PLT2_20241206,,,
33,18.0,16.0,1.3,0.4,0.6,MFcr,P,W,,2.0,,,,88.0,PLT2_20241206,,,
34,16.0,0.0,1.5,0.5,1.0,RG,4F,M+,,16.0,,,,88.0,PLT2_20241206,,,
35,96.0,93.0,1.0,0.5,0.8,DF,F,M,DFbk,2.0,1.5,75.0,20250305.0,96.0,JPLMet_20250305,32.351971213438404,1.814946009478673,
36,93.0,86.0,0.8,0.1,0.3,RG,4F,D,"RGsr
DFdc",6.4,2.0,31.25,,96.0,JPLMet_20250305,58.418862842281435,0.9431742810590632,
37,86.0,82.0,1.0,0.3,0.5,MFcr,K,D,"MFcr
MFpc",4.6,13.5,293.47826086956525,,96.0,JPLMet_20250305,,,
38,82.0,59.0,1.0,0.3,0.5,RG,1F,D,RGlr,19.6,45.5,232.14285714285717,,96.0,JPLMet_20250305,,,
39,59.0,56.0,2.0,0.5,1.0,IF,K,D,"IFil
Obvious ice lens",,,,,96.0,JPLMet_20250305,,,
40,56.0,34.0,2.0,0.5,1.0,FCxr,F,D,,21.8,59.0,270.6422018348624,,96.0,JPLMet_20250305,,,
41,34.0,15.0,3.0,1.0,2.0,DHxr,4F,D,,16.6,41.5,250.0,,96.0,JPLMet_20250305,,,
42,15.0,0.0,6.0,1.0,2.0,DHxr,1F,D,,18.2,48.5,266.4835164835165,,96.0,JPLMet_20250305,,,
47,153.0,152.0,0.5,0.1,0.3,MFcr,F,D,,1.0,3.2,0.0,20250116.0,153.0,BOG_20250116,2.7841056338028176,,0.15394008703618972
48,152.0,136.0,1.0,0.3,0.7,FCxr,F,D,,15.8,30.0,189.873417721519,,153.0,BOG_20250116,314.0852988403211,,2.2656215383252056
49,136.0,127.0,0.4,0.2,0.3,RGxf,4F,D,,12.4,30.0,241.93548387096777,,153.0,BOG_20250116,,,
50,127.0,112.0,0.8,0.3,0.5,RGxf,4F,D,,12.6,31.0,246.031746031746,,153.0,BOG_20250116,,,
51,112.0,93.5,0.8,0.2,0.4,RGxf,4F,D,More facets than layer above,,,,,153.0,BOG_20250116,,,
52,93.5,92.5,,,,IFil,I,D,"clear, faceting melt forms below",,,,,153.0,BOG_20250116,,,
53,92.5,80.0,0.3,0.1,0.2,RGsr,1F,D,some faceted edges,,,,,153.0,BOG_20250116,,,
54,80.0,76.0,1.5,0.5,1.0,MFcr,P,D,"some IF, some faceted edges",,,,,153.0,BOG_20250116,,,
55,76.0,50.0,0.4,0.1,0.2,RG,P,D,,,,,,153.0,BOG_20250116,,,
56,50.0,45.0,0.5,0.2,0.3,RG,P,D,well bonded,,,,,153.0,BOG_20250116,,,
57,45.0,42.0,0.8,0.3,0.5,RG,K,M,"evidence of melt, some MFpc",,,,,153.0,BOG_20250116,,,
58,42.0,39.0,1.0,0.5,0.7,RG,1F,M,previously faceted,,,,,153.0,BOG_20250116,,,
59,39.0,24.0,1.0,0.4,0.7,RGxf,4F,M,faceted edges are rounding,,,,,153.0,BOG_20250116,,,
60,24.0,11.0,0.8,0.3,0.5,RG,1F,M,some MFcl,,,,,153.0,BOG_20250116,,,
61,11.0,0.0,0.8,0.2,0.5,RG,1F,M,,,,,,153.0,BOG_20250116,,,
62,63.5,63.0,1.0,1.0,1.0,PP,F,D,Some riming PPsd PPgp,,,,20241230.0,63.5,SLMet_20241230,0.981,0.05253502857142856,0.09932808743690107
63,63.0,58.0,1.5,0.5,1.0,PP,F,D,Some riming,4.2,4.5,107.1428571,,63.5,SLMet_20241230,11.493444444444446,0.3293269572649572,0.15897390588041854
64,58.0,54.5,1.0,0.5,0.8,DF,F,D,Faceted edges,3.9,4.5,115.3846154,,63.5,SLMet_20241230,37.171945945945936,0.8998470909090908,
65,54.5,52.5,0.4,0.1,0.2,MFcl,F,D,F+,4.0,6.5,162.5,,63.5,SLMet_20241230,,,
66,52.5,37.0,1.0,0.3,0.5,RG,F,D,"Previous DF Larger grains faceted
F/4F-",11.8,16.5,139.8305085,,63.5,SLMet_20241230,,,
67,37.0,19.0,2.0,1.0,1.5,DH,F,D,"Squares, few rounded edges",19.0,45.5,239.4736842,,63.5,SLMet_20241230,,,
68,19.0,0.0,4.0,1.5,2.0,DH,F,D,"Striations, rounding",17.8,42.5,238.7640449,,63.5,SLMet_20241230,,,
74,52.3,52.0,0.3,0.1,0.2,SH,F,D,SHsu not available in grain type,,,,20241122.0,52.3,FST_20241122,0.9810000000000003,0.07584523809523809,
75,52.0,46.0,0.7,0.3,0.3,RG,F,D,RGsr not available in grain type,6.0,9.0,150.0,,52.3,FST_20241122,18.918838309859154,0.43938562464986,
76,46.0,31.0,1.0,0.1,0.5,FC,4F,D,FCso,15.0,24.5,163.33333333333334,,52.3,FST_20241122,,,
77,31.0,16.5,1.0,0.3,0.5,FC,1F,D,"No Cup, FCso, 1F+",14.5,35.5,244.8275862068965,,52.3,FST_20241122,,,
78,16.5,0.0,2.0,1.0,1.5,FC,4F,D,"Some cups, prisms, No striations, FCso, 4F+",16.5,27.0,163.63636363636363,,52.3,FST_20241122,,,
86,139.0,130.0,2.5,1.0,1.5,MFpc,1F,M,MFcl,7.799999999999997,28.0,359.0,20250416.0,139.0,AM_20250416,156.9645344690967,6.011402199683043,
87,130.0,118.0,4.0,0.8,1.5,MFcr,K,M,MFcl,8.0,30.0,381.0,,139.0,AM_20250416,53.975064832145875,1.3808436487804876,
88,118.0,110.0,1.5,0.5,1.0,MFcl,P,M,,6.200000000000003,26.0,427.0,,139.0,AM_20250416,,,
89,110.0,109.0,,,,IF,I,,Ifil,2.799999999999997,14.0,500.0,,139.0,AM_20250416,,,
90,109.0,80.0,2.0,0.5,1.0,MFcl,P,W,,25.8,105.0,407.0,,139.0,AM_20250416,,,
91,80.0,43.0,1.0,0.3,0.8,MFcl,1F,M,,38.2,141.0,370.0,,139.0,AM_20250416,,,
92,43.0,0.0,4.0,1.0,2.0,FCxr,F,M,DHxr,42.8,122.0,285.0,,139.0,AM_20250416,,,
98,47.0,46.5,2.0,0.3,0.5,DF,F,D,"Arms, stellars",,,,20241216.0,47.0,JPLMet_20241216,0.981,0.1194898857142857,
99,46.5,40.0,0.5,0.1,0.3,RGwp,4F,D,"Some corners, edges",7.2,9.5,131.94444444444443,,47.0,JPLMet_20241216,14.472313588850174,0.3522921236749117,
100,40.0,22.0,2.0,0.5,1.0,DHpr,F,D,Well on it's way to DHcp/la,18.0,37.0,205.55555555555557,,47.0,JPLMet_20241216,,,
101,22.0,0.0,4.0,1.0,2.0,DHla,F,D,"Clear cups, striations",20.0,42.5,212.5,,47.0,JPLMet_20241216,,,
110,125.0,113.0,1.5,0.5,1.0,DF,F,D,"DFdc
DFbk",10.799999999999995,17.0,157.40740740740745,20250318.0,125.0,DHMet_20250318,106.98206306934878,,
111,113.0,108.0,1.0,0.3,0.5,MFcr,K,D,"MFcr
MFpc",3.4000000000000057,11.0,323.52941176470534,,125.0,DHMet_20250318,103.005,,
112,108.0,105.0,1.0,0.3,0.5,FC,4F,D,FCso,2.3999999999999915,7.0,291.6666666666677,,125.0,DHMet_20250318,,,
113,105.0,103.0,1.5,0.5,1.0,MFcr,K,D,"MFcr
MFpc",2.200000000000003,7.5,340.9090909090905,,125.0,DHMet_20250318,,,
114,103.0,77.0,1.0,0.3,0.5,RG,1F,D,RGlr,25.60000000000001,80.5,314.4531249999999,,125.0,DHMet_20250318,,,
115,77.0,49.0,0.8,0.3,0.5,RG,P,D,RGlr,29.599999999999994,95.0,320.945945945946,,125.0,DHMet_20250318,,,
116,49.0,36.0,1.5,0.5,1.0,FCxr,1F,D,,13.4,45.5,339.5522388059702,,125.0,DHMet_20250318,,,
117,36.0,14.0,2.0,0.5,1.0,FCxr,4F,D,DHxr,21.8,70.0,321.10091743119267,,125.0,DHMet_20250318,,,
118,14.0,0.0,3.0,0.5,1.5,DHxr,1F,D,,10.8,29.0,268.5185185185185,,125.0,DHMet_20250318,,,
122,106.0,105.5,1.0,0.3,0.5,DF,F,D,DFbk PPsd (0.5mm),,,,20241231.0,106.0,FST_20241231,0.981,0.05244005714285715,0.11674487797129918
123,105.5,91.0,1.5,0.5,1.0,DF,F,D,DFbk Still mostly intact,11.0,9.0,81.81818181818181,,106.0,FST_20241231,30.010634079283886,0.5369365734151329,0.7616245661434805
124,91.0,79.0,1.0,0.3,0.5,DF,4F,D,DFdc Some PPgp,11.0,15.0,136.36363636363637,,106.0,FST_20241231,,,
125,79.0,65.0,0.5,0.1,0.3,RG,1F,D,RGlr Necks,16.0,24.0,150.0,,106.0,FST_20241231,,,
126,65.0,57.0,0.8,0.3,0.5,RG,P,D,RGlr,10.4,23.0,221.15384615384616,,106.0,FST_20241231,,,
127,57.0,33.0,1.0,0.3,0.5,FCxr,1F,D,,20.8,52.0,250.0,,106.0,FST_20241231,,,
128,33.0,11.0,2.0,0.5,1.0,FCxr,1F,D,,18.4,48.5,263.5869565217391,,106.0,FST_20241231,,,
129,11.0,0.0,1.5,0.5,1.0,MFcl,K,D,Clumps DHxr Some MFpc,14.0,36.0,257.1428571428572,,106.0,FST_20241231,,,
134,46.0,45.5,4.0,1.0,2.0,PPsd,F,D,,,,,20241129.0,46.0,JPLMet_20241129,0.981,0.04547548571428571,
135,45.5,36.0,0.5,0.1,0.3,FC,F,D,Few DFdc FCso,10.0,11.0,110.0,,46.0,JPLMet_20241129,10.399662454873646,0.41894295968992246,
136,36.0,18.0,0.5,0.1,0.3,FC,4F,D,FCso,18.0,25.0,138.88888888888889,,46.0,JPLMet_20241129,,,
137,18.0,10.0,2.0,1.0,0.5,FC,1F,D,FCso Early cups/striations,8.0,19.0,237.5,,46.0,JPLMet_20241129,,,
138,10.0,0.0,3.0,2.0,1.0,DHcp,4F,D,,10.0,11.5,115.0,,46.0,JPLMet_20241129,,,
146,143.0,138.0,1.0,0.3,0.5,FCsf,F,D,"SHcp
RR",4.799999999999983,8.5,177.08333333333397,20250313.0,143.0,AM_20250313,122.6697179487179,2.5726836666666664,
147,138.0,127.0,0.8,0.1,0.3,FCxr,4F,D,Potential buried SH,12.000000000000014,26.5,220.83333333333303,,143.0,AM_20250313,77.51338692434211,1.4012657561608302,
148,127.0,106.0,0.8,0.1,0.3,RG,1F,D,"RGlr
Necks Bonds",19.39999999999999,54.5,280.92783505154654,,143.0,AM_20250313,,,
149,106.0,84.0,1.0,0.3,0.5,RGxf,P,D,,23.0,71.5,310.8695652173913,,143.0,AM_20250313,,,
150,84.0,48.0,1.5,0.5,1.0,FCxr,1F,D,,34.60000000000001,109.5,316.47398843930625,,143.0,AM_20250313,,,
151,48.0,19.0,2.5,0.5,1.0,FCxr,1F,D,,29.0,80.5,277.58620689655174,,143.0,AM_20250313,,,
152,19.0,0.0,4.0,1.0,2.0,DHxr,1F,D,Chains,15.8,43.5,275.3164556962025,,143.0,AM_20250313,,,
158,37.0,0.0,6.0,1.0,2.0,MFcl,F,M,MFpc,34.0,128.0,376.4705882352941,20250415.0,37.0,FEFHQ_20250415,,,
170,41.0,39.0,3.0,1.0,1.5,PPsd,F,D,PPpl some but,8.5,7.0,82.3529411764706,20241129.0,41.0,TPO_20241129,,0.13436137115839242,
171,39.0,31.0,2.0,0.5,1.0,DF,F,D,DFbk and DFxr rounded tip,,,,,41.0,TPO_20241129,,3.4244094222222223,
172,31.0,22.0,1.0,0.5,0.8,RG,F,D,some evidence of faceting - diurnal,8.5,7.0,82.3529411764706,,41.0,TPO_20241129,,,
173,22.0,16.0,1.0,0.4,0.4,RG,F,D,more facets than above layer but still dominant RGsr,10.0,19.0,190.0,,41.0,TPO_20241129,,,
174,16.0,15.0,2.0,0.4,1.2,FC,F,D,Slightly better bonded than layers above and below - but not crust some prisms/plates - no cups,,,,,41.0,TPO_20241129,,,
175,15.0,9.0,1.5,0.3,1.0,FC,F,D,Lots of FCso too,4.0,10.5,262.5,,41.0,TPO_20241129,,,
176,9.0,0.0,2.0,0.4,1.2,FC,F,D,Like layer above but bigger,7.0,14.0,200.0,,41.0,TPO_20241129,,,
182,204.0,203.0,3.0,1.0,2.0,PPgp,F,D,some needles w/ rime,1.0,2.0,199.2,20250205.0,204.0,BOG_20250205,8.345408450704229,0.4824189084507043,0.2773822583687328
183,203.0,202.5,0.3,0.1,0.2,MFcr,4F,D,rain event previous night,0.5,1.0,294.88248715,,204.0,BOG_20250205,11.370257142857144,0.2610091857142857,0.1748450403292795
184,202.5,178.0,2.0,0.5,1.0,DF,F,D,previous stellars,24.5,47.4,193.3,,204.0,BOG_20250205,155.5868847853568,5.044980002915452,1.3912826422778704
185,178.0,168.0,1.0,0.3,0.5,DF,4F,D,previous stellars,10.0,20.6,205.8,,204.0,BOG_20250205,,,
186,168.0,156.0,1.5,0.5,1.0,DF,4F,D,,12.0,27.5,229.4,,204.0,BOG_20250205,,,
187,156.0,146.0,1.0,0.5,0.7,DF,4F,D,more rounded,10.0,25.5,255.0,,204.0,BOG_20250205,,,
188,146.0,135.0,0.3,0.1,0.2,RG,4F,D,"some DF, but fewer than previous, top of layer, 3mm graupel",11.0,27.1,246.1,,204.0,BOG_20250205,,,
189,135.0,133.0,1.5,0.7,1.0,FCxr,F,D,"previous MFcr, some MF remain, old snow surface @ 135",2.0,4.2,210.3,,204.0,BOG_20250205,,,
190,133.0,113.5,1.0,0.4,0.7,FCxr,4F,D,,19.5,48.2,246.9,,204.0,BOG_20250205,,,
191,113.5,112.5,,,,IF,K,D,"3mm thick, FCxr on top",1.0,2.6,363.24713793333336,,204.0,BOG_20250205,,,
192,112.5,102.0,1.0,0.3,0.6,RGlr,1F,D,dicontinuous IF @ 98c. few faceted edges,10.5,28.2,268.9,,204.0,BOG_20250205,,,
193,102.0,85.0,0.8,0.3,0.5,RG,,D,,17.0,48.6,285.8,,204.0,BOG_20250205,,,
194,85.0,74.0,1.0,0.4,0.7,RGxf,1F,D,,11.0,35.4,321.6,,204.0,BOG_20250205,,,
195,74.0,59.0,1.0,0.5,0.7,IF,P,D,"multiple IF w/ FC between, some MF",15.0,49.9,323.29789239,,204.0,BOG_20250205,,,
196,69.0,40.0,0.5,0.2,0.4,RGxf,P,D,very well bonded,,,357.6,,204.0,BOG_20250205,,,
197,40.0,0.0,2.5,1.0,1.5,FC,P,D,Some MF,,,,,204.0,BOG_20250205,,,
198,49.0,44.0,3.0,0.8,1.0,MFpc,1F,M,MFcl,4.0,13.5,337.5,20250416.0,49.0,LFMet_20250416,40.64376218368187,0.7995557241379312,
199,44.0,37.0,3.0,0.8,1.0,MFpc,P,M,MFcl,8.2,26.5,323.1707317073171,,49.0,LFMet_20250416,,,
200,37.0,0.0,6.0,1.0,2.0,MFcl,F,M,,33.2,106.0,319.2771084337349,,49.0,LFMet_20250416,,,
210,111.5,95.0,1.0,0.3,0.5,RGwp,K,D,,19.4,71.0,365.9793814,20250213.0,111.5,CLPX_FAD16_20250213,270.692525298988,6.5150746721088435,
211,95.0,91.5,1.5,0.5,1.0,RGxf,1F,D,,2.0,5.5,275.0,,111.5,CLPX_FAD16_20250213,,,
212,91.5,88.0,1.5,0.5,1.0,RGxf,K,D,,4.0,16.5,412.5,,111.5,CLPX_FAD16_20250213,,,
213,88.0,58.0,2.0,0.5,1.0,FCxr,P,D,,29.0,98.5,339.6551724,,111.5,CLPX_FAD16_20250213,,,
214,58.0,35.0,2.0,0.5,1.0,FCxr,K,D,,23.2,93.5,403.0172414,,111.5,CLPX_FAD16_20250213,,,
215,35.0,0.0,3.0,0.5,1.0,DHxr,P,D,DHch,28.4,87.0,306.3380282,,111.5,CLPX_FAD16_20250213,,,
222,209.0,206.0,0.7,0.3,0.5,MFcl,F,W,,3.0,12.7,424.9,20250326.0,209.0,BOG_20250326,41.32055687203792,,
223,206.0,203.0,1.0,0.1,0.5,MFpc,F,W,,3.0,12.3,410.0,,209.0,BOG_20250326,215.09936018957345,,
224,203.0,195.0,0.5,0.2,0.4,MFcl,F,VW,,8.0,32.9,411.4,,209.0,BOG_20250326,434.5930548128342,,
225,195.0,186.0,1.0,0.2,0.4,MFcl,F,VW,,,,,,209.0,BOG_20250326,285.5809646017699,,
226,186.0,185.0,1.0,0.2,0.5,MFcl,4F,W,,,,,,209.0,BOG_20250326,,,
227,185.0,178.0,0.3,0.2,0.1,RG,F,W,,,,,,209.0,BOG_20250326,,,
228,178.0,172.0,2.0,1.0,0.5,MFpc,1F,M,,,,,,209.0,BOG_20250326,,,
229,172.0,170.5,1.0,0.3,0.5,MFcr,F,W,,,,397.066705,,209.0,BOG_20250326,,,
230,170.5,167.0,0.7,0.3,0.5,MFcl,I,D,,,,,,209.0,BOG_20250326,,,
231,167.0,166.0,,,,IFil,4F,W,14mm thick,,,402.5589643,,209.0,BOG_20250326,,,
232,166.0,149.0,0.4,0.2,0.3,RGsr,1F,W,,,,,,209.0,BOG_20250326,,,
233,149.0,140.5,0.1,0.2,0.3,RGsr,P,D,"discontinuous, MFcl",,,,,209.0,BOG_20250326,,,
234,140.5,140.0,1.0,0.3,0.5,IFil,P,D,"discontinuous, MFcl",,,0.0,,209.0,BOG_20250326,,,
235,140.0,130.5,0.4,0.2,0.3,RGsr,4F,W,,,,,,209.0,BOG_20250326,,,
236,130.5,130.0,,,,IFil,I,M,,,,0.0,,209.0,BOG_20250326,,,
237,130.0,108.0,0.4,0.2,0.3,RGsr,1F,W,,,,,,209.0,BOG_20250326,,,
238,108.0,107.5,,,,IFil,I,D,,,,0.0,,209.0,BOG_20250326,,,
239,107.5,105.5,0.5,0.2,0.3,MFcl,1F,M,,,,,,209.0,BOG_20250326,,,
240,105.5,105.0,1.5,0.5,1.0,MFcl,P,M,,,,,,209.0,BOG_20250326,,,
241,105.0,101.0,0.3,0.1,0.2,MFcl,1F,W,close to RG,,,,,209.0,BOG_20250326,,,
242,101.0,100.0,,,,IFil,I,D,,,,0.0,,209.0,BOG_20250326,,,
243,100.0,85.0,1.0,0.3,0.5,RG,4F,W,some MFcl,,,,,209.0,BOG_20250326,,,
244,85.0,84.5,1.0,0.2,0.5,MFcl,1F,M,,,,,,209.0,BOG_20250326,,,
245,84.5,69.0,0.7,0.3,0.5,MFcl,4F,M,,,,,,209.0,BOG_20250326,,,
246,69.0,68.0,1.5,0.5,1.0,MFcl,1F,M,,,,,,209.0,BOG_20250326,,,
247,68.0,63.5,0.8,0.3,0.5,RG,1F,M,close to MFcle,,,,,209.0,BOG_20250326,,,
248,63.5,63.0,0.5,0.3,0.4,MFpc,P,M,,,,,,209.0,BOG_20250326,,,
249,63.0,51.0,0.4,0.2,0.3,RGsr,1F,M,,,,,,209.0,BOG_20250326,,,
250,51.0,50.5,1.5,0.5,1.0,MFpc,K,D,,,,,,209.0,BOG_20250326,,,
251,50.5,23.0,0.6,0.4,0.5,RG,P,M,,,,,,209.0,BOG_20250326,,,
252,23.0,0.0,2.0,1.0,1.5,RGlr,4F,M,previous facets,,,,,209.0,BOG_20250326,,,
253,70.0,69.5,0.8,0.3,0.5,PP,F,D,"PPir, PPnd (clear needles) secondary, PPgp",,,,20250114.0,70.0,JPLMet_20250114,0.981,0.05170666666666667,
254,69.5,62.0,1.0,0.3,0.5,DF,F,D,"DFbk, PPnd secondary",7.8,6.5,83.33333333333333,,70.0,JPLMet_20250114,20.773291682785302,0.5117761970569418,
255,62.0,53.0,1.0,0.3,0.5,RGxf,F,D,,7.8,14.5,185.8974358974359,,70.0,JPLMet_20250114,,,
256,53.0,41.0,1.5,0.5,1.0,RGxf,4F,D,,16.2,36.5,225.30864197530863,,70.0,JPLMet_20250114,,,
257,41.0,5.0,2.5,1.0,1.5,DHcp,F,D,DHch secondary,30.0,65.0,216.66666666666663,,70.0,JPLMet_20250114,,,
258,5.0,0.0,4.0,1.0,2.0,DH,1F,D,DHch,5.8,14.5,250.0,,70.0,JPLMet_20250114,,,
265,160.0,156.0,1.0,0.5,0.7,RGxf,F,D,,3.6,6.5,180.55555555555551,20250110.0,160.0,BOG_20250110,32.02042012653223,1.4141333024911031,0.637752028060353
266,156.0,137.0,0.7,0.3,0.5,RGxf,F,D,More faceted edges than layer above,20.8,45.0,216.34615384615384,,160.0,BOG_20250110,247.0031113899614,7.286010109121909,11.800121485776033
267,137.0,135.0,0.5,0.1,0.3,MFcr,P,D,"faceted on top, ice lens in other places, secondary hardness K",1.6,4.5,365.8809513,,160.0,BOG_20250110,,,
268,135.0,115.0,1.5,0.7,0.1,RGxf,4F,D,,17.0,39.0,229.41176470588235,,160.0,BOG_20250110,,,
269,115.0,98.5,0.8,0.2,0.5,RGxf,1F,D,,16.5,56.2,340.7,,160.0,BOG_20250110,,,
270,98.5,98.0,,,,IF,I,D,,0.5,1.8,381.37655565,,160.0,BOG_20250110,,,
271,98.0,84.0,0.3,0.1,0.2,RG,1F,D,MFcr on top/bottom,14.0,50.9,363.7,,160.0,BOG_20250110,,,
272,84.0,79.0,1.5,0.5,1.0,MFcr,P,D,"Well bonded, some sharp edges",5.0,18.8,380.75263186,,160.0,BOG_20250110,,,
273,79.0,46.0,0.6,0.2,0.4,RG,P,D,P @ bottom,33.0,109.0,330.3,,160.0,BOG_20250110,,,
274,46.0,25.0,2.0,0.6,1.0,FCxr,1F,M,"Secondary MFcl, heavily rounded",21.0,64.1,305.4,,160.0,BOG_20250110,,,
275,25.0,24.0,1.5,0.5,1.0,MFcr,P,M,Some rounding faceted edges,,,142.088837,,160.0,BOG_20250110,,,
276,24.0,0.0,2.0,1.0,1.5,DHxr,1F,M,"Well bonded, some MFcl",,,301.9,,160.0,BOG_20250110,,,
277,65.0,55.0,2.0,0.5,1.5,MFcl,F,W,,,,,20250408.0,65.0,JPLMet_20250408_TS_1321,153.63142965696917,7.318306789389919,1.1038786383343806
278,55.0,35.0,2.0,0.5,1.0,MFpc,1F,M,MFcl,,,,,65.0,JPLMet_20250408_TS_1321,,,
279,35.0,24.0,2.5,1.0,1.5,MFcl,4F,M,,,,,,65.0,JPLMet_20250408_TS_1321,,,
280,24.0,0.0,4.0,1.0,2.0,MFcl,F,M,,,,,,65.0,JPLMet_20250408_TS_1321,,,
289,20.0,12.5,0.5,0.1,0.2,FCsf,F,D,Diurnal nsfg cups,9.2,10.5,114.0,20241201.0,20.0,BMO_20241201,,2.189021198198198,
290,12.5,11.0,2.0,0.5,1.0,MFcr,F,D,MFcr crust made up of DHcp,1.6000000000000014,4.5,281.0,,20.0,BMO_20241201,,,
291,11.0,8.0,1.5,0.5,1.0,FC,F,D,FCso,2.999999999999999,6.0,200.0,,20.0,BMO_20241201,,,
292,8.0,0.0,2.5,1.0,1.5,MFcr,P,D,"Variable hardness
Old facets",6.2,14.0,226.0,,20.0,BMO_20241201,,,
301,52.0,51.5,1.5,0.5,1.0,SH,F,D,"SHcp, FCsf starting",,,,20241206.0,52.0,AM_20241206,0.981,2.6415796342857143,
302,51.5,37.0,1.0,0.3,0.5,FC,F,D,FCso,15.0,31.0,206.66666666666663,,52.0,AM_20241206,5.228593750000001,2.832559429473684,
303,37.0,27.5,1.0,0.3,0.5,RGxf,1F,D,,9.5,16.5,173.68421052631578,,52.0,AM_20241206,,,
304,27.5,11.0,2.0,1.0,1.5,FC,1F,D,FCso,16.5,38.5,233.33333333333331,,52.0,AM_20241206,,,
305,11.0,0.0,4.0,1.0,2.0,DHcp,1F,D,,11.0,26.0,236.3636363636364,,52.0,AM_20241206,,,
313,74.0,70.0,0.5,0.1,0.3,PP,F,D,PPir PPnd PPco,5.2,5.5,105.76923076923076,20250120.0,74.0,FEFHQ_20250120,9.017955960854096,0.19694680284697505,
314,70.0,56.0,1.0,0.3,0.5,FC,F,D,FCso,10.4,18.0,173.07692307692307,,74.0,FEFHQ_20250120,21.37879285714286,0.39415667241379304,
315,56.0,49.0,1.5,0.5,1.0,RGxf,4F,D,,8.8,20.0,227.27272727272725,,74.0,FEFHQ_20250120,,,
316,49.0,34.0,1.5,0.5,1.0,FC,1F,D,FCso,13.6,33.0,242.64705882352945,,74.0,FEFHQ_20250120,,,
317,34.0,13.0,2.0,0.5,1.0,DHcp,4F,D,,22.6,47.5,210.1769911504425,,74.0,FEFHQ_20250120,,,
318,13.0,0.0,4.0,1.0,2.0,DHla,4F,D,,12.8,28.5,222.65625,,74.0,FEFHQ_20250120,,,
325,52.0,44.0,2.0,0.8,1.0,MFcr,K,D,MFcr MFpc,9.2,32.5,353.26086956521743,20250415.0,52.0,SLMet_20250415,24.418102989130432,0.5505323224299065,
326,44.0,29.0,1.5,0.5,1.0,MFcl,1F,M,,15.0,43.5,290.0,,52.0,SLMet_20250415,,,
327,29.0,0.0,2.5,1.0,1.5,MFcl,F,W,,28.2,79.5,281.9148936170213,,52.0,SLMet_20250415,,,
337,124.0,123.0,2.0,1.0,0.5,MFcr,4F,M,in melting stage of cycle,2.0,5.0,250.0,20241128.0,124.0,FCO_20240311,15.695999999999993,,
338,123.0,83.0,0.5,0.3,0.4,RG,4F,D,"recent storm, rounded grains",20.5,37.0,180.4878048780488,,124.0,FCO_20240311,148.1931699084668,,
339,83.0,78.0,0.5,0.3,0.4,RG,4F,D,,14.8,31.0,209.45945945945945,,124.0,FCO_20240311,,,
340,78.0,77.0,3.0,1.0,2.0,MFcr,P,D,decomposing,6.2,17.0,274.1935483870968,,124.0,FCO_20240311,,,
341,77.0,57.0,0.5,0.3,0.4,RG,1F,D,,3.4,10.0,294.11764705882354,,124.0,FCO_20240311,,,
342,57.0,56.0,2.0,2.0,2.0,MFcr,1F,D,,17.2,48.0,279.06976744186045,,124.0,FCO_20240311,,,
343,56.0,45.0,0.5,0.3,0.4,RG,1F,D,,1.8,7.0,388.88888888888886,,124.0,FCO_20240311,,,
344,45.0,41.0,3.0,2.0,2.5,MFcr,P,D,w/ FCxr,22.0,75.0,340.90909090909093,,124.0,FCO_20240311,,,
345,41.0,24.0,2.0,1.0,1.5,RG,1F,D,,23.8,73.0,306.7226890756302,,124.0,FCO_20240311,,,
346,24.0,0.0,5.0,2.0,3.0,FC,F,M,"moist, Facets",5.0,28.0,560.0,,124.0,FCO_20240311,,,
349,95.0,91.0,0.8,0.1,0.3,MFcr,P,D,,3.0,9.0,300.0,20250205.0,95.0,AM_20250205,48.27755850533808,1.4118258234875445,
350,91.0,75.0,0.8,0.1,0.3,RG,F,D,RGlr,14.799999999999995,33.0,222.97297297297305,,95.0,AM_20250205,34.775808668280874,1.4997860299999999,
351,75.0,52.0,1.0,0.3,0.5,FCxr,1F,D,,23.200000000000003,66.0,284.4827586206896,,95.0,AM_20250205,,,
352,52.0,29.0,2.0,0.5,1.0,DHxr,F,D,,24.2,64.0,264.4628099173554,,95.0,AM_20250205,,,
353,29.0,0.0,4.0,0.5,2.0,DHxr,F,D,DHch,24.6,60.5,245.93495934959347,,95.0,AM_20250205,,,
361,133.0,104.0,0.8,0.1,0.5,FCsf,F,D,,28.39999999999999,47.5,167.2535211267606,20250121.0,133.0,CLPX_FASP8_20250121,40.100477142857144,10.677126099682543,
362,104.0,80.0,1.0,0.3,0.5,RG,1F,D,RGlr Necks and bonds,24.6,64.0,260.1626016260162,,133.0,CLPX_FASP8_20250121,,,
363,80.0,61.0,2.0,0.5,1.0,FC,F,D,FCso,17.0,42.5,250.0,,133.0,CLPX_FASP8_20250121,,,
364,61.0,45.0,3.0,1.0,1.5,DHcp,4F,D,,15.6,45.0,288.46153846153845,,133.0,CLPX_FASP8_20250121,,,
365,45.0,14.0,2.0,0.5,1.0,RGxf,P,D,,27.0,97.8,362.22222222222223,,133.0,CLPX_FASP8_20250121,,,
366,14.0,0.0,4.0,1.0,1.5,DHxr,4F,D,,15.0,44.5,296.6666666666667,,133.0,CLPX_FASP8_20250121,,,
373,42.0,41.0,2.0,0.5,1.0,PPgp,F,D,,,,,20241217.0,42.0,SLMet_20241217,1.1306830985915493,0.0881796338028169,
374,41.0,37.0,1.0,0.3,0.5,DF,F,D,DFdc starting to round,5.8,7.5,129.31034482758622,,42.0,SLMet_20241217,36.321525,0.29469258447488583,
375,37.0,19.0,1.0,0.3,0.5,FC,4F,D,FCso,19.0,40.0,210.52631578947367,,42.0,SLMet_20241217,,,
376,19.0,5.0,4.0,1.0,2.0,DHla,F,D,,11.6,24.5,211.20689655172416,,42.0,SLMet_20241217,,,
377,5.0,0.0,4.0,1.0,2.0,IFbi,P,D,"Crust or ice lens, grains are DHla when broken apart",4.6,11.5,250.00000000000003,,42.0,SLMet_20241217,,,
385,132.0,128.5,0.8,0.3,0.5,MFcl,1F,M,Bonded clumps,5.799999999999997,18.5,319.0,20250228.0,132.0,DHMet_DHSMET_20250228,27.71758775510204,,
386,128.5,127.0,1.0,0.3,0.5,MFcr,P,D,MFcr,1.7999999999999972,4.5,250.0000000000004,,132.0,DHMet_DHSMET_20250228,265.10357142857146,,
387,127.0,95.0,0.3,0.1,0.2,RG,P,D,RGsr,30.80000000000001,70.5,229.0,,132.0,DHMet_DHSMET_20250228,38.04864175265695,,
388,95.0,86.0,0.3,0.1,0.2,RG,P,D,RGsr,8.199999999999989,24.5,299.0,,132.0,DHMet_DHSMET_20250228,,,
389,86.0,71.0,1.5,0.5,1.0,FCxr,1F,D,Small chains,16.400000000000006,42.5,259.0,,132.0,DHMet_DHSMET_20250228,,,
390,71.0,60.0,1.5,0.5,1.0,RG,1F,D,RGlr May have been facets but really rounded,8.600000000000001,32.5,378.0,,132.0,DHMet_DHSMET_20250228,,,
391,60.0,45.0,1.5,0.5,1.0,RG,1F,D,RGlr,12.6,37.5,298.0,,132.0,DHMet_DHSMET_20250228,,,
392,45.0,43.0,2.0,0.5,1.0,MFpc,P,D,,1.5999999999999943,5.5,344.0,,132.0,DHMet_DHSMET_20250228,,,
393,43.0,31.0,2.0,1.0,1.5,FCxr,1F,D,,15.200000000000005,40.5,266.0,,132.0,DHMet_DHSMET_20250228,,,
394,31.0,26.0,2.5,1.0,1.5,FCxr,P,D,,3.6000000000000014,10.0,278.0,,132.0,DHMet_DHSMET_20250228,,,
395,26.0,12.0,3.0,1.0,2.0,FCxr,4F,M,,12.4,35.5,286.0,,132.0,DHMet_DHSMET_20250228,,,
396,12.0,0.0,3.0,1.0,2.0,DHxr,P,M,DHcp sparse,9.0,22.5,250.0,,132.0,DHMet_DHSMET_20250228,,,
397,60.0,59.5,2.0,0.5,1.0,PPsd,F,D,Some PPgp,,,,20250107.0,60.0,SLMet_20250107,0.981,0.10161626285714284,
398,59.5,46.0,1.0,0.5,0.8,DF,F,D,DFdc FCsf,13.0,17.5,134.6153846153846,,60.0,SLMet_20250107,36.94258455882353,0.47094859003322254,
399,46.0,33.0,1.0,0.3,0.5,RGxf,1F,D,,12.4,27.5,221.7741935483871,,60.0,SLMet_20250107,,,
400,33.0,16.0,2.0,0.5,1.0,DHpr,F,D,Early cups,17.4,39.5,227.0114942528736,,60.0,SLMet_20250107,,,
401,16.0,6.0,3.0,1.0,1.5,DHla,4F,D,DHch,9.0,19.5,216.66666666666663,,60.0,SLMet_20250107,,,
402,6.0,0.0,2.0,0.5,1.0,MFcl,P,D,Some signs of rounding,4.6,9.5,206.5217391304348,,60.0,SLMet_20250107,,,
409,146.0,143.0,2.0,0.5,1.0,MFcr,K,D,"MFpc, FCsf
3.6-12.5",3.6,12.5,386.38007,20250409.0,146.0,AM_20250409,83.06835523481259,2.9670986279620855,2.154725134582189
410,143.0,125.0,1.0,0.3,0.5,FCxr,4F,D,15.6-38.5,15.6,38.5,247.0,,146.0,AM_20250409,151.50779155219783,5.3643399295407095,0.870158024838181
411,125.0,122.5,,,,IFil,I,D,"Lenses at boundaries, some facets between.  FCso MFpc
3.2-15.5",3.5,15.5,417.5118269,,146.0,AM_20250409,,,
412,122.5,120.0,0.8,0.1,0.5,RGxf,1F,D,2-5,2.0,5.0,250.0,,146.0,AM_20250409,,,
413,120.0,118.0,,,,IFil,I,D,"Lenses at boundaries, some facets between FCso, MFpc
2.2-10",2.2,10.0,361.2755075,,146.0,AM_20250409,,,
414,118.0,93.0,1.0,0.8,0.3,RG,1F,D,23.8-77.5,23.8,77.5,326.0,,146.0,AM_20250409,,,
415,93.0,66.0,1.0,0.8,0.5,RG,P,D,27.8-108.6,27.8,108.6,391.0,,146.0,AM_20250409,,,
416,66.0,49.0,1.5,0.5,1.0,RG,1F,D,14.2-49.5,14.2,49.5,349.0,,146.0,AM_20250409,,,
417,49.0,10.0,4.0,1.0,2.0,FCxr,F,D,"DHxr
40.6-118.5",40.6,118.5,292.0,,146.0,AM_20250409,,,
418,10.0,0.0,6.0,1.0,2.0,DHxr,1F,D,"DHla
9.4-23.5",9.4,23.5,250.0,,146.0,AM_20250409,,,
421,84.0,67.0,1.0,0.3,0.5,DF,F,D,DFdc FCsf,15.200000000000005,21.5,141.4473684210526,20250213.0,84.0,CLPX_FASP8_20250213,26.110418292682926,0.9411907937062938,
422,67.0,63.0,0.8,0.1,0.5,RGwp,P,D,RGla,3.0,8.5,283.3333333333333,,84.0,CLPX_FASP8_20250213,,,
423,63.0,48.0,1.0,0.3,0.5,RGxf,F,D,,14.200000000000005,31.5,221.8309859154929,,84.0,CLPX_FASP8_20250213,,,
424,48.0,25.0,3.0,0.5,1.0,FCxr,F,D,"DHch Some cups, few striations",22.0,48.5,220.4545454545455,,84.0,CLPX_FASP8_20250213,,,
425,25.0,11.0,5.0,1.0,1.5,DHxr,1F,D,,14.6,41.5,284.24657534246575,,84.0,CLPX_FASP8_20250213,,,
426,11.0,0.0,8.0,1.0,2.0,DHla,4F,D,Possibly rounding,14.2,33.0,232.3943661971831,,84.0,CLPX_FASP8_20250213,,,
433,94.5,94.0,16.0,1.0,4.0,PPgp,F,D,,2.8,8.5,303.5714285714286,20250226.0,94.5,JPLMet_20250226,79.25078571428571,1.2232636571428572,
434,94.0,92.0,1.0,0.3,0.5,MFcr,K,D,MFcr MFpc,6.4,15.5,242.1875,,94.5,JPLMet_20250226,34.52632978723404,1.3406230283687943,
435,92.0,83.5,1.0,0.3,0.5,RG,4F,D,RGlr RGxf,13.6,32.5,238.9705882352941,,94.5,JPLMet_20250226,114.23512351778655,0.7864153111111112,
436,83.5,68.0,0.8,0.3,0.5,RG,1F,D,RGlr,8.0,21.5,268.75,,94.5,JPLMet_20250226,,,
437,68.0,60.0,1.0,0.3,0.5,RG,P,D,RGlr,3.2,12.0,375.0,,94.5,JPLMet_20250226,,,
438,60.0,57.0,1.0,0.5,0.8,MFcr,K,D,MFcr MFpc,18.2,49.5,271.978021978022,,94.5,JPLMet_20250226,,,
439,57.0,36.0,1.5,0.5,1.0,FCxr,F,D,Very rounded,24.4,62.0,254.0983606557377,,94.5,JPLMet_20250226,,,
440,36.0,12.0,4.0,1.0,1.5,DHxr,F,D,,11.4,35.5,311.4035087719298,,94.5,JPLMet_20250226,,,
441,12.0,0.0,6.0,1.0,2.0,DHxr,1F,D,,,,,,94.5,JPLMet_20250226,,,
445,105.0,104.5,2.0,0.5,1.0,SH,F,D,"SHcp
FCsf
Needles",,,,20250128.0,105.0,DHMet_20250128,0.981,0.05796106285714285,
446,104.5,94.0,1.0,0.3,0.5,FCsf,F,D,,11.599999999999994,15.5,133.62068965517247,,105.0,DHMet_20250128,55.49101020408163,0.8471109229931972,
447,94.0,78.0,1.5,0.5,1.0,RGxf,4F,D,,16.200000000000003,30.5,188.2716049382716,,105.0,DHMet_20250128,,,
448,78.0,66.0,1.5,0.5,1.0,RGxf,1F,D,,12.199999999999996,31.0,254.0983606557378,,105.0,DHMet_20250128,,,
449,66.0,49.0,2.0,0.5,1.0,FC,P,D,FCso,14.0,37.5,267.85714285714283,,105.0,DHMet_20250128,,,
450,49.0,21.0,6.0,2.0,4.0,DH,1F,D,"DHch
FCso
DHcp",27.6,74.0,268.1159420289855,,105.0,DHMet_20250128,,,
451,21.0,0.0,6.0,2.0,4.0,DHcp,1F,D,DHla DHch,19.0,50.5,265.7894736842105,,105.0,DHMet_20250128,,,
457,99.0,97.0,6.5,2.0,4.0,FC,F,D,Heavily striated,2.0,3.1,157.4,20241206.0,99.0,PLT1_20241206,9.809999999999999,0.37546999189463015,1.2783982791891557
458,97.0,85.0,3.0,1.0,1.5,FCxr,F,D,,12.0,21.9,182.5,,99.0,PLT1_20241206,219.67778925619834,5.0500175601131545,1.252055621438254
459,85.0,54.0,1.5,0.4,1.0,RGxf,4F,D,,31.0,62.0,199.9,,99.0,PLT1_20241206,,,
460,54.0,43.0,0.6,0.3,0.5,RG,1F,D,some faceted edges,,,292.1,,99.0,PLT1_20241206,,,
461,43.0,16.0,0.6,0.2,0.4,RG,1F,D,,,,336.0,,99.0,PLT1_20241206,,,
462,13.0,0.0,2.5,1.0,1.5,FCxr,4F,D,,,,342.9,,99.0,PLT1_20241206,,,
463,67.0,59.0,1.0,0.3,1.0,MFpc,F,W,some MFcl,,,,20250408.0,67.0,JPLMet_20250408_TS_1225,129.86196045918365,5.79726931588785,1.007452207837181
464,59.0,40.0,2.0,0.5,1.5,MFpc,P,M,some MFcl,,,,,67.0,JPLMet_20250408_TS_1225,,,
465,40.0,20.0,2.0,1.0,1.5,MFcl,4F,M,some RGlr,,,,,67.0,JPLMet_20250408_TS_1225,,,
466,20.0,0.0,3.0,1.0,2.0,MFcl,F,M,RGlr',,,,,67.0,JPLMet_20250408_TS_1225,,,
475,63.0,62.5,2.0,0.5,1.0,PPsd,F,D,,,,,20241230.0,63.0,FEFHQ_20241230,0.981,0.10496558857142857,
476,62.5,57.0,1.0,0.3,0.5,DF,F,D,DFbk Few PPgp,5.6,4.0,71.0,,63.0,FEFHQ_20241230,11.53757922077922,0.30461769142857137,
477,57.0,54.0,1.0,0.3,0.5,PPgp,1F,D,,3.8,5.0,132.0,,63.0,FEFHQ_20241230,54.936,,
478,54.0,37.0,1.0,0.3,0.5,RGxf,4F,D,,17.4,29.0,167.0,,63.0,FEFHQ_20241230,,,
479,37.0,18.0,1.5,0.5,1.0,DHpr,F,D,,16.8,37.5,223.0,,63.0,FEFHQ_20241230,,,
480,18.0,16.0,4.0,1.0,2.0,DHla,1F,D,Faceting crust? Comes out in clumps,4.2,9.5,226.0,,63.0,FEFHQ_20241230,,,
481,16.0,0.0,5.0,1.0,2.0,DHla,F,D,,13.8,29.5,214.0,,63.0,FEFHQ_20241230,,,
487,45.0,44.5,0.5,0.1,0.3,PPgp,F,D,Some very small plates,,,,20241210.0,45.0,JPLMet_20241210,0.981,0.03893828571428572,
488,44.5,39.0,0.7,0.3,0.5,DF,F,D,"DFbk
Stellars, plates",6.6,4.5,68.18181818181819,,45.0,JPLMet_20241210,7.6141,0.3224316327868852,
489,39.0,20.0,1.5,0.5,1.0,FC,F,D,,19.2,35.5,184.89583333333331,,45.0,JPLMet_20241210,,,
490,20.0,16.0,2.5,1.0,2.0,FC,1F,D,"Some cups, prisms, few striations",3.6,9.0,250.0,,45.0,JPLMet_20241210,,,
491,16.0,4.0,2.5,1.0,2.0,DHla,F,D,"Cups, striations, lots of clean prisms",9.6,18.0,187.5,,45.0,JPLMet_20241210,,,
492,4.0,0.0,3.0,1.5,2.0,DHla,1F,D,,4.6,10.5,228.2608695652174,,45.0,JPLMet_20241210,,,
499,42.0,41.5,2.0,0.5,1.0,SHxr,F,M,Some PPsd/DFbk,,,,20241204.0,42.0,JPLMet_20241204,0.981,,
500,41.5,21.0,1.5,0.5,1.0,FCxr,F,M,Some necks,21.0,35.5,169.04761904761904,,42.0,JPLMet_20241204,28.982526315789475,,
501,21.0,14.0,1.0,0.3,0.5,RGxf,4F,D,"Old surface, maybe MF faceting",7.0,11.5,164.28571428571428,,42.0,JPLMet_20241204,,,
502,14.0,0.0,3.0,1.0,2.0,DHpr,F,D,Some cups/striations,14.0,22.0,157.14285714285714,,42.0,JPLMet_20241204,,,
511,92.0,91.5,1.5,0.5,1.0,DF,F,D,"DFbk, FCsf secondary",,,,20250108.0,92.0,AM_20250108,0.981,0.10693782857142857,
512,91.5,88.0,1.5,0.5,1.0,DF,F,D,DFbk,4.200000000000003,3.0,71.42857142857137,,92.0,AM_20250108,42.31213163265306,1.073575118367347,
513,88.0,82.0,1.0,0.3,0.5,FC,F,D,FCso,6.200000000000003,8.5,137.09677419354833,,92.0,AM_20250108,29.09432525951558,0.7650045197149643,
514,82.0,62.0,0.5,0.1,0.3,RGxf,1F,D,,19.8,44.5,224.7474747474748,,92.0,AM_20250108,,,
515,62.0,50.0,0.5,0.1,0.3,RGxf,1F,D,,11.200000000000005,26.5,236.6071428571428,,92.0,AM_20250108,,,
516,50.0,28.0,3.0,1.0,2.0,FC,F,D,FCso,20.6,52.5,254.85436893203885,,92.0,AM_20250108,,,
517,28.0,0.0,4.0,1.0,2.0,DHcp,P,D,,26.2,94.5,360.6870229007634,,92.0,AM_20250108,,,
523,90.0,89.0,16.0,2.0,8.0,PPgp,F,D,DFdc,1.0,2.5,250.0,20250226.0,90.0,SLMet_20250226,48.2902114113251,0.7575832957746479,
524,89.0,86.5,1.0,0.3,0.5,MFcr,K,D,MFcr,2.0,5.5,275.0,,90.0,SLMet_20250226,50.863848979591836,1.5502832091428567,
525,86.5,75.0,0.8,0.1,0.3,RG,1F,D,RGlr DFdc,10.2,19.5,191.1764705882353,,90.0,SLMet_20250226,35.066244294268145,1.0207268517241377,
526,75.0,64.0,1.0,0.3,0.5,RG,1F,D,RGsr,10.0,21.5,215.0,,90.0,SLMet_20250226,,,
527,64.0,57.0,1.5,0.5,0.8,RGxf,1F,D,,8.0,20.5,256.25,,90.0,SLMet_20250226,,,
528,57.0,55.0,1.0,0.5,0.8,MFcr,K,D,MFcr MFpc,4.0,10.5,262.5,,90.0,SLMet_20250226,,,
529,55.0,31.0,2.0,0.5,1.0,FCxr,F,D,,20.0,56.0,280.0,,90.0,SLMet_20250226,,,
530,31.0,15.0,2.0,0.5,1.0,DHxr,4F,D,Old cups/striations,15.8,43.5,275.3164556962025,,90.0,SLMet_20250226,,,
531,15.0,0.0,4.0,1.0,2.0,DHxr,1F,D,,16.8,49.5,294.6428571428571,,90.0,SLMet_20250226,,,
535,39.0,38.5,1.0,0.3,0.5,FCsf,F,D,,,,,20241204.0,39.0,SLMet_20241204,0.981,0.07491662857142858,
536,38.5,33.5,1.0,0.3,0.5,FC,1F,D,"FCso
Needles Prisms",5.5,6.0,109.0909090909091,,39.0,SLMet_20241204,26.97478498168498,0.27445915454545455,
537,33.5,21.5,1.5,0.5,0.7,FC,4F,D,,12.0,22.0,183.33333333333331,,39.0,SLMet_20241204,,,
538,21.5,18.0,1.5,0.5,1.0,FCxr,1F,D,FCso,3.5,11.5,328.57142857142856,,39.0,SLMet_20241204,,,
539,18.0,6.0,2.5,1.0,2.0,FC,F,D,"FCso
Few striations",12.0,24.0,200.0,,39.0,SLMet_20241204,,,
540,6.0,0.0,4.0,1.0,2.0,MFcl,P,D,Some small patches of IFbi,8.0,12.5,156.25,,39.0,SLMet_20241204,,,
547,96.0,94.0,2.0,1.0,1.0,MFcl,F,N/O,liquid water present,,,,20250204.0,96.0,BMO_20250224,18.814513191489365,,
548,94.0,92.0,1.0,1.0,1.0,MFcl,F,N/O,liquid water present,,,,,96.0,BMO_20250224,20.710000000000004,,
549,92.0,68.0,0.5,0.3,0.3,RG,4F,N/O,,,,,,96.0,BMO_20250224,61.52496626031748,,
550,68.0,66.0,0.5,0.3,0.5,RG,4F,N/O,,,,,,96.0,BMO_20250224,,,
551,66.0,62.0,0.5,0.5,0.5,RG,4F,N/O,,,,,,96.0,BMO_20250224,,,
552,62.0,59.0,2.0,1.0,1.0,MFcr,1F,N/O,,,,,,96.0,BMO_20250224,,,
553,59.0,57.0,1.0,1.0,1.0,RG,F,N/O,,,,,,96.0,BMO_20250224,,,
554,57.0,54.0,4.0,2.0,3.0,MFcr,1F,N/O,,,,,,96.0,BMO_20250224,,,
555,54.0,52.0,3.0,1.0,2.0,RG,F,N/O,,,,,,96.0,BMO_20250224,,,
556,52.0,50.0,3.0,1.0,2.0,MFcr,1F,N/O,,,,,,96.0,BMO_20250224,,,
557,50.0,43.0,3.0,1.0,1.0,FCxr,F,N/O,,,,,,96.0,BMO_20250224,,,
558,43.0,25.0,4.0,2.0,3.0,FCxr,4F,N/O,,,,,,96.0,BMO_20250224,,,
559,25.0,0.0,3.0,1.0,2.0,FCxr,4F,N/O,,,,,,96.0,BMO_20250224,,,
563,100.0,99.5,1.0,0.3,0.5,FCsf,F,D,"Early SH, some DFbk",,,,20250115.0,100.0,FST_20250115,0.981,0.044652399999999995,
564,99.5,83.0,0.8,0.3,0.5,RGwp,F,D,RGwp DFdc,17.0,20.0,118.0,,100.0,FST_20250115,36.32277189370732,0.7673239548387096,
565,83.0,66.0,0.8,0.1,0.5,RG,4F,D,RGlr,14.799999999999995,33.0,220.0,,100.0,FST_20250115,,,
566,66.0,55.0,1.0,0.3,0.5,RG,1F,D,"RGlr Necks, bonds",11.599999999999994,30.0,259.0,,100.0,FST_20250115,,,
567,55.0,48.0,1.5,0.5,1.0,RGxf,P,D,,6.800000000000004,20.0,287.0,,100.0,FST_20250115,,,
568,48.0,30.0,2.0,0.5,1.0,FCxr,1F,D,,18.8,50.0,266.0,,100.0,FST_20250115,,,
569,30.0,0.0,2.5,1.0,2.0,DHxr,F,D,SOME DHch,28.6,74.0,257.0,,100.0,FST_20250115,,,
575,103.0,100.0,2.0,0.5,1.0,MFsl,F,W,,3.4,10.5,308.8235294117647,20230312.0,103.0,LFMet_20250312,22.236774881516588,0.6558441042654028,
576,100.0,96.0,2.0,0.5,1.0,MFcr,K,M,MFpc,4.8,12.5,260.4166666666667,,103.0,LFMet_20250312,49.31328736654804,0.8315155551601423,
577,96.0,79.0,1.0,0.3,0.5,FCxr,4F,M,,17.800000000000004,45.5,255.61797752808985,,103.0,LFMet_20250312,29.801281250000002,1.4393456129032258,
578,79.0,68.0,0.8,0.3,0.5,RG,1F,M,,9.0,27.0,300.0,,103.0,LFMet_20250312,,,
579,68.0,66.0,1.0,0.3,0.5,MFpc,P,M,,2.6000000000000014,8.5,326.92307692307674,,103.0,LFMet_20250312,,,
580,66.0,32.0,1.0,0.5,0.8,FCxr,F,M,,35.8,108.0,301.6759776536313,,103.0,LFMet_20250312,,,
581,32.0,18.0,3.0,0.5,1.0,FCxr,F,D,,15.6,42.0,269.2307692307692,,103.0,LFMet_20250312,,,
582,18.0,0.0,6.0,1.0,2.0,DHxr,1F,D,,12.0,31.5,262.5,,103.0,LFMet_20250312,,,
587,47.0,46.5,6.0,1.0,2.0,PPsd,F,D,Partly DFbk,,,,20241129.0,47.0,FEFHQ_20241129,0.981,,
588,46.5,24.0,2.0,0.5,1.0,DF,F,D,DFbk starting to facet,23.0,26.0,113.0,,47.0,FEFHQ_20241129,10.472655882352942,,
589,24.0,19.0,1.0,0.3,0.5,MFcl,4F,D,Faceting but small clusters,5.0,17.0,340.0,,47.0,FEFHQ_20241129,,,
590,19.0,0.0,4.0,1.0,2.0,DHcp,F,D,Sea salt,19.0,29.0,152.6,,47.0,FEFHQ_20241129,,,
599,72.0,71.5,1.0,0.1,0.5,FCsf,F,D,Could be some SHsu,,,,20241211.0,72.0,FST_20241211,0.981,0.06948742857142857,
600,71.5,61.0,1.0,0.3,0.5,DF,F,D,DFbk broken & decomposing,9.8,9.5,97.0,,72.0,FST_20241211,25.830652449324326,0.4205221535508637,
601,61.0,41.0,1.0,0.3,0.5,RG,F,D,RGlr some early facets,18.4,34.0,185.0,,72.0,FST_20241211,,,
602,41.0,35.0,1.5,0.5,1.0,RG,1F,D,RGlr,7.4,18.0,143.0,,72.0,FST_20241211,,,
603,35.0,13.0,1.5,0.5,1.0,FC,4F,D,FCso,22.2,53.5,241.0,,72.0,FST_20241211,,,
604,13.0,6.0,2.0,1.0,1.5,DHcp,F,D,,6.2,16.5,254.0,,72.0,FST_20241211,,,
605,6.0,0.0,3.0,1.0,2.0,DHcp,1F,D,,7.4,21.0,284.0,,72.0,FST_20241211,,,
611,92.5,92.0,2.0,0.1,0.25,PP,F,D,rain event,0.5,1.1,222.1,20250206.0,92.5,CCY_20250206,9.81,0.27879654285714284,0.31925078570800103
612,92.0,91.5,1.5,0.1,0.5,MFcr,1F,D,,0.5,1.1,301.249001525,,92.5,CCY_20250206,9.81,1.1956428,0.1732463053796678
613,91.5,83.5,1.0,0.1,0.25,DF,F,M,,8.0,22.4,280.2,,92.5,CCY_20250206,71.03409536541889,1.6470187932263816,0.8183890054316113
614,83.5,78.0,4.0,0.5,2.0,MFcr,P,M,Rounded grains,5.5,16.1,318.617262875,,92.5,CCY_20250206,,,
615,78.0,74.0,1.5,0.5,0.5,DF,4F,M,,4.0,11.2,278.8,,92.5,CCY_20250206,,,
616,74.0,67.0,1.5,0.5,1.0,MFcr,1F,M,Wet,7.0,18.0,332.769793075,,92.5,CCY_20250206,,,
617,67.0,61.0,0.5,0.1,0.25,MF,4F,W,Wet,6.0,15.8,264.1,,92.5,CCY_20250206,,,
618,61.0,58.0,0.5,0.1,0.25,MFcr,F,W,wet crystals,3.0,7.8,339.288132925,,92.5,CCY_20250206,,,
619,58.0,56.0,2.0,1.0,0.25,FC,F,W,,2.0,4.6,229.5,,92.5,CCY_20250206,,,
620,56.0,47.0,2.0,0.5,1.0,FC,P,W,"faceted wet melt forms, melted crust",9.0,22.5,249.8,,92.5,CCY_20250206,,,
621,47.0,37.0,2.0,0.25,1.0,FC,F,W,wet crystals,10.0,25.7,257.3,,92.5,CCY_20250206,,,
622,37.0,27.0,2.5,0.25,2.0,FC,F,M,,10.0,28.3,282.6,,92.5,CCY_20250206,,,
623,27.0,20.0,4.0,1.0,2.0,MFcr,P,W,"faceted crystals chains
layer between MFcr",7.0,20.1,341.767705625,,92.5,CCY_20250206,,,
624,20.0,15.0,2.5,1.0,2.0,FC,4F,W,melt forms,5.0,16.4,327.7,,92.5,CCY_20250206,,,
625,15.0,10.0,3.0,1.0,2.0,FC,F,M,melt forms,,,283.4,,92.5,CCY_20250206,,,
626,10.0,4.0,3.0,1.0,2.0,FC,F,M,,,,257.7,,92.5,CCY_20250206,,,
627,4.0,0.0,4.0,1.0,2.0,FC,F,W,,,,,,92.5,CCY_20250206,,,
628,185.0,155.0,0.8,0.1,0.5,DF,F,D,"DFdc
FCsf",29.2,55.5,190.06849315068493,20250407.0,185.0,FST_20250407,225.22978895547945,10.255410143475125,
629,155.0,153.0,1.0,0.3,0.5,MFcr,K,D,,1.8,5.5,305.55555555555554,,185.0,FST_20250407,,,
630,153.0,138.0,0.8,0.1,0.3,RG,1F,D,RGlr,16.4,46.5,283.5365853658537,,185.0,FST_20250407,,,
631,138.0,81.0,1.0,0.3,0.5,RG,P,D,RGlr,54.8,199.0,363.13868613138686,,185.0,FST_20250407,,,
632,81.0,47.0,2.0,0.8,1.5,FCxr,1F,D,,32.8,112.5,342.9878048780488,,185.0,FST_20250407,,,
633,47.0,32.0,3.0,1.0,1.5,FCxr,F,D,,14.4,43.5,302.0833333333333,,185.0,FST_20250407,,,
634,32.0,0.0,6.0,1.0,2.0,DHxr,4F,D,,29.8,96.0,322.1476510067114,,185.0,FST_20250407,,,
640,168.0,166.0,0.8,0.1,0.3,FCsf,F,D,SHxr DFdc PPgp,2.0,3.5,175.0,20250227.0,168.0,FST_20250227,5.559000000000001,0.13250815602836877,
641,166.0,160.0,0.8,0.1,0.5,DF,F,D,DFdc,4.0,4.0,100.0,,168.0,FST_20250227,106.86375534441807,1.7825219762470308,
642,160.0,145.0,0.8,0.1,0.3,RG,4F,D,RGsr,13.8,21.0,152.17391304347825,,168.0,FST_20250227,487.6689261744967,1.8412058095238095,
643,145.0,129.0,0.8,0.1,0.3,RG,1F,D,RGsr Visible necks Faint DFdc,14.8,29.0,195.94594594594597,,168.0,FST_20250227,,,
644,129.0,110.0,0.8,0.1,0.3,RG,1F,D,RGsr Starting to facet,18.4,40.5,220.10869565217396,,168.0,FST_20250227,,,
645,110.0,87.0,1.0,0.3,0.5,RG,P,D,RGlr,22.4,61.0,272.3214285714286,,168.0,FST_20250227,,,
646,87.0,62.0,1.5,0.5,1.0,FCxr,1F,D,,25.0,77.5,310.0,,168.0,FST_20250227,,,
647,62.0,43.0,2.0,0.5,1.0,FCxr,1F,D,,17.0,55.5,326.47058823529414,,168.0,FST_20250227,,,
648,43.0,22.0,2.5,0.5,2.0,FCxr,1F,D,Very round,21.2,56.5,266.5094339622641,,168.0,FST_20250227,,,
649,22.0,0.0,4.0,1.0,2.0,DHxr,1F,D,Large chains clumps,25.0,69.5,278.0,,168.0,FST_20250227,,,
652,37.0,35.0,2.5,0.8,1.5,MFcl,F,M,MFpc,4.4,10.5,238.63636363636363,20250415.0,37.0,JPLMet_20250415,91.92526595744681,5.102599319148936,
653,35.0,14.0,4.0,1.0,2.0,MFpc,K,D,MFcl,18.8,82.0,436.17021276595744,,37.0,JPLMet_20250415,,,
654,14.0,0.0,8.0,1.0,3.0,MFcl,4F,M,,13.0,50.0,384.61538461538464,,37.0,JPLMet_20250415,,,
664,130.0,128.0,1.0,0.3,0.5,MFcr,P,M,Well bonded,3.6,8.8,244.44444444444449,20250225.0,130.0,DHMet_20250225,52.08228723404255,0.913295324822695,
665,128.0,123.0,0.5,0.1,0.3,RGxf,F,D,,3.4,8.0,235.29411764705884,,130.0,DHMet_20250225,82.51393162393163,2.597844578917379,
666,123.0,121.0,0.5,0.1,0.3,MFcr,P,D,Crust,1.0,3.5,350.0,,130.0,DHMet_20250225,52.66207446808511,1.4021072056737591,
667,121.0,89.0,0.5,0.1,0.3,RG,1F,D,RGsr,33.6,74.5,221.72619047619045,,130.0,DHMet_20250225,,,
668,89.0,75.0,0.5,0.1,0.3,RG,P,D,RGsr,10.0,27.5,275.0,,130.0,DHMet_20250225,,,
669,75.0,72.0,1.0,0.5,0.8,MFcr,K,D,Well bonded,3.4,13.5,397.05882352941177,,130.0,DHMet_20250225,,,
670,72.0,40.0,2.0,0.5,1.0,FCxr,P,D,,32.6,107.0,328.22085889570553,,130.0,DHMet_20250225,,,
671,40.0,20.0,2.5,1.0,1.5,DHxr,1F,D,,18.8,51.5,273.93617021276594,,130.0,DHMet_20250225,,,
672,20.0,0.0,3.0,1.0,2.0,DHxr,K,D,,20.0,74.0,370.0,,130.0,DHMet_20250225,,,
676,61.0,54.0,2.0,0.6,1.5,PPrm,F,,some clean stellars.  ,7.0,10.0,142.85714285714286,20241213.0,61.0,BOG_20241213,51.68597963340122,2.805180749473684,
677,54.0,52.0,2.0,0.8,1.0,MFcr,1F,,"faceted edges, faceting",1.8,5.0,277.77777777777777,,61.0,BOG_20241213,,,
678,52.0,42.0,2.0,1.0,1.5,FCxr,F,,,,,,,61.0,BOG_20241213,,,
679,42.0,40.0,1.5,0.5,1.0,MFcr,4F,,"faceting, some opacity",,,,,61.0,BOG_20241213,,,
680,40.0,38.5,2.0,1.0,1.5,FC,F,,,,,,,61.0,BOG_20241213,,,
681,38.5,36.5,1.5,0.8,1.0,MFcr,4F,,heavily faceted,,,,,61.0,BOG_20241213,,,
682,36.5,34.5,1.5,0.5,1.0,FC,F,,some squares,,,,,61.0,BOG_20241213,,,
683,34.5,33.0,1.0,0.5,0.8,MFcr,1F,,faceting,,,,,61.0,BOG_20241213,,,
684,33.0,21.0,1.5,0.5,1.0,RGxf,4F,,heavily faceted,,,,,61.0,BOG_20241213,,,
685,21.0,20.0,1.0,0.3,0.5,MFcr,4F,,some 1F,,,,,61.0,BOG_20241213,,,
686,20.0,13.0,2.0,1.0,1.5,FC,4F,,early striations,,,,,61.0,BOG_20241213,,,
687,13.0,9.0,1.5,0.8,1.0,MFcr,1F,,,,,,,61.0,BOG_20241213,,,
688,9.0,0.0,2.0,0.8,1.0,FCxr,P,,,,,,,61.0,BOG_20241213,,,
689,70.0,69.5,2.0,0.5,1.0,SHxr,F,D,,,,,20241205.0,70.0,FST_20241205,0.981,0.0625165257142857,
690,69.5,53.0,0.5,0.1,0.3,RGxf,F,D,,17.0,21.0,123.52941176470588,,70.0,FST_20241205,16.648346227561706,1.8770296428927682,
691,53.0,40.0,0.5,0.1,0.3,RG,1F,D,RGla ,13.0,27.5,211.53846153846155,,70.0,FST_20241205,,,
692,40.0,37.0,0.5,0.1,0.3,RGxf,1F,D,,3.0,8.5,283.3333333333333,,70.0,FST_20241205,,,
693,37.0,23.0,1.0,0.3,0.5,FC,4F,D,FCso,14.0,30.0,214.28571428571428,,70.0,FST_20241205,,,
694,23.0,0.0,2.0,0.5,1.0,DHpr,4F,D,Prisms,23.0,63.0,273.9130434782609,,70.0,FST_20241205,,,
701,120.0,112.0,2.0,0.4,1.0,DF,F,D,,8.0,16.3,203.8,20241212.0,120.0,BDG_20241212,103.52036987522281,2.8701298217468802,4.5271356163485805
702,112.0,110.0,1.0,0.4,0.8,DF,F,D,Very rounded,2.0,4.4,222.1,,120.0,BDG_20241212,376.74574468085103,6.605340035460994,4.73747433859752
703,110.0,107.0,6.0,2.0,4.0,SH,F,D,fealthers and striations,3.0,6.9,229.9,,120.0,BDG_20241212,436.88327586206907,6.145406473933649,
704,107.0,94.0,0.5,1.0,1.5,FCxr,F,D,heavily rounded,13.0,32.4,249.0,,120.0,BDG_20241212,,,
705,94.0,93.0,0.4,0.6,1.0,RG,4F,D,previously facets,1.0,2.7,270.3,,120.0,BDG_20241212,,,
706,93.0,78.0,0.6,0.3,0.4,RG,4F,D,some faceted edges,14.6,40.5,277.3972602739726,,120.0,BDG_20241212,,,
707,78.0,74.0,1.0,0.3,0.7,MFcr,P,D,"well bonded, some faceted edges",5.8,18.0,326.48912968,,120.0,BDG_20241212,,,
708,74.0,51.0,0.8,0.2,0.4,RG,1F,D,,23.6,76.5,324.1525423728813,,120.0,BDG_20241212,,,
709,51.0,25.0,0.7,0.4,0.5,RG,1F,D,pencil at bottom of layer,26.0,88.3,339.7,,120.0,BDG_20241212,,,
710,25.0,23.0,1.5,0.4,0.7,MFcr,1F,D,some faceting,,,226.87707579,,120.0,BDG_20241212,,,
711,23.0,0.0,1.0,0.6,0.8,RG,1F,D,,,,386.1,,120.0,BDG_20241212,,,
712,95.0,94.0,1.0,0.3,0.5,MFpc,P,M,,1.8,4.5,250.0,20250204.0,95.0,DHMet_20250204,19.18476760563381,0.9684570234741784,
713,94.0,84.0,0.8,0.3,0.5,RG,1F,M,RGlr,9.0,22.5,250.0,,95.0,DHMet_20250204,39.73106049497396,1.1255089956076134,
714,84.0,65.0,1.0,0.3,0.5,FCxr,4F,M,,17.8,44.0,247.19101123595505,,95.0,DHMet_20250204,,,
715,65.0,46.0,1.5,0.5,1.0,RG,1F,M,RGlr,18.6,52.5,282.258064516129,,95.0,DHMet_20250204,,,
716,46.0,40.0,1.5,0.5,1.0,FCxr,P,M,,8.0,26.5,331.25,,95.0,DHMet_20250204,,,
717,40.0,24.0,2.0,0.5,1.0,FCxr,1F,M,,14.8,44.0,297.2972972972973,,95.0,DHMet_20250204,,,
718,24.0,0.0,4.0,1.0,2.0,DHxr,1F,M,,24.0,70.0,291.6666666666667,,95.0,DHMet_20250204,,,
724,46.0,45.5,0.5,0.1,0.3,DF,F,D,"DFbk
Some FCsf starting",,,,20241216.0,46.0,FEFHQ_20241216,0.981,,
725,45.5,39.0,0.5,0.1,0.3,RGwp,4F,D,Some DFbk,6.6,8.5,129.0,,46.0,FEFHQ_20241216,8.454871937086093,,
726,39.0,20.0,2.0,0.5,1.0,DHpr,F,D,Early cups/striations,18.0,34.5,192.0,,46.0,FEFHQ_20241216,,,
727,20.0,17.0,3.0,1.0,2.0,DHcp,1F,D,Possible old surface MFcl?,4.0,9.5,238.0,,46.0,FEFHQ_20241216,,,
728,17.0,0.0,6.0,1.0,2.0,DHla,F,D,Textbook DH,12.4,21.5,173.0,,46.0,FEFHQ_20241216,,,
736,105.0,104.5,1.0,0.3,0.5,FCsf,F,D,RR Crust,,,,20250130.0,105.0,AM_20250130,0.981,0.05702717714285714,
737,104.5,95.0,0.8,0.1,0.3,FCsf,F,D,,11.0,18.5,168.1818181818182,,105.0,AM_20250130,39.02754039141973,0.8521336421052631,
738,95.0,79.0,1.0,0.3,0.5,RGxf,F,D,,13.199999999999989,28.0,212.1212121212123,,105.0,AM_20250130,,,
739,79.0,63.0,1.0,0.3,0.5,RGxf,1F,D,,18.40000000000001,54.0,293.47826086956513,,105.0,AM_20250130,,,
740,63.0,53.0,1.5,0.5,1.0,RGxf,1F,D,,8.799999999999997,24.5,278.409090909091,,105.0,AM_20250130,,,
741,53.0,33.0,2.5,0.5,1.0,FCxr,4F,D,,20.000000000000004,54.0,269.99999999999994,,105.0,AM_20250130,,,
742,33.0,19.0,4.0,1.0,2.0,DHxr,F,D,,15.0,43.0,286.6666666666667,,105.0,AM_20250130,,,
743,19.0,0.0,6.0,1.0,2.0,DHxr,1F,D,,14.2,39.5,278.16901408450707,,105.0,AM_20250130,,,
748,154.0,152.0,0.5,0.1,0.3,FCsf,F,D,DFbk RR Crust,1.4000000000000057,3.0,214.28571428571345,20250306.0,154.0,AM_20250306,10.403702127659576,0.3643410468085106,
749,152.0,133.5,1.0,0.1,0.5,DF,4F,D,DFdc FCsf,20.200000000000017,31.5,155.9405940594058,,154.0,AM_20250306,107.4350229942726,2.4638381086206893,
750,133.5,109.0,0.8,0.3,0.5,RG,4F,D,RGlr,24.0,59.5,247.91666666666663,,154.0,AM_20250306,,,
751,109.0,93.0,1.5,0.3,0.8,RG,1F,D,RGlr,13.599999999999994,41.5,305.1470588235296,,154.0,AM_20250306,,,
752,93.0,82.0,1.5,0.3,0.8,RG,P,D,RGlr,10.799999999999995,37.0,342.59259259259267,,154.0,AM_20250306,,,
753,82.0,52.0,1.5,0.5,1.0,FCxr,1F,D,Visible bonds and necks,30.6,95.5,312.09150326797385,,154.0,AM_20250306,,,
754,52.0,28.0,4.0,0.5,1.0,DHxr,F,D,,19.8,57.5,290.4040404040404,,154.0,AM_20250306,,,
755,28.0,0.0,4.0,1.0,2.0,DHxr,4F,D,,29.8,90.0,302.0134228187919,,154.0,AM_20250306,,,
760,71.0,70.0,2.5,1.0,2.0,DF,F,D,"DFbk, BKN PPsd, SHcp (1-0.5)",,,,20241218.0,71.0,AM_20241218,1.043176056338028,0.07102904225352111,
761,70.0,50.0,2.0,0.5,1.0,DF,F,D,"DFbk, more BKN, bottom 5 cm 4F",20.800000000000004,25.0,120.19230769230766,,71.0,AM_20241218,19.8759796875,0.48265783529411765,
762,50.0,27.0,1.5,0.5,1.0,FC,4F,D,FCso,22.4,49.5,220.9821428571429,,71.0,AM_20241218,,,
763,27.0,0.0,4.0,1.0,2.0,DHla,F,D,,30.0,59.5,198.33333333333331,,71.0,AM_20241218,,,
772,51.0,50.5,8.0,1.0,2.0,PPsd,F,D,Starting to DF,,,,20241129.0,51.0,SLMet_20241129,0.981,0.0922330857142857,
773,50.5,43.0,1.0,0.3,0.5,DF,F,D,DFbk,8.0,10.0,125.0,,51.0,SLMet_20241129,9.432583573487031,0.43618913000000004,
774,43.0,25.0,0.5,0.1,0.3,DF,4F,D,DFbk,18.0,25.0,138.88888888888889,,51.0,SLMet_20241129,,,
775,25.0,21.0,0.5,0.1,0.3,MFcl,1F,D,Starting to facet. Intermittent crust,4.0,14.0,350.0,,51.0,SLMet_20241129,,,
776,21.0,0.0,2.0,0.5,1.0,FC,F,D,Faint cups/striations,21.0,35.0,166.66666666666666,,51.0,SLMet_20241129,,,
784,71.0,70.5,0.8,0.1,0.5,PP,F,D,PPir PPgp,,,,20250114.0,71.0,FEFHQ_20250114,0.981,0.05329796571428571,
785,70.5,58.0,0.8,0.1,0.5,DF,F,D,DFdc,11.0,16.0,145.45454545454547,,71.0,FEFHQ_20250114,14.935835972850679,0.5602297483443708,
786,58.0,43.0,1.0,0.5,0.8,FC,4F,D,FCso,15.0,34.0,226.66666666666663,,71.0,FEFHQ_20250114,,,
787,43.0,21.0,2.0,0.5,1.0,FC,4F,D,"FCso Early DHcp								
								",24.6,55.5,225.60975609756096,,71.0,FEFHQ_20250114,,,
788,21.0,0.0,4.0,1.0,1.5,DHcp,F,D,DHch,18.2,42.0,230.7692307692308,,71.0,FEFHQ_20250114,,,
796,76.0,74.0,1.0,0.5,1,FCsf,F,N/O,,3.0,2.5,83.33333333,20250120.0,76.0,TPO_20250120,3.773255319148936,0.13977793262411348,
797,74.0,55.0,1.0,1.0,1,FC,F,N/O,,17.8,31.0,174.1573034,,76.0,TPO_20250120,43.65932459016393,1.547857802919708,
798,55.0,37.0,1.0,0.5,1,FC,4F,N/O,,18.0,49.0,272.2222222,,76.0,TPO_20250120,,,
799,37.0,22.0,1.0,1.0,1,FC,4F,N/O,slightly harder than layer above,14.6,41.0,280.8219178,,76.0,TPO_20250120,,,
800,22.0,9.0,4.0,2.0,2,FC,F,N/O,,13.8,27.0,195.6521739,,76.0,TPO_20250120,,,
801,9.0,0.0,6.0,3.0,4,FC,F,N/O,,,,,,76.0,TPO_20250120,,,
802,170.0,169.0,8.0,2.0,6.0,SH,F,D,some 1mm graupel,22.8,30.0,131.57894736842104,20241219.0,170.0,BDG_20241219,4.048352112676056,0.21154216901408446,0.17850573599003733
803,169.0,167.0,0.7,0.2,0.5,MFcr,F,D,,6.4,11.0,277.11997284,,170.0,BDG_20241219,19.903515957446814,0.38939520567375885,0.3229588061513746
804,167.0,147.0,1.5,0.8,1.0,DF,F,D,"some intact columns, remnants of plates, stellars",16.0,32.5,203.125,,170.0,BDG_20241219,204.10339570164348,5.054837777388256,1.427253328555493
805,147.0,139.0,1.5,0.5,1.0,DF,F,D,"very rounded, 4F @ bottom, 12/12 interface",16.4,34.0,207.31707317073173,,170.0,BDG_20241219,,,
806,139.0,120.0,1.0,0.3,0.5,DF,F,D,secondary rounds,19.0,47.5,249.9,,170.0,BDG_20241219,,,
807,120.0,103.0,1.0,0.4,0.7,DF,F,D,"rounding, some striations still present, largest 18mm",17.0,45.7,269.1,,170.0,BDG_20241219,,,
808,103.0,101.5,6.0,3.0,4.0,SH,F,D,,,,254.7,,170.0,BDG_20241219,,,
809,101.5,88.0,1.0,0.4,0.5,RG,4F,D,some faceted edges,,,267.5,,170.0,BDG_20241219,,,
810,88.0,75.0,1.0,0.5,0.7,RG,1F,D,faceting,,,299.8,,170.0,BDG_20241219,,,
811,75.0,72.0,1.0,0.5,0.8,MFcr,P,D,,,,321.06378883,,170.0,BDG_20241219,,,
812,72.0,56.0,0.8,0.4,0.5,RG,1F,D,evidence of previous faceting,,,331.9,,170.0,BDG_20241219,,,
813,56.0,33.0,1.0,0.3,0.5,RG,1F,D,,,,345.4,,170.0,BDG_20241219,,,
814,33.0,26.0,0.8,0.4,0.5,RG,P,D,,,,344.0,,170.0,BDG_20241219,,,
815,26.0,24.0,0.8,0.3,0.5,MF,P,D,Faceted,,,349.7,,170.0,BDG_20241219,,,
816,24.0,0.0,1.0,0.4,0.8,RG,P,D,,,,364.2,,170.0,BDG_20241219,,,
817,94.0,92.0,1.0,0.3,0.6,DF,F,D,,2.0,4.6,229.1,20241210.0,94.0,FRE_20241210,10.446606382978727,,0.26084793223033564
818,92.0,85.0,2.0,0.7,1.0,FCxr,F,D,,7.0,17.2,245.8,,94.0,FRE_20241210,131.0039587576375,,1.1306836280374593
819,85.0,68.0,2.5,1.0,2.0,FC,F,D,,17.0,44.4,261.2,,94.0,FRE_20241210,,,
820,68.0,67.0,2.0,0.7,1.0,FC,F,D,,1.0,2.6,261.3,,94.0,FRE_20241210,,,
821,67.0,65.5,1.0,0.4,0.6,MFcr,1F,D,Faceting above + below,1.5,3.9,294.6326166,,94.0,FRE_20241210,,,
822,65.5,42.0,1.0,0.4,0.5,RGxf,4F,D,"Max sized grains more faceted, HH closwer to 1F at the bottom",23.5,72.2,307.3,,94.0,FRE_20241210,,,
823,42.0,36.0,0.8,0.3,0.5,RG,1F,D,,6.0,19.8,329.3,,94.0,FRE_20241210,,,
824,36.0,15.0,1.0,0.5,0.6,RG,1F,D,,21.0,68.0,323.9,,94.0,FRE_20241210,,,
825,15.0,0.0,1.5,0.5,1.0,FC,4F,D,,,,359.5,,94.0,FRE_20241210,,,
826,123.0,118.0,2.0,0.5,1.0,MFcr,K,D,MFcr MFpc FCsf,3.799999999999997,11.0,289.4736842105265,20250312.0,123.0,DHMet_20250312,97.45228846153849,,
827,118.0,113.0,0.8,0.3,0.5,FC,F,D,Fcso,3.4000000000000057,8.0,235.29411764705844,,123.0,DHMet_20250312,69.09380262741374,,
828,113.0,109.0,1.0,0.3,0.5,MFcr,K,D,MFcr MFpc,5.399999999999992,19.5,361.11111111111165,,123.0,DHMet_20250312,63.485328947368416,,
829,109.0,97.0,0.8,0.3,0.5,RGxf,1F,D,,10.200000000000005,29.5,289.2156862745097,,123.0,DHMet_20250312,,,
830,97.0,80.0,1.0,0.3,0.5,RG,P,D,RGlr,16.799999999999997,48.5,288.69047619047626,,123.0,DHMet_20250312,,,
831,80.0,64.0,0.8,0.3,0.5,RG,4F,D,RGlr,16.200000000000003,47.5,293.2098765432098,,123.0,DHMet_20250312,,,
832,64.0,40.0,1.5,0.5,1.0,FCxr,1F,D,,25.0,74.0,296.0,,123.0,DHMet_20250312,,,
833,40.0,17.0,2.0,0.5,1.0,FCxr,F,D,,23.200000000000003,64.5,278.0172413793103,,123.0,DHMet_20250312,,,
834,17.0,0.0,4.0,0.5,2.0,DHxr,1F,D,,17.8,47.6,267.4157303370786,,123.0,DHMet_20250312,,,
838,70.0,66.0,0.5,0.1,0.3,PP,F,D,PPir PPnd PPsd PPgp,4.0,4.0,100.0,20250120.0,70.0,JPLMet_20250120,8.279151245551601,0.19514600711743768,
839,66.0,55.0,1.5,0.5,1.0,DF,F,D,"DFdc FCso Old FCsf?
Arms, plates",10.5,15.0,142.85714285714286,,70.0,JPLMet_20250120,20.875680000000006,0.7147591368421051,
840,55.0,36.0,1.0,0.3,0.5,RGxf,4F,D,Some FCso,19.0,42.5,223.68421052631575,,70.0,JPLMet_20250120,,,
841,36.0,18.0,1.5,0.5,1.0,FCxr,F,D,"Some DHxr, cups, striations",18.8,42.0,223.4042553191489,,70.0,JPLMet_20250120,,,
842,18.0,0.0,4.0,1.0,1.5,DHla,4F,D,,16.0,33.5,209.375,,70.0,JPLMet_20250120,,,
850,42.0,41.5,4.0,1.0,2.0,SHxr,F,D,,,,,20241204.0,42.0,FEFHQ_20241204,0.981,,
851,41.5,27.5,1.0,0.3,0.5,FCxr,4F,D,"Necks
Very DFbk remnants",14.5,23.5,162.0,,42.0,FEFHQ_20241204,9.0361,,
852,27.5,22.0,1.0,0.3,0.5,RGxf,1F,D,,5.5,13.5,245.0,,42.0,FEFHQ_20241204,,,
853,22.0,0.0,4.0,1.0,2.0,DHpr,F,D,Some cups and striations,22.0,44.5,202.0,,42.0,FEFHQ_20241204,,,
862,76.0,68.0,2.0,0.5,1.0,DF,F,D,DFbk PPsd,7.8,6.5,83.33333333333333,20250212.0,76.0,JPLMet_20250212,72.47944435160427,,
863,68.0,60.0,0.5,0.1,0.3,FCsf,F,D,Rounding,6.0,8.0,133.33333333333334,,76.0,JPLMet_20250212,,,
864,60.0,57.0,0.5,0.1,0.3,MFcr,K,D,MFcr MFpc Big clumps,3.4,13.0,382.3529411764706,,76.0,JPLMet_20250212,,,
865,57.0,33.0,1.0,0.3,0.5,FCxr,F,D,,23.2,53.0,228.44827586206895,,76.0,JPLMet_20250212,,,
866,33.0,15.0,3.0,0.5,1.0,DHxr,F,D,DHch,19.0,43.5,228.94736842105263,,76.0,JPLMet_20250212,,,
867,15.0,0.0,6.0,1.0,2.0,DHxr,F,D,,14.6,35.5,243.15068493150685,,76.0,JPLMet_20250212,,,
874,99.0,97.0,6.5,2.0,4.0,FC,F,D,Heavily striated,,,,20241206.0,99.0,PLT_20241206,,,
875,97.0,85.0,3.0,1.0,1.5,FCxr,F,D,,,,,,99.0,PLT_20241206,,,
876,85.0,54.0,1.5,0.4,1.0,RGxf,4F,D,,,,,,99.0,PLT_20241206,,,
877,54.0,43.0,0.6,0.3,0.5,RG,1F,D,some faceted edges,,,,,99.0,PLT_20241206,,,
878,43.0,16.0,0.6,0.2,0.4,RG,1F,D,,,,,,99.0,PLT_20241206,,,
879,13.0,0.0,2.5,1.0,1.5,FCxr,4F,D,,,,,,99.0,PLT_20241206,,,
880,46.0,30.0,4.0,1.0,2.0,MFpc,P,D,FCsf,16.8,55.0,330.0,20250430.0,46.0,LFMet_20250430,52.61139404296875,8.529831683236992,
881,30.0,0.0,2.0,1.0,0.5,MFcl,F,M,,30.2,76.0,250.0,,46.0,LFMet_20250430,,,
892,102.0,97.0,2.0,0.5,1.0,PPsd,F,D,,4.0,2.0,50.0,20250305.0,102.0,SLMet_20250305,58.78453846153847,,
893,97.0,89.0,0.8,0.1,0.5,DF,F,M,DFdc,8.0,9.5,118.75,,102.0,SLMet_20250305,59.164397121951225,,
894,89.0,86.0,1.0,0.3,0.5,MFcr,K,D,MFcr MFpc,3.6,6.5,180.55555555555557,,102.0,SLMet_20250305,,,
895,86.0,58.0,0.8,0.3,0.5,RG,4F,D,RGlr,28.4,73.5,258.80281690140845,,102.0,SLMet_20250305,,,
896,58.0,56.0,1.5,0.5,0.8,MFcr,K,D,"MFcr Frozen pooling MFpc								
								",3.0,8.5,283.3333333333333,,102.0,SLMet_20250305,,,
897,56.0,33.0,1.5,0.5,1.0,FCxr,F,D,,17.2,42.5,247.093023255814,,102.0,SLMet_20250305,,,
898,33.0,13.0,2.5,0.5,1.0,DHxr,4F,D,,22.8,68.5,300.43859649122805,,102.0,SLMet_20250305,,,
899,13.0,0.0,4.0,0.5,1.0,DHxr,1F,D,,13.6,36.5,268.38235294117646,,102.0,SLMet_20250305,,,
904,65.0,62.0,1.5,0.5,1.0,MFcr,P,M,,3.4,8.5,250.0,20250204.0,65.0,SLMet_20250204,10.45198933649289,0.16591381042654027,
905,62.0,46.0,1.0,0.5,0.8,MFcl,4F,M,,14.4,32.5,225.69444444444443,,65.0,SLMet_20250204,32.476263157894735,2.790949407407407,
906,46.0,27.0,1.0,0.5,0.8,RG,4F,M,"RGlr
Some bonds visible",19.8,54.5,275.25252525252523,,65.0,SLMet_20250204,,,
907,27.0,0.0,2.5,0.5,1.0,DHxr,F,M,very rounded,26.4,71.5,270.83333333333337,,65.0,SLMet_20250204,,,
916,97.0,96.5,0.8,0.3,0.5,PP,F,D,PPpl PPgp,,,,20250114.0,97.0,DHMet_20250114,0.981,0.06304836571428571,
917,96.5,84.0,1.0,0.3,0.5,DF,F,D,DFbk FCsf,9.600000000000009,9.0,93.74999999999991,,97.0,DHMet_20250114,39.65959753561802,1.2403873564979482,
918,84.0,72.0,1.0,0.3,0.5,RGxf,4F,D,DFdc,12.599999999999994,21.0,166.66666666666674,,97.0,DHMet_20250114,,,
919,72.0,56.0,1.0,0.5,0.8,RG,1F,D,RGlr,15.400000000000006,38.5,249.99999999999991,,97.0,DHMet_20250114,,,
920,56.0,42.0,1.5,0.5,1.0,RG,P,D,RGlr,19.2,55.0,286.45833333333337,,97.0,DHMet_20250114,,,
921,42.0,22.0,2.0,0.5,1.0,FCxr,4F,D,,15.0,41.0,273.3333333333333,,97.0,DHMet_20250114,,,
922,22.0,5.0,2.0,0.8,1.0,FCxr,1F,D,,19.8,56.5,285.35353535353534,,97.0,DHMet_20250114,,,
923,5.0,0.0,1.5,0.5,1.0,MFcl,K,D,,5.8,15.5,267.2413793103448,,97.0,DHMet_20250114,,,
928,213.0,204.0,2.0,0.8,1.0,DF,F,D,,8.0,6.0,75.0,20250115.0,213.0,BDG_20250115,82.12959984152138,2.3898572282091917,0.6685546540923438
929,204.0,190.0,0.2,0.1,0.1,RGsr,F,D,,10.0,13.0,130.0,,213.0,BDG_20250115,470.93835317460315,12.025256993883794,2.120295215781069
930,190.0,189.0,10.0,2.0,6.0,SH,F,D,rounding,1.0,2.6,262.9,,213.0,BDG_20250115,,,
931,189.0,174.0,0.5,0.1,0.3,RG,4F,D,,15.5,33.3,214.83870967741933,,213.0,BDG_20250115,,,
932,174.0,172.0,0.8,0.4,0.5,MFcr,1F,D,,1.8,5.5,301.13791418,,213.0,BDG_20250115,,,
933,172.0,151.0,0.6,0.2,0.3,RGxf,4F,D,"more faceted at bottom, grauppel 162, 1F at bottom",19.2,49.0,255.20833333333337,,213.0,BDG_20250115,,,
934,151.0,99.0,1.0,0.2,0.4,RGxf,1F,D,,52.0,171.7,330.1,,213.0,BDG_20250115,,,
935,99.0,80.0,0.7,0.2,0.4,RG,1F,D,,,,344.6,,213.0,BDG_20250115,,,
936,80.0,79.0,2.0,1.0,1.5,SHxr,F,D,lot of rounds,,,335.0,,213.0,BDG_20250115,,,
937,79.0,60.0,1.0,0.3,0.5,RG,1F,D,some faceted edges,,,348.6,,213.0,BDG_20250115,,,
938,60.0,56.0,1.0,0.3,0.5,MFcr,1F,D,some faceted edges,,,332.84159482,,213.0,BDG_20250115,,,
939,56.0,41.0,0.5,0.3,0.4,RG,P,D,,,,,,213.0,BDG_20250115,,,
940,41.0,18.0,0.7,0.2,0.4,RG,P,D,square edges,,,,,213.0,BDG_20250115,,,
941,18.0,0.0,0.6,0.4,0.5,RG,P,D,,,,,,213.0,BDG_20250115,,,
942,107.0,105.0,1.0,0.3,0.5,DF,F,M,DFdc PPsd PPgp FCsf,1.6,2.5,156.25,20250306.0,107.0,FEFHQ_20250306,36.80180942339166,3.79244039716312,
943,105.0,97.0,0.8,0.3,0.5,DF,4F,M,DFdc FCsf,7.4,14.5,195.94594594594597,,107.0,FEFHQ_20250306,50.98961631054353,1.3075367771836006,
944,97.0,94.0,1.5,0.5,1.0,MFcr,K,D,MFcr MFpc,4.8,12.0,250.0,,107.0,FEFHQ_20250306,,13.691936875,
945,94.0,75.0,1.0,0.3,0.5,RG,4F,M,RGlr Necks,17.2,48.0,279.06976744186045,,107.0,FEFHQ_20250306,,,
946,75.0,67.0,1.5,0.5,1.0,RG,1F,D,RGlr,5.6,20.0,357.1428571428572,,107.0,FEFHQ_20250306,,,
947,67.0,65.0,1.5,0.5,1.0,MFcr,P,D,MFcr MFpc,3.0,10.0,333.3333333333333,,107.0,FEFHQ_20250306,,,
948,65.0,37.0,1.5,0.8,1.0,FCxr,F,D,,28.8,75.5,262.15277777777777,,107.0,FEFHQ_20250306,,,
949,37.0,20.0,2.5,1.0,1.5,DHxr,F,D,,16.0,40.0,250.0,,107.0,FEFHQ_20250306,,,
950,20.0,0.0,6.0,1.0,2.0,DHxr,4F,D,,15.0,40.5,270.0,,107.0,FEFHQ_20250306,,,
954,68.0,62.0,2.0,0.5,1.0,MFcr,K,D,MFpc,,,366.6167755333333,20250408.0,68.0,JPLMet_20250408_TS_0930,373.79611548387845,10.01326181472684,3.223924706623386
955,62.0,47.0,1.5,0.5,1.0,MFpc,P,D,MFcl,,,,,68.0,JPLMet_20250408_TS_0930,,,
956,47.0,39.0,1.0,0.3,0.8,MFcl,1F,D,RGlr,,,,,68.0,JPLMet_20250408_TS_0930,,,
957,39.0,22.0,1.5,0.5,1.0,RGlr,4F,M,MFcl,,,,,68.0,JPLMet_20250408_TS_0930,,,
958,22.0,0.0,2.0,0.5,1.0,RGlr,F,M,MFcl,,,,,68.0,JPLMet_20250408_TS_0930,,,
966,46.0,45.5,2.0,0.5,1.0,PP,F,D,"PPgp, PPsd",,,,20241226.0,46.0,SLMet_20241226,0.981,0.07658918095238094,
967,45.5,37.0,1.0,0.3,0.5,DF,F,D,DFdc,8.2,10.0,121.95121951219514,,46.0,SLMet_20241226,21.992743902439024,0.42932780829756795,
968,37.0,34.0,0.7,0.3,0.5,RG,4F,D,"RGla, Pine needles in layer",3.0,6.5,216.66666666666663,,46.0,SLMet_20241226,,,
969,34.0,16.0,2.0,0.5,1.0,FC,F,D,FCso,17.0,37.0,217.64705882352945,,46.0,SLMet_20241226,,,
970,16.0,6.0,4.0,1.0,2.0,DHla,F,D,,11.0,25.5,231.8181818181818,,46.0,SLMet_20241226,,,
971,6.0,0.0,2.0,1.0,1.5,MF,1F,D,MFpc,6.0,18.5,308.3333333333333,,46.0,SLMet_20241226,,,
978,85.0,81.0,2.0,0.5,1.0,MFsl,F,W,,3.0,7.5,250.0,20250313.0,85.0,JPLMet_20250313,77.46020996441283,,
979,81.0,77.0,2.0,0.5,1.0,MFcr,K,M,MFcr MFpc,4.2,15.0,357.1428571428571,,85.0,JPLMet_20250313,69.66897750937109,,
980,77.0,69.0,1.0,0.3,0.8,MFcl,1F,M,,7.6,21.5,282.89473684210526,,85.0,JPLMet_20250313,,,
981,69.0,67.0,,,,IFil,I,D,IFil,,,,,85.0,JPLMet_20250313,,,
982,67.0,53.0,1.0,0.3,0.5,RG,P,M,RGlr,13.0,39.5,303.84615384615387,,85.0,JPLMet_20250313,,,
983,53.0,50.0,,,,IFil,I,D,IFil MFpc,,,,,85.0,JPLMet_20250313,,,
984,50.0,23.0,1.5,0.5,1.0,FCxr,F,D,,26.0,72.0,276.9230769230769,,85.0,JPLMet_20250313,,,
985,23.0,0.0,3.0,1.0,2.0,DHxr,F,D,,23.8,52.6,221.0084033613445,,85.0,JPLMet_20250313,,,
990,88.0,86.0,0.8,0.3,0.5,MFcl,4F,M,Can see water when smeared,,,,CO,88.0,SLMet_20250225,24.57370212765958,0.5444719858156029,
991,86.0,79.0,0.8,0.1,0.3,RG,P,M,RGsr,3.6,12.5,347.22222222222223,,88.0,SLMet_20250225,52.18375,1.3187795112016292,
992,79.0,56.0,1.0,0.3,0.5,RG,P,M,RGlr,5.6,13.5,241.07142857142856,,88.0,SLMet_20250225,,,
993,56.0,53.0,1.0,0.3,0.5,MFcr,K,D,Crust,21.8,51.5,236.2385321100917,,88.0,SLMet_20250225,,,
994,53.0,34.0,1.5,0.5,1.0,FCxr,4F,D,,20.8,59.5,286.0576923076923,,88.0,SLMet_20250225,,,
995,34.0,10.0,2.0,0.5,1.0,FCxr,1F,D,,23.0,71.0,308.69565217391306,,88.0,SLMet_20250225,,,
996,10.0,0.0,3.0,1.0,2.0,DHxr,4F,D,,10.4,33.0,317.3076923076923,,88.0,SLMet_20250225,,,
1002,70.5,64.0,2.0,0.5,1.0,MFpc,P,M,MFcl,,,,20250408.0,70.5,JPLMet_20250408_TS_1022,311.0199954288315,8.365671115018314,2.1951956369693306
1003,64.0,44.0,2.0,0.5,1.0,MFpc,P,D,Mfcl,,,,,70.5,JPLMet_20250408_TS_1022,,,
1004,44.0,21.0,2.0,0.5,1.0,MFcl,4F,M,RGlr,,,,,70.5,JPLMet_20250408_TS_1022,,,
1005,21.0,0.0,2.5,0.5,1.5,MFcl,F,M,RGlr,,,,,70.5,JPLMet_20250408_TS_1022,,,
1014,95.0,94.0,1.0,0.3,0.5,MFcl,F,D,,,,,20250205.0,95.0,FST_20250205,12.732274647887325,0.5976021408450705,
1015,94.0,68.0,0.8,0.3,0.5,RG,1F,D,RGlr,25.4,63.5,250.0,,95.0,FST_20250205,32.8180055957867,0.764407719376392,
1016,68.0,47.0,1.0,0.3,0.5,FCxr,1F,D,,22.4,59.5,265.625,,95.0,FST_20250205,,,
1017,47.0,28.0,2.0,0.5,1.0,FCxr,4F,D,,21.2,54.0,254.7169811320755,,95.0,FST_20250205,,,
1018,28.0,8.0,2.0,0.5,1.0,DHxr,F,D,,16.4,45.0,274.39024390243907,,95.0,FST_20250205,,,
1019,8.0,0.0,2.0,0.5,1.0,DHxr,P,D,,5.0,11.0,220.0,,95.0,FST_20250205,,,
1026,65.0,57.0,2.0,0.5,1.5,MFpc,F,W,1,,,,20250408.0,65.0,JPLMet_20250408_TS_1420,118.14810306122448,2.3206858329764453,1.0141282779071867
1027,57.0,41.0,1.5,0.5,1.0,MFpc,P,W,MFcl,,,,,65.0,JPLMet_20250408_TS_1420,,,
1028,41.0,27.0,1.5,0.5,1.0,MFcl,1F,M,,,,,,65.0,JPLMet_20250408_TS_1420,,,
1029,27.0,0.0,2.5,1.0,1.5,MFcl,F,W,,,,,,65.0,JPLMet_20250408_TS_1420,,,
1038,65.0,64.5,0.5,0.1,0.3,PPsd,F,D,PPgp few needles and plates,,,,20250109.0,65.0,JPLMet_20250109,0.981,0.039004765714285704,
1039,64.5,50.0,1.0,0.3,0.5,DF,F,D,DFbk FCsf,11.8,15.0,127.1186440677966,,65.0,JPLMet_20250109,12.760704188481675,0.42907826145251393,
1040,50.0,35.0,0.8,0.1,0.5,RGxf,4F,D,,16.4,35.0,213.41463414634148,,65.0,JPLMet_20250109,,,
1041,35.0,15.0,2.5,1.0,1.5,DHpr,4F,D,Early cups,19.0,42.5,223.68421052631575,,65.0,JPLMet_20250109,,,
1042,15.0,0.0,6.0,1.0,2.0,DHla,F,D,DHch Clear striations and cupping,15.8,32.5,205.69620253164555,,65.0,JPLMet_20250109,,,
1050,73.0,72.5,0.5,0.1,0.3,FCsf,F,D,Rounding,,,,20250129.0,73.0,FEFHQ_20250129,0.981,0.07846539428571428,
1051,72.5,59.0,0.5,0.1,0.3,RGxf,F,D,,13.4,21.0,156.71641791044777,,73.0,FEFHQ_20250129,20.48419922630561,0.436032535064935,
1052,59.0,36.0,2.0,0.5,1.0,FCxr,F,D,Some cups/striations,22.0,46.5,211.3636363636364,,73.0,FEFHQ_20250129,,,
1053,36.0,15.0,4.0,1.0,2.0,DHxr,F,D,,20.4,47.5,232.843137254902,,73.0,FEFHQ_20250129,,,
1054,15.0,0.0,6.0,1.0,2.0,DHla,F,D,,16.4,35.5,216.46341463414635,,73.0,FEFHQ_20250129,,,
1062,27.0,22.0,3.0,1.0,2.0,PPsd,F,D,Clean elaborate stellars,,,,20241128.0,27.0,FCO_20241128,,0.5801666709677419,
1063,22.0,16.0,1.0,1.0,0.3,DF,F,D,Some faceting,,,,,27.0,FCO_20241128,,,
1064,16.0,15.0,1.0,1.0,0.3,MFcr,4F,D,"MFcr some MFpc
Easily disaggregates",,,,,27.0,FCO_20241128,,,
1065,15.0,9.0,1.0,1.0,1.0,FC,F,D,Small prisms. Solid very early cups,,,,,27.0,FCO_20241128,,,
1066,9.0,0.0,2.0,2.0,1.0,FC,F,D,Some cups striations,,,,,27.0,FCO_20241128,,,
1074,77.0,67.0,1.0,0.3,0.5,FCsf,F,D,,9.4,14.5,154.25531914893617,20250128.0,77.0,JPLMet_20250128,14.802378688524591,0.7889720959216967,
1075,67.0,59.0,1.0,0.3,0.5,FCxr,F,D,,8.0,13.5,168.75,,77.0,JPLMet_20250128,,,
1076,59.0,34.0,2.0,0.5,1.0,FC,4F,D,FCso,22.6,53.5,236.72566371681413,,77.0,JPLMet_20250128,,,
1077,34.0,14.0,6.0,2.0,4.0,DH,4F,D,DHch,19.8,44.5,224.74747474747477,,77.0,JPLMet_20250128,,,
1078,14.0,0.0,6.0,2.0,4.0,DHcp,1F,D,DHch,12.8,27.5,214.84375,,77.0,JPLMet_20250128,,,
1086,65.0,64.5,0.5,0.1,0.3,DF,F,D,"DFbk Some riming, some PPgp, PPsd",,,,20241210.0,65.0,DHMet_20241210,0.9816435131195336,0.07224555714285714,
1087,64.5,51.0,0.7,0.3,0.5,DF,F,D,"DFbk Clean, PPpl",16.800000000000004,12.5,74.40476190476188,,65.0,DHMet_20241210,20.721794776119403,0.6227275334821428,
1088,51.0,49.0,2.0,0.7,1.0,SH,F,D,"SHcp Striated cups, not DH",,,,,65.0,DHMet_20241210,,,
1089,49.0,31.0,1.5,0.5,1.0,FC,4F,D,FCso,16.4,33.0,201.219512195122,,65.0,DHMet_20241210,,,
1090,31.0,24.0,0.5,0.1,0.3,RG,1F,D,RGsr,6.800000000000004,18.5,272.0588235294116,,65.0,DHMet_20241210,,,
1091,24.0,6.0,3.0,1.0,1.5,DHpr,4F,D,,25.4,54.5,214.56692913385828,,65.0,DHMet_20241210,,,
1092,6.0,0.0,2.0,0.5,1.0,MFpc,P,D,Old DHla that melted. Well rounded some up to 4mm,5.0,17.0,340.0,,65.0,DHMet_20241210,,,
1098,285.0,284.0,0.2,1.0,1.5,MFcr,P,D,,1.0,2.7,299.35454663,20250312.0,285.0,FRE_20250312,221.58855633802813,,0.8452549615506149
1099,284.0,262.0,0.6,0.3,0.5,RG,4F,D,,22.0,51.5,234.2,,285.0,FRE_20250312,390.3512102530824,,1.7011622793805339
1100,262.0,260.0,8.0,0.4,0.7,MFcr,1F,D,,2.0,5.1,122.91300774,,285.0,FRE_20250312,826.5910638297872,,
1101,260.0,233.0,0.5,0.2,0.3,RG,1F,D,P@bottom,27.0,76.5,283.2,,285.0,FRE_20250312,,,
1102,233.0,232.0,,,,IFil,I,D,dicontinuous,1.0,3.0,34.61464185,,285.0,FRE_20250312,,,
1103,232.0,218.0,0.4,0.2,0.3,RG,4F,D,,14.0,42.4,302.7,,285.0,FRE_20250312,,,
1104,218.0,217.5,,,,IFil,I,D,discontinuous,0.5,1.6,0.0,,285.0,FRE_20250312,,,
1105,217.5,203.0,0.2,0.3,0.5,RG,1F,D,flow tubes,14.5,47.9,330.2,,285.0,FRE_20250312,,,
1106,203.0,202.0,,,,IFil,I,D,discontinunous ,1.0,3.4,143.56368674,,285.0,FRE_20250312,,,
1107,202.0,189.0,0.1,0.2,0.3,RG,1F,D,,13.0,44.4,341.6,,285.0,FRE_20250312,,,
1108,189.0,169.0,0.3,0.4,0.5,RGxf,1F,D,,20.0,68.8,343.9,,285.0,FRE_20250312,,,
1109,169.0,148.0,0.2,0.4,0.6,RGxf,P,D,,,,,,285.0,FRE_20250312,,,
1110,148.0,146.0,,,,IFil,I,D,discontinuous,,,0.0,,285.0,FRE_20250312,,,
1111,146.0,134.0,0.3,0.5,0.8,RG,1F,D,,,,,,285.0,FRE_20250312,,,
1112,134.0,133.5,0.3,0.5,1.0,MFcr,1F,D,,,,0.0,,285.0,FRE_20250312,,,
1113,133.5,108.0,0.4,0.6,0.8,RG,1F,D,pencil at bottom,,,,,285.0,FRE_20250312,,,
1114,108.0,52.0,0.5,0.8,1.0,RGxf,P,D,,,,,,285.0,FRE_20250312,,,
1115,52.0,43.0,0.5,1.0,1.5,RGxf,1F,D,,,,,,285.0,FRE_20250312,,,
1116,43.0,41.0,1.0,1.5,2.0,FC,1F,D,,,,,,285.0,FRE_20250312,,,
1117,41.0,27.0,0.8,1.0,1.5,FCxr,P,D,,,,,,285.0,FRE_20250312,,,
1118,27.0,0.0,0.5,1.0,1.5,FCxr,P,D,,,,,,285.0,FRE_20250312,,,
1119,90.0,82.0,1.5,0.5,1.0,PPsd,F,D,"PPgp
DFbk",7.6,4.5,59.21052631578948,20250314.0,90.0,SLMet_20250314,54.24103132161955,5.060625281283423,
1120,82.0,77.0,1.0,0.3,0.5,MFcr,K,D,"MFcr
MFpc
FCso",6.0,18.5,308.3333333333333,,90.0,SLMet_20250314,,,
1121,77.0,58.0,1.0,0.3,0.5,RG,4F,D,RGlr,18.0,45.5,252.77777777777777,,90.0,SLMet_20250314,,,
1122,58.0,52.0,0.8,0.3,0.5,RG,1F,D,RGlr,6.4,20.5,320.3125,,90.0,SLMet_20250314,,,
1123,52.0,27.0,1.5,0.5,1.0,FCxr,F,D,,25.2,56.0,222.22222222222223,,90.0,SLMet_20250314,,,
1124,27.0,14.0,2.5,1.0,1.5,DHxr,4F,D,,14.6,34.5,236.3013698630137,,90.0,SLMet_20250314,,,
1125,14.0,0.0,4.0,1.0,2.0,DHxr,1F,D,Chains,11.8,30.0,254.2372881355932,,90.0,SLMet_20250314,,,
1131,81.0,80.0,1.0,0.5,0.7,MFcl,4F,M,,1.0,3.8,381.9,20250530.0,81.0,BDG_20250530,101.03609154929576,8.832874563380281,5.380617564594506
1132,80.0,77.0,1.0,0.2,0.5,MFcl,1F,M,,,,414.5,,81.0,BDG_20250530,292.3937914691943,6.325422341232228,2.210649199881297
1133,77.0,66.0,0.7,0.5,0.6,MFcl,1F,M,,,,376.7,,81.0,BDG_20250530,541.5827027027028,13.288189828629033,5.112595800730839
1134,66.0,65.0,1.5,0.5,1.0,MFpc,4F,M,,,,364.9,,81.0,BDG_20250530,,,
1135,65.0,40.0,1.0,0.5,0.7,MFcl,4F,M,,,,348.2,,81.0,BDG_20250530,,,
1136,40.0,15.0,1.0,0.4,0.7,MFpc,1F,M,,,,405.4,,81.0,BDG_20250530,,,
1137,15.0,4.0,1.5,0.5,0.8,MFpc,1F,M,,,,359.1,,81.0,BDG_20250530,,,
1138,4.0,0.0,,,,IFbi,I,M,Slush in some locations,,,0.0,,81.0,BDG_20250530,,,
1139,35.0,31.0,0.5,0.1,0.3,FCxr,F,D,"On surface FCsf RR
Lots of 0.1 RGsr too",6.0,8.5,141.66666666666666,20241122.0,35.0,LFMet_20241122,4.263622796352585,0.19834452763819094,
1140,31.0,20.0,1.5,0.5,1.0,FC,F,D,FCso Some cups but few,9.0,16.5,183.33333333333331,,35.0,LFMet_20241122,,,
1141,20.0,9.5,1.5,0.5,1.0,FC,F,D,FCso,10.5,22.0,209.52380952380952,,35.0,LFMet_20241122,,,
1142,9.5,0.0,2.5,1.0,1.5,DHcp,F,D,"Some striations 
Lots of cups 
Some square cups",9.5,9.5,100.0,,35.0,LFMet_20241122,,,
1151,69.0,65.0,3.0,0.5,1.5,MFpc,F,W,,,,,20250408.0,69.0,JPLMet_20250408_TS_1120,693.4203736654804,14.273936177935944,4.881824932014142
1152,65.0,55.0,2.5,1.0,1.5,MFpc,P,M,,,,,,69.0,JPLMet_20250408_TS_1120,22.3100479338843,0.3186210256410256,8.76440451064284
1153,55.0,38.0,2.0,0.5,1.0,MFcl,K,D,,,,,,69.0,JPLMet_20250408_TS_1120,,,
1154,38.0,18.0,2.0,0.5,1.0,MFcl,4F,M,,,,,,69.0,JPLMet_20250408_TS_1120,,,
1155,18.0,0.0,4.0,1.0,2.0,MFcl,,M,,,,,,69.0,JPLMet_20250408_TS_1120,,,
1163,205.0,203.0,3.0,1.0,2.0,PPgp,F,D,"FCsf, rounding",2.0,5.7,282.7,20250305.0,205.0,BOG_20250305,102.8252659574468,,1.6808024482948927
1164,203.0,197.5,2.0,0.5,1.0,MFcr,P,D,,5.5,14.3,330.1060834,,205.0,BOG_20250305,166.41114935064937,,5.498275287204119
1165,197.5,196.0,0.5,0.2,0.3,FCxr,4F,D,,1.5,3.4,228.2,,205.0,BOG_20250305,320.6702142857143,,12.958789801946722
1166,196.0,194.0,1.5,0.5,1.0,MFcr,P,D,faceted,2.0,5.4,191.7518625,,205.0,BOG_20250305,214.46329787234046,,12.682611546300208
1167,194.0,190.0,2.0,0.5,1.0,FCxr,4F,D,,4.0,11.5,287.8,,205.0,BOG_20250305,351.824653024911,,
1168,190.0,189.0,0.5,0.1,0.3,MFcr,1F,D,"some visible light, close to IFil",1.0,2.7,169.785845,,205.0,BOG_20250305,328.5659154929578,,
1169,189.0,179.5,0.5,0.1,0.3,RGsr,4F,D,"few faceted edges, flow tubes",9.5,26.3,276.8,,205.0,BOG_20250305,220.90922681065337,,
1170,179.5,179.0,,,,IFil,I,D,"dicontinuous, some MFcr, formed from melt from 190-189",0.5,1.3,179.1752643,,205.0,BOG_20250305,,,
1171,179.0,163.0,0.5,0.1,0.3,RGsr,4F,D,,16.0,51.1,319.3,,205.0,BOG_20250305,,,
1172,163.0,159.0,0.3,0.1,0.2,RGxf,1F,D,,4.0,12.7,317.3,,205.0,BOG_20250305,,,
1173,159.0,158.5,,,,IFil,I,D,MFcr on top,0.5,1.7,195.26160835,,205.0,BOG_20250305,,,
1174,158.5,145.0,0.5,0.3,0.2,RGsr,4F,D,,13.5,43.5,322.4,,205.0,BOG_20250305,,,
1175,145.0,134.0,0.6,0.3,0.5,RG,1F,D,some faceted edges,11.0,35.8,325.8,,205.0,BOG_20250305,,,
1176,134.0,120.5,0.3,0.1,0.2,RGsr,1F,D,,13.5,45.3,335.3,,205.0,BOG_20250305,,,
1177,120.5,119.5,0.2,,0.1,MFcr,1F,D,"poorly bonded, discontinuous",1.0,2.8,0.0,,205.0,BOG_20250305,,,
1178,119.5,111.0,0.4,0.2,0.3,RG,4F,D,some facets,8.5,25.9,304.9,,205.0,BOG_20250305,,,
1179,111.0,110.0,1.0,0.5,0.7,MFcl,1F,D,"poorly bonded, MFcr elsewhere",1.0,3.2,324.0,,205.0,BOG_20250305,,,
1180,110.0,95.0,0.7,0.3,0.5,RG,1F,D,,15.0,50.2,334.4,,205.0,BOG_20250305,,,
1181,95.0,94.5,0.1,0.3,0.5,MFcr,1F,D,faceted,,,187.6048,,205.0,BOG_20250305,,,
1182,94.5,68.5,0.8,0.1,0.5,RG,1F,D,,,,,,205.0,BOG_20250305,,,
1183,68.5,62.0,1.0,0.4,0.5,RGxf,1F,D,,,,,,205.0,BOG_20250305,,,
1184,62.0,58.0,0.8,0.3,0.5,RGxf,4F,D,more poorly bonded than above,,,,,205.0,BOG_20250305,,,
1185,58.0,37.0,1.0,0.5,0.7,RGxf,1F,D,,,,,,205.0,BOG_20250305,,,
1186,37.0,33.0,0.5,0.2,0.3,RGxf,1F,D,,,,,,205.0,BOG_20250305,,,
1187,33.0,0.0,2.0,1.0,1.5,FCxr,4F,D,,,,,,205.0,BOG_20250305,,,
1188,68.0,58.0,0.5,0.1,0.3,FCsf,F,D,,11.2,16.5,147.32142857142858,20250129.0,68.0,SLMet_20250129,28.914440186915886,0.5697533692946057,
1189,58.0,35.0,2.0,0.5,1.0,FC,4F,D,FCso Some cups/striations,19.4,40.5,208.76288659793812,,68.0,SLMet_20250129,,,
1190,35.0,15.0,3.0,1.0,1.5,DHxr,F,D,,22.0,50.5,229.54545454545453,,68.0,SLMet_20250129,,,
1191,15.0,5.0,8.0,1.0,2.0,DHla,F,D,DHxr?,11.0,24.5,222.72727272727272,,68.0,SLMet_20250129,,,
1192,5.0,0.0,3.0,1.0,2.0,MFcl,P,D,Clusters MFpc,3.4,10.0,294.11764705882354,,68.0,SLMet_20250129,,,
1200,248.0,247.0,1.0,0.2,0.5,FCsf,F,D,,,,,20250402.0,248.0,MCSST_20250402,9.809999999999995,,0.3980428327460477
1201,247.0,245.0,4.0,0.2,0.3,RGsr,4F,D,Some MF,,,,,248.0,MCSST_20250402,233.45132978723402,,1.5826951556560616
1202,245.0,239.0,0.3,0.1,0.2,RGxf,F,D,,,,,,248.0,MCSST_20250402,205.7614489311164,,5.149345220345172
1203,239.0,234.0,0.6,0.2,0.4,FC,F,D,faceted edges,,,,,248.0,MCSST_20250402,405.7408547008548,,12.844406322230599
1204,234.0,228.0,2.0,0.5,1.0,MFcr,P,D,,,,340.9503896666667,,248.0,MCSST_20250402,189.317872412623,,13.158816254086089
1205,228.0,222.0,1.0,0.5,0.8,MFpc,P,D,,,,,,248.0,MCSST_20250402,84.79011619876799,,
1206,222.0,219.0,1.0,0.3,0.5,MFcl,1F,D,,,,,,248.0,MCSST_20250402,,,
1207,219.0,212.0,0.4,0.2,0.3,MFcl,4F,D,grains more obvious than layer above,,,,,248.0,MCSST_20250402,,,
1208,212.0,206.0,1.0,0.3,0.5,MFcl,4F,M,,,,,,248.0,MCSST_20250402,,,
1209,206.0,197.0,1.0,0.3,0.5,MFcl,4F,M,,,,,,248.0,MCSST_20250402,,,
1210,197.0,187.0,2.0,0.5,1.0,MFpc,4F,M,"some faceted edges, top 1cm has more bods, close to IF, 1F on top",,,,,248.0,MCSST_20250402,,,
1211,187.0,147.0,0.5,0.3,0.4,RGsr,1F,M,discontinuous lenses and crusts throughout,,,,,248.0,MCSST_20250402,,,
1212,147.0,127.0,0.5,0.3,0.4,MFcr,P,M,discontinuous IFil on top of layer,,,267.2774474,,248.0,MCSST_20250402,,,
1213,127.0,109.0,0.8,0.2,0.5,RG,1F,M,close to MFcl,,,,,248.0,MCSST_20250402,,,
1214,109.0,103.0,0.5,0.3,0.4,RG,1F,M,,,,,,248.0,MCSST_20250402,,,
1219,87.0,86.5,1.0,0.3,0.5,DF,F,D,DFbk SHcp (1mm),,,,20241231.0,87.0,AM_20241231,0.981,0.15504085714285715,0.12068245614294659
1220,86.5,81.0,0.8,0.3,0.5,DF,F,D,DFbk Some plates,5.399999999999992,4.5,83.33333333333347,,87.0,AM_20241231,15.916406493506493,0.4949306493506494,0.19286222837683353
1221,81.0,73.0,0.5,0.1,0.3,RGwp,1F,D,Some DFbk,5.6000000000000085,8.0,142.85714285714263,,87.0,AM_20241231,22.109287500000004,0.5862488072289157,0.6506535615884261
1222,73.0,61.0,1.0,0.3,0.5,DF,4F,D,"DFdc Arms, some plates",12.200000000000005,19.0,155.73770491803276,,87.0,AM_20241231,,,
1223,61.0,51.0,0.8,0.3,0.5,RGxf,1F,D,,11.400000000000006,23.5,206.14035087719287,,87.0,AM_20241231,,,
1224,51.0,30.0,3.0,1.0,2.0,DHpr,F,D,,22.0,49.0,222.7272727272728,,87.0,AM_20241231,,,
1225,30.0,0.0,4.0,1.0,2.0,DHcp,F,D,Some striations,28.8,69.5,241.31944444444443,,87.0,AM_20241231,,,
1231,142.0,136.0,2.0,0.5,1.0,PPsd,F,D,,5.2,3.5,67.3076923076923,20250305.0,142.0,DHMet_20250305,43.02904210956058,,
1232,136.0,121.0,1.0,0.5,0.8,DF,F,D,DFbk,12.0,12.5,104.16666666666669,,142.0,DHMet_20250305,98.18686540731996,,
1233,121.0,114.0,1.0,0.3,0.5,MFcr,K,D,MFcr MFpc,6.6,20.5,310.6060606060606,,142.0,DHMet_20250305,,,
1234,114.0,94.0,0.8,0.3,0.5,RG,1F,D,RGlr,16.8,42.0,250.0,,142.0,DHMet_20250305,,,
1235,94.0,80.0,1.0,0.3,0.5,RGxf,1F,D,,14.2,42.0,295.774647887324,,142.0,DHMet_20250305,,,
1236,80.0,77.0,1.0,0.3,0.5,MFcr,K,D,MFcr Some clear ice lens behavior,2.0,9.5,475.0,,142.0,DHMet_20250305,,,
1237,77.0,40.0,1.5,0.5,1.0,FCxr,1F,D,,33.0,106.0,321.2121212121212,,142.0,DHMet_20250305,,,
1238,40.0,23.0,2.5,1.0,1.5,FCxr,F,D,,19.0,57.5,302.63157894736844,,142.0,DHMet_20250305,,,
1239,23.0,0.0,3.0,1.0,2.0,DHxr,4F,D,,24.0,74.5,310.4166666666667,,142.0,DHMet_20250305,,,
1243,164.0,142.0,1.0,0.3,0.5,DF,F,D,"DFdc
FCsf
RR",22.8,36.5,160.08771929824562,20250313.0,164.0,FST_20250313,160.11915856060605,2.7578459324999995,
1244,142.0,138.0,1.0,0.3,0.5,SH,F,D,"SHxr
DFdc",2.4,5.5,229.16666666666669,,164.0,FST_20250313,,,
1245,138.0,106.0,0.5,0.1,0.3,RG,1F,D,RGsr,31.2,88.0,282.05128205128204,,164.0,FST_20250313,,,
1246,106.0,95.0,0.5,0.1,0.3,RG,P,D,RGsr,11.2,37.0,330.3571428571429,,164.0,FST_20250313,,,
1247,95.0,84.0,1.0,0.5,0.8,RG,1F,D,"RGlr
FC not long ago
",9.2,31.5,342.3913043478261,,164.0,FST_20250313,,,
1248,84.0,66.0,1.0,0.5,0.8,FCxr,1F,D,,18.0,57.5,319.44444444444446,,164.0,FST_20250313,,,
1249,66.0,47.0,2.0,0.5,1.0,FCxr,1F,D,,18.6,59.0,317.2043010752688,,164.0,FST_20250313,,,
1250,47.0,29.0,3.0,1.0,2.0,FCxr,F,D,,18.0,56.5,313.8888888888889,,164.0,FST_20250313,,,
1251,29.0,0.0,4.0,1.0,2.0,DHxr,1F,D,,29.2,80.5,275.6849315068493,,164.0,FST_20250313,,,
1255,82.0,80.0,0.5,0.3,0.3,FCsf,F,D,,,,,20250120.0,82.0,FCO_20250120,3.5220141843971633,,
1256,80.0,69.0,0.5,0.5,0.5,RGxf,F,D,,,,,,82.0,FCO_20250120,58.175792191876745,,
1257,69.0,66.0,2.0,1.0,1.0,MFcr,4F,D,Heavily faceted,,,,,82.0,FCO_20250120,,,
1258,66.0,41.0,1.0,1.0,1.0,RGxf,4F,D,not as faceted as 80-69 layer,,,,,82.0,FCO_20250120,,,
1259,41.0,38.0,5.0,1.0,2.0,MFcr,P,D,"still intact and uniform across pit, likely from rain event",,,,,82.0,FCO_20250120,,,
1260,38.0,23.0,1.0,0.5,1.0,RGxf,1F,D,similar to 66-41 layer,,,,,82.0,FCO_20250120,,,
1261,23.0,12.0,3.0,1.0,2.0,FC,4F,D,,,,,,82.0,FCO_20250120,,,
1262,12.0,0.0,6.0,2.0,4.0,DH,4F,D,striated prisms,,,,,82.0,FCO_20250120,,,
1267,220.0,219.0,10.0,4.0,6.0,SH,F,D,"feathers, striations",1.0,1.9,189.1,20250107.0,220.0,BDG_20250107,9.809999999999995,0.18955227042253522,0.14270309621708288
1268,219.0,206.0,2.0,0.5,1.5,DF,F,D,,10.8,14.5,134.25925925925924,,220.0,BDG_20250107,142.99878704720086,2.928957499012075,0.8622580135566582
1269,206.0,198.0,1.5,0.5,0.7,DF,F,D,very rounded,7.2,13.0,180.55555555555551,,220.0,BDG_20250107,413.52513400814877,11.58504457040998,1.7360850574870632
1270,198.0,197.0,0.6,0.3,0.4,MFcr,4F,D,"some faceted edges, 4F+ at bottom",1.0,2.6,296.86403515,,220.0,BDG_20250107,,11.337119983098592,
1271,197.0,156.0,0.6,0.1,0.4,RG,F,D,,38.4,90.0,234.375,,220.0,BDG_20250107,,,
1272,156.0,155.0,2.0,1.0,1.5,DF,F,D,Old graupel,1.0,2.8,284.1,,220.0,BDG_20250107,,,
1273,155.0,132.0,0.3,0.1,0.2,RG,1F,D,,23.0,67.3,292.8,,220.0,BDG_20250107,,,
1274,132.0,131.0,0.4,0.2,0.3,MFcr,1F,D,,1.0,3.0,216.1145178,,220.0,BDG_20250107,,,
1275,131.0,89.0,0.5,0.2,0.3,RG,1F,D,well bonded,42.0,135.1,321.6,,220.0,BDG_20250107,,,
1276,89.0,88.0,4.0,1.0,2.0,SHxr,F,D,very rounded,1.0,3.4,344.0,,220.0,BDG_20250107,,,
1277,88.0,69.0,1.0,0.5,0.7,RG,1F,D,some faceted edges,19.0,64.0,336.8,,220.0,BDG_20250107,,,
1278,69.0,64.0,1.0,0.4,0.7,MFcr,P,D,,,,305.2072172,,220.0,BDG_20250107,,,
1279,64.0,46.0,1.0,0.4,0.8,RG,P,D,,,,,,220.0,BDG_20250107,,,
1280,46.0,30.0,1.0,0.2,0.5,RG,P,D,previous facets,,,,,220.0,BDG_20250107,,,
1281,30.0,0.0,1.0,0.5,0.7,RG,1F,D,some MF,,,,,220.0,BDG_20250107,,,
1282,69.0,68.5,3.0,0.5,2.0,PPgp,F,D,,,,,20250102.0,69.0,JPLMet_20250102,0.981,0.06960456,
1283,68.5,58.0,2.0,0.5,1.0,DF,F,D,DFbk,12.8,10.5,82.03125,,69.0,JPLMet_20250102,12.540314315352699,0.4193417506172839,
1284,58.0,38.0,1.0,0.3,0.5,RG,4F,D,RGlr Few DFdc,19.0,30.5,160.52631578947367,,69.0,JPLMet_20250102,,,
1285,38.0,5.0,4.0,1.0,2.0,DHxr,F,D,Few striations/cups,32.2,67.5,209.62732919254657,,69.0,JPLMet_20250102,,,
1286,5.0,0.0,2.0,0.5,1.0,MFpc,K,D,"Large rounds, big clumps, water bonds",5.0,11.0,220.0,,69.0,JPLMet_20250102,,,
1294,187.0,184.0,1.5,0.4,0.8,FCxr,F,D,,2.8,5.0,178.57142857142858,20250122.0,187.0,FRE_20250122,26.934421430687205,1.4623646559241703,0.6514272514075825
1295,184.0,181.0,1.0,0.2,0.5,MFcr,4F,D,,3.0,7.5,197.87656029,,187.0,FRE_20250122,113.06780509478673,2.7994034843601896,1.0235556189785677
1296,181.0,169.0,1.0,0.3,0.7,FCxr,4F,D,,12.6,35.0,277.77777777777777,,187.0,FRE_20250122,391.2714417360286,11.849257918668252,2.814083646230007
1297,169.0,166.0,0.8,0.3,0.5,MFcr,1F,D,"faceted melt forms, facets on bottom",2.0,12.5,317.97922867,,187.0,FRE_20250122,292.9165384615385,14.359612784834123,
1298,166.0,155.0,1.5,0.5,1.0,FCso,F,D,,13.2,32.5,246.2121212121212,,187.0,FRE_20250122,,,
1299,155.0,131.0,0.7,0.2,0.5,RGxf,1F,D,,22.6,64.0,283.1858407079646,,187.0,FRE_20250122,,,
1300,131.0,100.0,0.3,0.1,0.2,RGsr,1F,D,pencil at bottom,31.0,106.1,342.3,,187.0,FRE_20250122,,,
1301,100.0,85.0,0.4,0.2,0.3,RGsr,P,D,well bonded,15.0,54.4,362.8,,187.0,FRE_20250122,,,
1302,85.0,75.0,0.8,0.3,0.5,RG,P,D,,10.0,37.4,374.3,,187.0,FRE_20250122,,,
1303,75.0,57.0,0.6,0.2,0.4,RG,P,D,some faceted edges,18.0,67.7,376.1,,187.0,FRE_20250122,,,
1304,57.0,43.0,1.0,0.4,0.7,RG,1F,D,,14.0,49.9,356.2,,187.0,FRE_20250122,,,
1305,43.0,20.0,1.0,0.3,0.5,RG,1F,D,some faceted edges,,,366.2,,187.0,FRE_20250122,,,
1306,20.0,0.0,1.0,0.3,0.5,RG,P,D,some melt forms,,,,,187.0,FRE_20250122,,,
1307,67.0,64.0,2.0,0.5,1.0,MFcl,1F,M,,4.8,10.5,218.75,20250204.0,67.0,FEFHQ_20250204,10.772402843601895,0.26719078672985785,
1308,64.0,56.0,1.5,0.5,1.0,MFcl,F,M,,6.2,12.0,193.54838709677415,,67.0,FEFHQ_20250204,19.657210344827586,0.5047751414141415,
1309,56.0,34.0,1.0,0.3,0.5,RG,F,M,RGlr,22.2,52.5,236.48648648648648,,67.0,FEFHQ_20250204,,,
1310,34.0,5.0,2.0,0.5,1.0,DHxr,F,M,,26.8,60.5,225.7462686567164,,67.0,FEFHQ_20250204,,,
1311,5.0,0.0,6.0,1.0,2.0,DHxr,1F,M,,4.6,11.5,250.00000000000003,,67.0,FEFHQ_20250204,,,
1319,163.0,147.0,1.0,0.3,0.5,MFcl,F,M,none,17.6,48.0,272.7272727272727,20250416.0,163.0,FST_20250416,239.12713648528103,6.487816904549509,
1320,147.0,112.0,1.0,0.3,0.5,MFcl,1F,M,,34.4,111.0,322.6744186046512,,163.0,FST_20250416,,,
1321,112.0,79.0,2.0,0.5,1.0,MFcl,P,M,,32.4,124.0,382.7160493827161,,163.0,FST_20250416,,,
1322,79.0,49.0,2.0,0.5,1.0,MFcl,1F,M,,30.8,100.5,326.2987012987013,,163.0,FST_20250416,,,
1323,49.0,14.0,2.5,0.5,1.5,FCxr,F,D,,37.8,115.0,304.23280423280426,,163.0,FST_20250416,,,
1324,14.0,0.0,4.0,1.0,2.0,DHxr,1F,D,,8.2,23.5,286.5853658536586,,163.0,FST_20250416,,,
1331,38.0,35.0,0.5,0.1,0.3,FCsf,F,D,,3.0,4.0,133.0,20241122.0,38.0,AM_20241122,9.23747325660122,0.2694218838862559,
1332,35.0,34.5,0.5,0.1,0.3,MFcr,4F,D,MFcr (not available as grain type),0.5,2.0,400.0,,38.0,AM_20241122,13.288657142857144,1.5036747142857148,
1333,34.5,20.0,1.0,0.3,0.5,FC,4F,D,"Fcso (not available as grain type), some rounded edges",14.5,38.0,259.0,,38.0,AM_20241122,,,
1334,20.0,9.0,1.0,0.3,0.5,FC,1F,D,FCso (not available as grain type),19.0,44.0,232.0,,38.0,AM_20241122,,,
1335,9.0,0.0,2.0,1.0,1.5,DHcp,4F,D,"Cups, Striations",9.0,10.0,111.0,,38.0,AM_20241122,,,
1343,89.0,87.0,1.0,0.3,0.8,PPsd,F,D,PPgp riming,2.8,2.5,89.28571428571429,20250318.0,89.0,JPLMet_20250318,71.08771276595745,4.519569326241134,
1344,87.0,85.0,1.0,0.3,0.8,MFcr,P,D,,1.8,5.0,277.77777777777777,,89.0,JPLMet_20250318,60.75397163120568,2.5568141205673762,
1345,85.0,82.0,0.8,0.1,0.5,DF,4F,D,DFdc RGlr,2.2,4.5,204.54545454545453,,89.0,JPLMet_20250318,91.48429120589782,0.5585527772511848,
1346,82.0,74.0,1.5,0.5,1.0,MFcr,K,D,MFcr MFpc,8.8,26.5,301.1363636363636,,89.0,JPLMet_20250318,25.440600000000014,2.011174604651163,
1347,74.0,63.0,0.8,0.3,0.5,RGxf,4F,D,,11.0,28.5,259.09090909090907,,89.0,JPLMet_20250318,,,
1348,63.0,51.0,0.8,0.3,0.5,RG,1F,D,RGlr,10.4,33.0,317.3076923076923,,89.0,JPLMet_20250318,,,
1349,51.0,47.0,2.0,0.5,1.0,MFcr,K,D,MFcr MFpc,4.4,15.5,352.27272727272725,,89.0,JPLMet_20250318,,,
1350,47.0,23.0,2.0,0.5,1.0,FCxr,F,D,,23.2,59.5,256.4655172413793,,89.0,JPLMet_20250318,,,
1351,23.0,13.0,4.0,1.0,2.0,DHxr,F,D,DHch,10.8,25.5,236.1111111111111,,89.0,JPLMet_20250318,,,
1352,13.0,0.0,8.0,1.0,2.0,DHxr,1F,D,DHch,11.8,28.0,237.28813559322032,,89.0,JPLMet_20250318,,,
1355,75.0,74.5,0.5,0.1,0.3,FCsf,F,D,,,,,20250122.0,75.0,CLPX_FSSP01_20250122,,0.07063499999999999,
1356,74.5,52.0,1.0,0.3,0.5,DF,F,D,"Faceting
DFdc",,,,,75.0,CLPX_FSSP01_20250122,,1.3400280552486188,
1357,52.0,32.0,1.0,0.3,0.5,RGxf,4F,D,,,,,,75.0,CLPX_FSSP01_20250122,,,
1358,32.0,10.0,2.0,0.5,1.0,FCxr,F,D,,,,,,75.0,CLPX_FSSP01_20250122,,,
1359,10.0,0.0,4.0,1.0,1.5,DHxr,1F,D,,,,,,75.0,CLPX_FSSP01_20250122,,,
1367,68.0,60.0,1.0,0.3,0.5,FCsf,F,D,DFdc,7.2,9.5,131.94444444444443,20250211.0,68.0,JPLMet_20250211,77.02917396694215,0.3583255338345865,
1368,60.0,56.0,2.0,0.5,1.0,MFcr,K,D,large clusters bonded grains,4.6,13.5,293.47826086956525,,68.0,JPLMet_20250211,,,
1369,56.0,36.0,2.0,0.5,1.0,FCxr,4F,D,,14.6,35.0,239.72602739726028,,68.0,JPLMet_20250211,,,
1370,36.0,15.0,3.0,0.5,1.0,DHxr,F,D,,23.2,55.2,237.93103448275863,,68.0,JPLMet_20250211,,,
1371,15.0,0.0,6.0,1.0,2.0,DHxr,F,M,DHla,18.8,44.5,236.70212765957447,,68.0,JPLMet_20250211,,,
1379,99.0,98.5,0.5,0.1,0.3,FCsf,F,D,,,,,20250121.0,99.0,AM_20250121,2.048888571428572,0.2034842,
1380,98.5,83.0,1.0,0.3,0.5,FC,F,D,"FCso, Few DFbk",15.600000000000009,24.5,157.05128205128196,,99.0,AM_20250121,31.582020152861254,0.8185449720000001,
1381,83.0,71.0,1.0,0.3,0.5,RGxf,4F,D,,11.799999999999995,26.5,224.57627118644072,,99.0,AM_20250121,,,
1382,71.0,57.0,1.0,0.3,0.5,RGxf,1F,D,less facets from layer above,14.199999999999996,39.5,278.1690140845071,,99.0,AM_20250121,,,
1383,57.0,49.0,1.5,0.5,1.0,FCxr,4F,D,Some DHla,7.0,18.5,264.2857142857143,,99.0,AM_20250121,,,
1384,49.0,16.0,3.0,1.0,1.5,DHxr,F,D,,34.0,87.0,255.8823529411765,,99.0,AM_20250121,,,
1385,16.0,0.0,5.0,1.0,2.0,DHxr,4F,D,,13.6,35.0,257.3529411764706,,99.0,AM_20250121,,,
1391,70.0,67.0,2.0,0.5,1.0,MFcr,K,M,,2.6,7.5,288.46153846153845,20250205.0,70.0,JPLMet_20250205,56.30730163501378,0.2732454028436019,
1392,67.0,57.0,1.0,0.1,0.5,RG,4F,M,RGlr,8.4,18.0,214.28571428571428,,70.0,JPLMet_20250205,23.53075214995969,0.4651801929824561,
1393,57.0,48.0,1.0,0.1,0.5,FCxr,F,M,,9.0,19.5,216.66666666666663,,70.0,JPLMet_20250205,,,
1394,48.0,32.0,2.0,0.5,1.0,FCxr,F,M,2-4 mm chains,15.0,37.5,250.0,,70.0,JPLMet_20250205,,,
1395,32.0,15.0,4.0,1.0,2.0,DHxr,F,M,DHch,19.2,46.0,239.58333333333331,,70.0,JPLMet_20250205,,,
1396,15.0,0.0,6.0,2.0,4.0,DHxr,1F,M,DHch,15.0,33.0,220.0,,70.0,JPLMet_20250205,,,
1403,59.0,53.0,0.8,0.3,0.5,FCsf,F,D,Rounding,6.2,9.0,145.16129032258064,20250211.0,59.0,SLMet_20250211,43.162806030505884,,
1404,53.0,48.0,1.0,0.3,0.5,RGxf,K,D,"Crust
MFpc clusters",3.2,8.0,250.0,,59.0,SLMet_20250211,,,
1405,48.0,30.0,2.0,0.5,1.0,FCxr,1F,D,,18.8,46.5,247.3404255319149,,59.0,SLMet_20250211,,,
1406,30.0,17.0,3.0,0.5,1.5,DHxr,4F,D,,13.4,33.5,250.0,,59.0,SLMet_20250211,,,
1407,17.0,0.0,8.0,2.0,2.5,DHxr,F,M,,14.4,41.5,288.19444444444446,,59.0,SLMet_20250211,,,
1415,86.0,85.5,0.8,0.3,0.5,FCsf,F,D,"Needles, some small SH, few PPgp (1mm)",,,,20250101.0,86.0,DHMet_20250101,0.981,0.11387865714285714,
1416,85.5,77.0,1.0,0.3,0.5,DF,F,D,DFbk,8.0,7.5,93.75,,86.0,DHMet_20250101,33.22894815640542,0.9160413277310924,
1417,77.0,62.0,1.0,0.3,0.5,DF,4F,D,"DFdc, arms, rounding",14.599999999999994,21.5,147.2602739726028,,86.0,DHMet_20250101,,,
1418,62.0,45.0,0.8,0.3,0.5,RG,1F,D,RGlr,19.200000000000003,42.5,221.35416666666663,,86.0,DHMet_20250101,,,
1419,45.0,20.0,1.0,0.3,0.5,RGxf,4F,D,"Corners, flat edges",22.8,59.0,258.77192982456137,,86.0,DHMet_20250101,,,
1420,20.0,17.0,1.5,0.5,1.0,MFcl,P,D,"FCso, DHpr",3.3999999999999986,11.0,323.529411764706,,86.0,DHMet_20250101,,,
1421,17.0,0.0,2.0,0.5,1.0,FC,4F,D,"FCso, Sharp edges",19.8,48.5,244.94949494949492,,86.0,DHMet_20250101,,,
1427,220.0,210.0,0.3,0.1,0.2,RG,F,D,"Some 1mm DF, some 4F",10.4,15.0,144.2307692,30350109.0,220.0,FRE_20250109,85.29584085999593,2.1931808901569183,0.6284708017033857
1428,210.0,198.0,1.0,0.3,0.5,FCxr,F,D,,9.8,20.5,209.1836735,,220.0,FRE_20250109,307.8113156106676,7.135833560047562,1.8244533119144866
1429,198.0,197.0,1.0,0.3,0.6,MFcr,1F,D,,2.2,4.5,315.56689039,,220.0,FRE_20250109,,5.902284788732395,
1430,197.0,183.0,1.0,0.3,0.5,RG,4F,D,Evidence of previous faceting,14.2,29.0,204.2253521,,220.0,FRE_20250109,,,
1431,183.0,156.0,1.0,0.3,0.5,RG,4F,D,"MFcl, 2mm clusters",27.0,74.7,276.8,,220.0,FRE_20250109,,,
1432,156.0,133.0,0.5,0.1,0.2,RG,1F,D,Some old plates,23.0,66.7,290.1,,220.0,FRE_20250109,,,
1433,133.0,115.0,0.5,0.1,0.3,RG,1F,D,well bonded,18.0,55.6,309.0,,220.0,FRE_20250109,,,
1434,115.0,77.0,0.8,0.3,0.5,RG,1F,D,Some faceted edges,38.0,124.8,328.4,,220.0,FRE_20250109,,,
1435,77.0,66.0,0.7,0.3,0.4,RG,1F,D,,,,341.1,,220.0,FRE_20250109,,,
1436,66.0,51.0,1.5,0.5,0.8,RGxf,1F,D,,,,,,220.0,FRE_20250109,,,
1437,51.0,50.0,1.0,0.4,0.6,MFcr,4F,D,"Heavily faceted on top, squares",,,0.0,,220.0,FRE_20250109,,,
1438,50.0,27.0,0.8,0.2,0.5,RGxf,1F,D,"faceted edges are rounding, pencil at bottom of layer",,,,,220.0,FRE_20250109,,,
1439,27.0,12.0,1.0,0.5,0.8,RGxf,P,D,,,,,,220.0,FRE_20250109,,,
1440,12.0,0.0,1.5,0.8,1.0,FCxr,1F,D,,,,,,220.0,FRE_20250109,,,
1441,141.0,134.0,2.0,0.8,1.0,MFcr,K,M,MFcr MFpc,6.400000000000006,16.5,257.8124999999998,20250328.0,141.0,AM_20250328,170.04599389002036,4.240697644444444,
1442,134.0,115.0,0.8,0.3,0.5,RG,1F,M,RGlr,19.2,49.0,255.20833333333331,,141.0,AM_20250328,49.29969471574461,,
1443,115.0,73.0,0.8,0.3,0.5,RG,P,M,RGlr,38.4,136.0,354.1666666666667,,141.0,AM_20250328,,,
1444,73.0,43.0,2.5,1.0,2.0,FCxr,1F,M,,30.4,94.0,309.2105263157895,,141.0,AM_20250328,,,
1445,43.0,12.0,6.0,1.0,2.0,DHxr,4F,D,,32.0,92.5,289.0625,,141.0,AM_20250328,,,
1446,12.0,0.0,6.0,1.0,2.0,DHxr,1F,D,,11.0,27.5,250.0,,141.0,AM_20250328,,,
1453,57.5,57.0,2.0,1.0,1.5,SH,F,D,SHcp 0.5 FC,,,,20241205.0,57.5,DHMet_20241205,0.981,0.07377064,
1454,57.0,42.0,0.5,0.1,0.3,RGxf,F,D,"Necks, round edges, square corners",29.5,28.0,94.91525423728814,,57.5,DHMet_20241205,25.679578961038967,0.8671327323076923,
1455,42.0,35.5,1.0,0.3,0.5,FC,4F,D,FCso,18.5,12.0,64.86486486486487,,57.5,DHMet_20241205,,,
1456,35.5,26.0,1.0,0.3,0.5,FC,1F,D,FCso Old surface?,9.5,26.5,278.94736842105266,,57.5,DHMet_20241205,,,
1457,26.0,16.0,2.0,0.5,1.0,FC,4F,D,FCso,10.0,24.5,245.0,,57.5,DHMet_20241205,,,
1458,16.0,0.0,2.0,0.5,1.0,FC,4F,D,FCso Early cups,16.0,26.5,165.625,,57.5,DHMet_20241205,,,
1465,92.0,88.0,2.0,0.5,1.0,MFcr,K,M,MFcr MFpc,4.2,12.5,297.6190476190476,20250328.0,92.0,LFMet_20250328,,,
1466,88.0,77.0,1.0,0.3,0.5,MFcl,P,M,,15.0,41.5,276.6666666666667,,92.0,LFMet_20250328,,,
1467,77.0,64.0,0.8,0.3,0.5,MFcl,1F,M,,12.8,41.5,324.21875,,92.0,LFMet_20250328,,,
1468,64.0,24.0,1.0,0.5,0.8,MFcl,4F,W,,61.0,115.5,189.344262295082,,92.0,LFMet_20250328,,,
1469,24.0,0.0,2.0,0.5,1.0,MFcl,F,W,,20.2,74.5,368.8118811881188,,92.0,LFMet_20250328,,,
1477,123.0,119.5,1.0,0.3,0.5,MFcr,K,D,"MFcr
MFpc
FCsf",2.8,9.0,321.0,20250407.0,123.0,DHMet_20250407,181.82152302243216,,
1478,119.5,114.0,1.5,0.5,1.0,FC,4F,D,FCso,4.6,11.5,250.00000000000003,,123.0,DHMet_20250407,261.71466233766233,,
1479,114.0,111.0,1.0,0.3,0.5,MFcr,P,D,"MFcr
MFpc
",3.2,10.5,328.0,,123.0,DHMet_20250407,80.7504028436019,,
1480,111.0,107.0,1.5,0.5,1.0,FC,4F,D,FCso,3.4,9.0,265.0,,123.0,DHMet_20250407,162.95499999999998,,
1481,107.0,95.0,2.0,0.5,1.0,MFpc,P,D,,14.2,45.5,320.0,,123.0,DHMet_20250407,,,
1482,95.0,80.0,1.5,0.5,1.0,FCxr,1F,D,,13.8,44.5,322.0,,123.0,DHMet_20250407,,,
1483,80.0,58.0,1.5,0.3,0.8,FCxr,P,D,,19.8,79.5,402.0,,123.0,DHMet_20250407,,,
1484,58.0,25.0,1.5,0.5,1.0,RG,1F,M,RGlr,36.0,133.0,369.0,,123.0,DHMet_20250407,,,
1485,25.0,0.0,2.5,0.5,1.0,FCxr,4F,M,,24.4,72.5,297.0,,123.0,DHMet_20250407,,,
1489,143.0,141.0,0.5,0.1,0.3,RGwp,K,D,,,,,20250124.0,143.0,CLPX_FAD16_20250124,365.26595744680856,6.516208900709219,
1490,141.0,127.0,0.8,0.3,0.5,RGwp,P,D,May be RGxf,2.5999999999999943,10.5,403.8461538461547,,143.0,CLPX_FAD16_20250124,246.12,6.414492388379204,
1491,127.0,103.0,1.0,0.3,0.5,RGwp,K,D,,13.799999999999995,59.0,427.53623188405805,,143.0,CLPX_FAD16_20250124,,,
1492,103.0,89.0,1.0,0.3,0.5,RGxf,1F,D,,23.39999999999999,84.0,358.9743589743591,,143.0,CLPX_FAD16_20250124,,,
1493,89.0,68.0,1.5,0.5,1.0,RGxf,P,D,,13.200000000000005,39.5,299.2424242424242,,143.0,CLPX_FAD16_20250124,,,
1494,68.0,61.0,1.0,0.5,0.8,RG,K,D,RGlr,20.60000000000001,67.0,325.2427184466018,,143.0,CLPX_FAD16_20250124,,,
1495,61.0,41.0,1.5,0.5,1.0,RG,K,D,RGlr,8.399999999999991,34.0,404.7619047619052,,143.0,CLPX_FAD16_20250124,,,
1496,41.0,38.0,4.0,1.0,2.0,DHxr,P,D,DHcp DHla,16.6,63.0,379.5180722891566,,143.0,CLPX_FAD16_20250124,,,
1497,38.0,33.0,2.0,0.5,1.0,RGxf,K,D,,10.0,30.5,305.0,,143.0,CLPX_FAD16_20250124,,,
1498,33.0,5.0,4.0,1.0,2.0,DHxr,1F,D,,26.8,80.5,300.3731343283582,,143.0,CLPX_FAD16_20250124,,,
1499,5.0,0.0,4.0,1.0,2.0,DHxr,K,D,Big RG,3.8,10.5,276.3157894736842,,143.0,CLPX_FAD16_20250124,,,
1501,68.0,67.5,0.8,0.3,0.5,DF,F,D,DFbk PPgp,,,,20250101.0,68.0,LFMet_20250101,0.981,0.06893342857142858,
1502,67.5,62.0,0.8,0.1,0.5,DF,F,D,DFdc,7.4,10.0,135.13513513513513,,68.0,LFMet_20250101,17.224831168831166,0.4169519116883117,
1503,62.0,51.0,0.8,0.3,0.5,RGwp,F,D,,10.0,17.0,170.0,,68.0,LFMet_20250101,,,
1504,51.0,39.0,1.0,0.3,0.5,RG,4F,D,"RGlr Necks, bonds",13.2,29.5,223.4848484848485,,68.0,LFMet_20250101,,,
1505,39.0,0.0,2.0,0.5,1.0,DHpr,F,D,,34.2,80.5,235.3801169590643,,68.0,LFMet_20250101,,,
1513,100.0,99.0,2.0,1.0,1.5,DF,F,D,"DFbk, well defined PPSD fragments",,,,20241218.0,100.0,FST_20241218,1.0141605633802817,0.05014714366197183,
1514,99.0,81.0,1.5,0.5,1.0,DF,F,D,DFbk,18.0,12.5,69.0,,100.0,FST_20241218,20.891849051383403,0.7429981463220675,
1515,81.0,68.0,0.5,0.1,0.3,RG,4F,D,,14.0,21.5,154.0,,100.0,FST_20241218,,,
1516,68.0,39.0,1.5,0.5,1.0,FC,1F,D,FCso,27.4,64.5,235.0,,100.0,FST_20241218,,,
1517,39.0,18.0,2.0,1.0,1.5,FC,1F,D,FCso,22.0,60.5,275.0,,100.0,FST_20241218,,,
1518,18.0,0.0,3.0,1.0,2.0,DHcp,1F,D,,14.4,39.0,271.0,,100.0,FST_20241218,,,
1525,87.0,76.0,0.7,0.2,0.5,DF,F,D,"Secondary FC
minor tree bombs at surface.  Some corners (RR?)",,,228.0,20241206.0,87.0,FRE_20241206,,,1.2925571442768478
1526,76.0,68.0,0.7,0.3,0.4,RG,4F,D,,,,262.3,,87.0,FRE_20241206,,,
1527,68.0,63.0,0.7,0.3,0.5,RG,4F,D,"4F+
more bonds",,,271.3,,87.0,FRE_20241206,,,
1528,63.0,62.0,0.7,0.5,0.6,MFcr,P,D,crust,,,132.74815175294117,,87.0,FRE_20241206,,,
1529,62.0,61.0,1.0,0.5,0.8,FC,F,D,,,,275.6,,87.0,FRE_20241206,,,
1530,61.0,45.0,1.0,0.5,0.7,RG,4F,D,"4F+
some corners",,,286.0,,87.0,FRE_20241206,,,
1531,45.0,33.0,0.9,0.3,0.6,RG,1F,D,1F-,,,312.3,,87.0,FRE_20241206,,,
1532,33.0,19.0,0.5,0.3,0.4,RG,1F,D,some (old) corners,,,308.1,,87.0,FRE_20241206,,,
1533,19.0,8.0,1.0,0.5,0.7,FC,1F,D,"1F+
facets that have rounded",,,286.4,,87.0,FRE_20241206,,,
1534,8.0,0.0,2.0,1.0,1.5,FC,1F,D,"1F-
Rounded edges",,,289.3,,87.0,FRE_20241206,,,
1535,103.0,102.5,1.0,0.3,0.5,FCsf,F,D,"SHcp
FCxr
RR crust",,,,20250130.0,103.0,FST_20250130,0.981,0.11486002857142857,
1536,102.5,93.0,0.5,0.1,0.3,RGxf,F,D,,7.6,10.5,138.1578947368421,,103.0,FST_20250130,33.86279233082707,0.8789497413533834,
1537,93.0,79.0,1.0,0.3,0.5,RGxf,4F,D,,15.2,30.0,197.3684210526316,,103.0,FST_20250130,,,
1538,79.0,66.0,1.5,0.5,1.0,FCxr,1F,D,,11.2,22.5,200.8928571428572,,103.0,FST_20250130,,,
1539,66.0,55.0,2.0,0.5,1.0,FCxr,1F,D,,12.0,31.5,262.5,,103.0,FST_20250130,,,
1540,55.0,39.0,2.0,0.5,1.0,FCxr,1F,D,,15.8,45.0,284.8101265822785,,103.0,FST_20250130,,,
1541,39.0,32.0,2.0,0.5,1.0,FCxr,1F,D,,9.0,25.0,277.77777777777777,,103.0,FST_20250130,,,
1542,32.0,0.0,4.0,1.0,1.5,DHxr,4F,D,,30.0,83.5,278.3333333333333,,103.0,FST_20250130,,,
1547,178.0,173.0,1.5,0.5,1.0,DF,F,D,"DFbk
FCsf",3.5999999999999943,3.0,97.0,20250306.0,178.0,FST_20250306,10.570205128205128,,
1548,173.0,166.0,0.8,0.3,0.5,DF,F,D,DFbk,7.0,7.0,93.0,,178.0,FST_20250306,176.38686354378822,,
1549,166.0,149.0,0.8,0.3,0.5,DF,F,D,DFdc,16.400000000000006,19.0,113.0,,178.0,FST_20250306,90.90902777777778,,
1550,149.0,137.0,0.8,0.3,0.5,DF,4F,D,"DFdc
RGlr",10.800000000000011,20.0,185.0,,178.0,FST_20250306,,,
1551,137.0,120.0,0.8,0.3,0.5,RG,1F,D,"RGlr
Necks",16.2,40.0,244.0,,178.0,FST_20250306,,,
1552,120.0,97.0,0.5,0.1,0.3,RG,1F,D,RGsr,23.6,66.0,280.0,,178.0,FST_20250306,,,
1553,97.0,50.0,1.0,0.3,0.5,FCxr,1F,D,,46.6,151.0,325.0,,178.0,FST_20250306,,,
1554,50.0,18.0,2.0,0.5,1.0,FCxr,4F,D,"DHxr
Chains",32.0,97.0,303.0,,178.0,FST_20250306,,,
1555,18.0,0.0,4.0,1.0,2.0,DHxr,1F,D,Chains,22.0,68.0,311.0,,178.0,FST_20250306,,,
1559,95.0,94.5,3.0,1.0,2.0,PPsd,F,D,minimal PPgp,,,,20250107.0,95.0,DHMet_20250107,0.981,8.105688757142858,
1560,94.5,79.0,2.0,0.5,1.0,DF,F,D,"DFdc, some DFbk",15.0,11.0,73.33333333333333,,95.0,DHMet_20250107,26.2759177017591,8.427069386934672,
1561,79.0,68.0,0.5,0.1,0.3,RGwp,4F,D,,9.4,18.0,191.48936170212764,,95.0,DHMet_20250107,,,
1562,68.0,44.0,1.0,0.3,0.5,RG,1F,D,"RGlr, necks and bowling pins",22.800000000000004,53.5,234.6491228070175,,95.0,DHMet_20250107,,,
1563,44.0,22.0,1.5,0.5,1.0,FC,4F,D,FCso,22.8,57.5,252.1929824561404,,95.0,DHMet_20250107,,,
1564,22.0,6.0,4.0,1.0,2.0,DHcp,F,D,,15.0,39.5,263.3333333333333,,95.0,DHMet_20250107,,,
1565,6.0,0.0,2.0,0.5,1.0,MFcl,P,D,looks like DHxr,6.8,17.0,250.0,,95.0,DHMet_20250107,,,
1571,144.0,142.0,1.0,0.3,0.5,FCsf,F,D,SHxr,1.799999999999983,2.5,138.8888888888902,20250227.0,144.0,AM_20250227,4.751936170212767,0.26621468085106376,
1572,142.0,129.0,1.0,0.5,0.8,RGxf,F,D,,13.000000000000014,18.5,142.30769230769215,,144.0,AM_20250227,74.80356132220798,1.607453601902671,
1573,129.0,112.0,0.8,0.1,0.3,RG,1F,D,RGsr,15.599999999999994,35.0,224.35897435897445,,144.0,AM_20250227,,,
1574,112.0,86.0,1.0,0.3,0.5,RG,P,D,RGlr,25.0,66.5,266.0,,144.0,AM_20250227,,,
1575,86.0,65.0,2.0,0.5,1.0,FCxr,4F,D,,20.8,61.5,295.67307692307696,,144.0,AM_20250227,,,
1576,65.0,35.0,2.5,1.0,1.5,FCxr,4F,D,,32.00000000000001,96.5,301.56249999999994,,144.0,AM_20250227,,,
1577,35.0,19.0,3.0,1.0,1.5,DHxr,F,D,,17.4,47.5,272.98850574712645,,144.0,AM_20250227,,,
1578,19.0,0.0,4.0,1.0,2.0,DHxr,1F,D,Chains clumps,17.0,47.5,279.4117647058824,,144.0,AM_20250227,,,
1583,59.0,58.5,1.0,0.3,0.5,FCsf,F,D,RR NSF,,,,20241211.0,59.0,AM_20241211,0.981,0.07230491428571427,
1584,58.5,52.0,1.5,0.5,1.0,DF,F,D,"DFbk arms, PPsd, some FCsf",6.200000000000003,6.5,104.8387096774193,,59.0,AM_20241211,16.90424703296703,0.5003998303296703,
1585,52.0,28.0,2.0,0.5,1.0,FC,4F,D,FCso Prisms,25.2,57.0,226.1904761904762,,59.0,AM_20241211,,,
1586,28.0,6.0,3.0,1.0,2.0,DHla,F,D,"Prisms, cups, some striations",24.0,57.5,239.58333333333331,,59.0,AM_20241211,,,
1587,6.0,0.0,4.0,1.0,2.0,DHla,1F,D,Clear striations,5.8,8.0,137.93103448275863,,59.0,AM_20241211,,,
1595,240.0,235.0,1.0,0.3,0.5,PPsd,F,D,"Some PPir, PPnd",5.0,13.2,263.4,20250219.0,240.0,BOG_20250219,,0.5647190845204179,
1596,235.0,231.0,2.0,0.5,1.0,DF,F,D,"needles, stellars",4.0,10.7,268.6,,240.0,BOG_20250219,,1.4915822396204035,
1597,231.0,226.0,2.0,1.0,1.5,DF,F,D,stellars,5.0,13.0,260.9,,240.0,BOG_20250219,,2.8121455631528964,
1598,226.0,216.0,1.0,0.3,0.5,DF,F,D,rounding,10.0,32.3,323.5,,240.0,BOG_20250219,,10.566728351878268,
1599,216.0,209.0,0.3,0.1,0.2,RG,F,D,"prev. DF, small, poor bonds",,,324.8,,240.0,BOG_20250219,,16.220207529411763,
1600,209.0,198.0,0.4,0.2,0.3,RG,F,D,"prev. DF, small, poor bonds",,,359.9,,240.0,BOG_20250219,,,
1601,198.0,167.0,0.8,0.3,0.5,RG,4F,D,,,,333.1,,240.0,BOG_20250219,,,
1602,167.0,166.0,0.8,0.3,0.5,MFcr,4F,D,,,,0.0,,240.0,BOG_20250219,,,
1603,166.0,136.0,1.0,0.3,0.5,RGlr,4F,D,Evidence of faceting,,,346.8,,240.0,BOG_20250219,,,
1604,136.0,125.0,0.2,0.1,0.1,RGsr,1F,D,some faceted edges,,,421.1,,240.0,BOG_20250219,,,
1605,125.0,107.0,1.0,0.3,0.7,RG,4F,D,"1F @ bottom, previous facets",,,305.3,,240.0,BOG_20250219,,,
1606,107.0,105.5,1.5,0.5,0.8,RGxf,1F,D,,,,297.6,,240.0,BOG_20250219,,,
1607,105.5,105.0,1.0,0.5,0.7,MFcr,P,,Some IF,,,0.0,,240.0,BOG_20250219,,,
1608,105.0,95.0,1.5,0.5,1.0,FCxr,1F,,,,,300.0,,240.0,BOG_20250219,,,
1609,95.0,92.0,0.8,0.3,0.5,MFcr,1F,,,,,0.0,,240.0,BOG_20250219,,,
1610,92.0,78.5,1.0,0.5,0.7,RGxf,1F,,,,,312.7,,240.0,BOG_20250219,,,
1611,78.5,78.0,,,,IFil,I,,,,,0.0,,240.0,BOG_20250219,,,
1612,78.0,64.0,0.7,0.3,0.5,RGxf,P,,,,,,,240.0,BOG_20250219,,,
1613,64.0,63.5,,,,IFil,I,,MFcr top and bottom,,,0.0,,240.0,BOG_20250219,,,
1614,63.5,54.0,0.8,0.4,0.6,RGxf,P,,,,,,,240.0,BOG_20250219,,,
1615,54.0,44.0,0.5,0.2,0.3,RG,1F,,,,,,,240.0,BOG_20250219,,,
1616,44.0,35.0,0.5,0.2,0.3,RGxf,P,,,,,,,240.0,BOG_20250219,,,
1617,35.0,19.0,1.5,0.5,1.0,FCxr,P,,,,,,,240.0,BOG_20250219,,,
1618,19.0,0.0,2.0,1.0,1.5,FCxr,P,,,,,,,240.0,BOG_20250219,,,
1619,104.0,100.5,2.0,0.5,1.0,MFcr,K,D,,3.2,9.5,297.0,20250228.0,104.0,DHMet_CLPXDH_20250228,41.77538448979592,,
1620,100.5,75.0,1.0,0.5,0.8,RG,1F,D,RGlr,26.4,59.5,225.0,,104.0,DHMet_CLPXDH_20250228,69.39819327731092,,
1621,75.0,70.0,0.8,0.1,0.5,MFcl,P,D,,6.4,19.5,305.0,,104.0,DHMet_CLPXDH_20250228,,,
1622,70.0,58.0,0.8,0.3,0.5,RG,1F,D,"RGlr
Visible H2O Bonds",13.2,31.0,235.0,,104.0,DHMet_CLPXDH_20250228,,,
1623,58.0,30.0,2.0,0.5,1.0,FCxr,4F,M,,27.2,73.0,268.0,,104.0,DHMet_CLPXDH_20250228,,,
1624,30.0,8.0,2.0,0.5,1.5,FCxr,4F,M,,20.4,59.0,296.0,,104.0,DHMet_CLPXDH_20250228,,,
1625,8.0,0.0,3.0,1.0,1.5,DHxr,K,M,intermittent basal ice,5.0,13.5,270.0,,104.0,DHMet_CLPXDH_20250228,,,
1631,73.0,65.0,0.8,0.3,0.5,FCsf,F,M,,7.4,10.0,135.13513513513513,20250211.0,73.0,FEFHQ_20250211,98.6398402366864,0.48379588888888886,
1632,65.0,63.0,0.8,0.1,0.3,MFcr,K,D,"Large Clumps
Crust",3.4,10.5,308.8235294117647,,73.0,FEFHQ_20250211,,,
1633,63.0,38.0,1.0,0.3,0.5,RGxf,4F,D,,24.4,58.5,239.75409836065572,,73.0,FEFHQ_20250211,,,
1634,38.0,17.0,2.0,0.5,1.0,DHxr,F,D,,20.8,48.0,230.7692307692308,,73.0,FEFHQ_20250211,,,
1635,17.0,0.0,4.0,1.0,1.5,DHla,F,D,"Cups
Striations",15.4,36.0,233.76623376623377,,73.0,FEFHQ_20250211,,,
1643,79.0,70.0,8.0,0.5,2.0,MFpc,4F,W,"MFpc, originally recorded as MFsl, changed for accuracy",8.8,33.5,380.6818181818181,20250415.0,79.0,DHMet_20250415,,,
1644,70.0,60.0,4.0,1.0,2.0,MFpc,P,M,MFcl,10.4,43.5,418.2692307692308,,79.0,DHMet_20250415,,,
1645,60.0,57.0,2.0,0.5,1.0,MFpc,K,M,MFcl,3.6,14.5,402.77777777777777,,79.0,DHMet_20250415,,,
1646,57.0,30.0,2.0,0.5,1.0,MFcl,1F,M,,25.8,97.5,377.906976744186,,79.0,DHMet_20250415,,,
1647,30.0,0.0,4.0,1.0,2.0,MFcl,F,W,FCxr,29.0,93.5,322.41379310344826,,79.0,DHMet_20250415,,,
1655,91.0,90.0,16.0,2.0,6.0,PPgp,F,D,,,,,20250225.0,91.0,JPLMet_20250225,34.397176056338026,4.882844159624411,
1656,90.0,88.0,1.0,0.3,0.5,MFcr,K,M,,3.6,10.5,291.6666666666667,,91.0,JPLMet_20250225,40.85299174989145,0.9705883546099291,
1657,88.0,67.0,0.8,0.1,0.3,RG,P,M,RGsr,17.8,35.5,199.438202247191,,91.0,JPLMet_20250225,47.19011238692252,1.1601093971631204,
1658,67.0,58.0,1.0,0.3,0.5,RG,1F,M,RGlr,8.8,23.0,261.3636363636363,,91.0,JPLMet_20250225,,,
1659,58.0,55.0,1.0,0.3,0.5,MFcr,K,D,MFcr,3.0,10.0,333.3333333333333,,91.0,JPLMet_20250225,,,
1660,55.0,35.0,1.0,0.5,0.8,FCxr,4F,D,"Almost moist 
Very rounded",17.6,45.5,258.52272727272725,,91.0,JPLMet_20250225,,,
1661,35.0,12.0,3.0,1.0,1.5,DHxr,F,D,Very rounded,23.2,56.0,241.3793103448276,,91.0,JPLMet_20250225,,,
1662,12.0,0.0,6.0,1.0,2.0,DHxr,4F,D,Still cups/striated,14.0,34.0,242.8571428571429,,91.0,JPLMet_20250225,,,
1667,93.0,92.5,0.5,0.1,0.3,FCsf,F,D,,,,,20250115.0,93.0,AM_20250115,0.981,,
1668,92.5,82.0,1.5,0.3,0.8,DF,F,D,DFdc,10.0,10.5,105.0,,93.0,AM_20250115,34.409955840208426,,
1669,82.0,73.0,1.5,0.5,1.0,RGxf,4F,D,,8.4,13.5,160.7142857,,93.0,AM_20250115,,,
1670,73.0,48.0,0.8,0.3,0.5,RG,1F,D,RGlr,24.2,62.5,258.2644628,,93.0,AM_20250115,,,
1671,48.0,45.0,2.0,0.5,1.0,MFcl,P,D,"Clumps, early faceting",4.4,13.5,306.8181818,,93.0,AM_20250115,,,
1672,45.0,26.0,2.0,0.5,1.0,DHxr,4F,D,,18.6,45.5,244.6236559,,93.0,AM_20250115,,,
1673,26.0,0.0,4.0,1.0,2.0,DHla,F,D,DHch,25.8,61.5,238.372093,,93.0,AM_20250115,,,
1679,125.0,121.0,0.1,0.1,0.1,RGwp,F,D,secondary DF,4.0,7.7,193.3,20241217.0,125.0,BOG_20241217,13.425037366548045,0.2589388113879003,0.27182398618973025
1680,121.0,97.0,1.5,0.5,0.8,DF,F,D,,24.0,49.4,205.9,,125.0,BOG_20241217,251.19318068399235,2.2577882078774616,0.5885681730816659
1681,97.0,72.0,0.4,0.1,0.3,RG,F,D,"2.5mm needles, secondary DF",25.0,57.7,230.8,,125.0,BOG_20241217,,,
1682,72.0,64.0,1.0,0.5,1.0,DF,4F,D,heavily rounded,8.0,20.1,251.7,,125.0,BOG_20241217,,,
1683,64.0,54.0,1.5,0.5,1.0,DF,4F,D,,10.0,22.6,225.7,,125.0,BOG_20241217,,,
1684,54.0,50.5,1.0,0.5,0.8,RG,4F,D,,3.5,9.6,273.8,,125.0,BOG_20241217,,,
1685,50.5,50.0,2.0,0.7,1.5,MFcr,4F,D,Faceted edges,0.5,1.5,294.12462636,,125.0,BOG_20241217,,,
1686,50.0,35.0,2.0,1.0,1.5,FCxr,F,D,,15.0,44.8,298.6,,125.0,BOG_20241217,,,
1687,35.0,26.0,2.0,1.0,1.5,MFcr,P,D,heavily faceted,,,313.9422613,,125.0,BOG_20241217,,,
1688,26.0,14.0,2.0,0.5,1.5,MF,1F,D,heavily faceted,,,260.5,,125.0,BOG_20241217,,,
1689,14.0,7.0,2.0,0.7,1.0,MF,P,D,,,,,,125.0,BOG_20241217,,,
1690,7.0,0.0,2.0,0.8,1.0,MFcr,1F,D,horizontally varies 1F to P,,,0.0,,125.0,BOG_20241217,,,
1691,48.0,47.5,2.0,0.5,1.0,DF,F,D,"DFdc
FCsf taking over",,,,20241205.0,48.0,LFMet_20241205,0.981,0.06295022857142857,
1692,47.5,29.0,1.0,0.3,0.5,RGxf,F,D,DFbk starting to facet,19.0,27.5,144.73684210526315,,48.0,LFMet_20241205,21.11413846153846,0.5981848780487805,
1693,29.0,23.0,1.0,0.3,0.5,FCxr,1F,D,"Necking bonds
Old surface?",6.0,13.5,225.0,,48.0,LFMet_20241205,,,
1694,23.0,0.0,3.0,1.0,2.0,DHpr,4F,D,"Starting to cup, some striations",23.0,41.5,180.43478260869568,,48.0,LFMet_20241205,,,
1703,100.0,99.0,1.0,0.3,0.5,MFcr,P,M,FCsf,,,,20250318.0,100.0,FEFHQ_20250318,8.78754929577465,1.7075606478873242,
1704,99.0,94.0,0.8,0.1,0.3,FCsf,F,M,,5.2,11.0,211.53846153846152,,100.0,FEFHQ_20250318,85.34780077274851,1.9849299145299144,
1705,94.0,87.0,1.0,0.3,0.5,MFcr,K,D,"MFcr
MFpc",7.4,23.0,310.8108108108108,,100.0,FEFHQ_20250318,51.10042317881402,0.5176721602564103,
1706,87.0,69.0,0.8,0.3,0.5,RG,4F,M,RGlr,18.0,51.0,283.3333333333333,,100.0,FEFHQ_20250318,,,
1707,69.0,63.0,1.0,0.3,0.5,FCxr,1F,D,,6.0,19.0,316.6666666666667,,100.0,FEFHQ_20250318,,,
1708,63.0,60.0,1.5,0.5,1.0,MFcr,P,D,"MFcr
MFpc",,,,,100.0,FEFHQ_20250318,,,
1709,60.0,37.0,2.0,0.5,1.0,FCxr,4F,D,,26.4,77.0,291.6666666666667,,100.0,FEFHQ_20250318,,,
1710,37.0,18.0,4.0,1.0,2.0,DHxr,F,D,DHch,18.8,46.5,247.3404255319149,,100.0,FEFHQ_20250318,,,
1711,18.0,0.0,8.0,1.0,4.0,DHxr,P,D,DHch,15.4,35.5,230.5194805194805,,100.0,FEFHQ_20250318,,,
1715,210.0,198.0,3.0,0.5,1.0,DF,F,D,"rounding, also clean needles",12.0,22.6,188.0,20250201.0,210.0,BDG_20250201,122.32288466111773,,0.9026980049731164
1716,198.0,188.0,1.5,0.5,1.0,DF,F,D,,10.0,19.8,198.2,,210.0,BDG_20250201,575.3344090075403,,3.99763903066291
1717,188.0,187.0,2.0,1.0,1.5,SHxr,F,D,,1.0,1.9,190.8,,210.0,BDG_20250201,,,
1718,187.0,177.0,1.0,0.3,0.5,FCxr,F,D,,10.0,20.5,205.3,,210.0,BDG_20250201,,,
1719,177.0,176.0,3.0,1.0,2.0,SHxr,F,D,very late stages of rounding,1.0,2.2,220.2,,210.0,BDG_20250201,,,
1720,176.0,162.0,1.0,0.4,0.7,FCxr,F,D,,14.0,34.9,249.4,,210.0,BDG_20250201,,,
1721,162.0,161.0,0.5,0.2,0.3,MFcr,4F,D,,1.0,2.4,286.4952845375,,210.0,BDG_20250201,,,
1722,161.0,142.0,0.7,0.2,0.5,RGxf,4F,D,faceted on top and bottom,19.0,55.4,291.3,,210.0,BDG_20250201,,,
1723,142.0,104.0,7.0,0.3,0.5,RGxf,1F,D,,38.0,127.8,336.4,,210.0,BDG_20250201,,,
1724,104.0,79.0,0.7,0.2,0.4,RG,P,D,graupel layer at 129,25.0,92.1,368.4,,210.0,BDG_20250201,,,
1725,79.0,78.0,3.0,1.5,2.0,SHxr,F,D,a few faceted edges,1.0,3.6,355.5,,210.0,BDG_20250201,,,
1726,78.0,60.0,0.8,0.5,0.6,RGlr,P,D,,18.0,65.1,361.5,,210.0,BDG_20250201,,,
1727,60.0,57.0,0.5,0.3,0.4,MFcr,1F,D,,3.0,10.8,325.126898,,210.0,BDG_20250201,,,
1728,57.0,20.0,0.4,0.2,0.3,RG,K,D,,,,410.7,,210.0,BDG_20250201,,,
1729,20.0,0.0,1.0,0.5,0.7,RGlr,P,D,,,,,,210.0,BDG_20250201,,,
1730,108.0,96.0,1.0,0.1,0.3,DF,4F,D,DFbk,11.199999999999989,14.0,125.0,20250214.0,108.0,DHMet_20250214,39.815905487804876,1.522604810576923,
1731,96.0,85.0,1.0,0.3,0.5,DF,4F,D,DFdc PPpl PPsd,10.0,18.0,175.0,,108.0,DHMet_20250214,,,
1732,85.0,82.0,1.0,0.3,0.8,MFcr,K,D,Some faceting,3.200000000000003,10.0,297.0,,108.0,DHMet_20250214,,,
1733,82.0,61.0,0.8,0.3,0.5,RG,1F,D,,18.800000000000004,48.0,256.0,,108.0,DHMet_20250214,,,
1734,61.0,44.0,2.0,0.5,1.0,FCxr,1F,D,,11.4,34.0,299.0,,108.0,DHMet_20250214,,,
1735,44.0,21.0,2.5,0.5,1.0,FCxr,4F,D,,23.2,61.0,261.0,,108.0,DHMet_20250214,,,
1736,21.0,0.0,3.0,1.0,2.0,DHxr,4F,D,DHch,19.8,51.0,258.0,,108.0,DHMet_20250214,,,
1742,53.0,52.5,2.0,0.5,1.0,PP,F,D,"PPgp, Some clear PPsd",,,,20241226.0,53.0,JPLMet_20241226,0.981,0.07912702857142857,
1743,52.5,40.0,1.0,0.3,0.5,DF,F,D,DFdc,13.0,21.5,165.3846153846154,,53.0,JPLMet_20241226,12.55274255514706,0.2962298072289157,
1744,40.0,4.0,4.0,1.0,2.0,DHla,F,D,Visual evidence of old layer,34.4,60.0,174.4186046511628,,53.0,JPLMet_20241226,,,
1745,4.0,0.0,2.0,0.5,1.0,IFbi,P,D,"Clamps, Intermittent",3.0,6.5,216.66666666666663,,53.0,JPLMet_20241226,,,
1754,97.0,96.5,2.0,0.5,1.0,DF,F,D,DHbk FCsf Needles,,,,20250108.0,97.0,FST_20250108,0.981,0.030074285714285713,
1755,96.5,81.0,0.5,0.1,0.3,FC,F,D,FCso Some DF,15.8,16.0,101.26582278481013,,97.0,FST_20250108,32.255317725395244,0.7563002982312925,
1756,81.0,50.0,0.5,0.1,0.3,RGxf,1F,D,,30.0,64.5,215.0,,97.0,FST_20250108,,,
1757,50.0,31.0,2.0,1.0,1.5,RGxf,1F,D,,19.8,50.0,252.5252525252525,,97.0,FST_20250108,,,
1758,31.0,0.0,4.0,1.0,2.0,DHcp,4F,D,,28.2,68.5,242.90780141843973,,97.0,FST_20250108,,,
1766,77.0,68.0,,,<1,PP,F,D,rimed,,,,,77.0,JPLMet_20240117,,0.38814119365079364,
1767,68.0,45.0,,,<1,RG,F+,D,"DF, 1-2mm",,,,,77.0,JPLMet_20240117,,,
1768,45.0,39.0,,,<1,RG,F+,D,,,,,,77.0,JPLMet_20240117,,,
1769,39.0,32.0,,,<1,RG,1F,D,wind packed,,,,,77.0,JPLMet_20240117,,,
1770,32.0,28.0,,,1_2,RG,4F,D,,,,,,77.0,JPLMet_20240117,,,
1771,28.0,22.0,,,2_4,FC,F,D,,,,,,77.0,JPLMet_20240117,,,
1772,22.0,0.0,,,4_6,DH,F+,D,chains,,,,,77.0,JPLMet_20240117,,,
1773,32.0,25.0,,,<1,FC,F-,D,,,,,,32.0,JPLMet_20240103,,0.2902332133333333,
1774,25.0,16.5,,,2_4,FC,F,D,,,,,,32.0,JPLMet_20240103,,,
1775,16.5,9.5,,,4_6,FC,F,D,chains,,,,,32.0,JPLMet_20240103,,,
1776,9.5,0.0,,,2_4,DH,4F+,D,secondary size 4-6mm,,,,,32.0,JPLMet_20240103,,,
1777,81.0,65.0,,,<1,DF,F,D,some rounds,,,,,81.0,JPLMet_20240228,36.592803448275866,0.9217834763636363,
1778,65.0,64.0,,,<1,MFcr,1F+,D,some faceted edges,,,,,81.0,JPLMet_20240228,,,
1779,64.0,40.0,,,1_2,RG,F,D,showing FC,,,,,81.0,JPLMet_20240228,,,
1780,40.0,27.0,,,1_2,FC,4F+,D,,,,,,81.0,JPLMet_20240228,,,
1781,27.0,24.5,,,1_2,RG,1F-,D,some facets,,,,,81.0,JPLMet_20240228,,,
1782,24.5,0.0,,,4_6,FC,F,D,,,,,,81.0,JPLMet_20240228,,,
1783,158.0,153.0,,,1_2,PP,F-,D,"stelars, needles, some riming",,,,,158.0,FSTA_20240118,9.81,0.20485110161443496,
1784,153.0,128.0,,,1_2,DF,F,D,,,,,,158.0,FSTA_20240118,50.605578710644686,1.244015343373494,
1785,128.0,86.5,,,<1,RG,F+,D,some DF 1-2mm,,,,,158.0,FSTA_20240118,,,
1786,86.5,68.0,,,1_2,RG,1F,D,,,,,,158.0,FSTA_20240118,,,
1787,68.0,44.0,,,2_4,FC,F,D,"some rounding, some 4-6mm",,,,,158.0,FSTA_20240118,,,
1788,44.0,23.0,,,2_4,FC,F,D,,,,,,158.0,FSTA_20240118,,,
1789,23.0,0.0,,,2_4,DH,F+,D,"some 4-6mm, some cups, some prisms",,,,,158.0,FSTA_20240118,,,
1790,145.0,130.0,,,1_2,MF,F+,M,1mm,,,,,145.0,DHNMet_20240514,253.93442182460737,4.430733337773549,
1791,130.0,127.0,,,<1,MF,1F,M,0.5mm,,,,,145.0,DHNMet_20240514,21.244307372175985,,
1792,127.0,126.5,,,<1,MF,P,M,"0.2mm, prev ice lens, still 0.5cm ice form in places",,,,,145.0,DHNMet_20240514,,,
1793,126.5,118.0,,,<1,MF,1F,M,0.5mm,,,,,145.0,DHNMet_20240514,,,
1794,118.0,115.0,,,<1,MF,1F,M,"0.2mm, well bonded",,,,,145.0,DHNMet_20240514,,,
1795,115.0,109.0,,,<1,MF,1F,M,0.1mm,,,,,145.0,DHNMet_20240514,,,
1796,109.0,107.5,,,<1,MF,4F,VW,"0.2mm, dicontinuous layer",,,,,145.0,DHNMet_20240514,,,
1797,107.5,93.0,,,<1,MF,P,M,"0.5mm, faint dust layer @96cm.  ~0.5 cm thick",,,,,145.0,DHNMet_20240514,,,
1798,93.0,64.0,,,<1,MF,1F,M,0.2-0.3mm,,,,,145.0,DHNMet_20240514,,,
1799,64.0,44.0,,,<1,RG,1F,M,0.3mm,,,,,145.0,DHNMet_20240514,,,
1800,44.0,0.0,,,2_4,FC,4F,M,"2mm, wet facets",,,,,145.0,DHNMet_20240514,,,
1801,109.0,95.0,,,<1,RG,F,D,Some DF,,,,,109.0,AM_20240214,48.511389655172415,1.4592995271393643,
1802,95.0,82.0,,,1_2,RG,F+,D,,,,,,109.0,AM_20240214,,,
1803,82.0,81.5,,,1_2,MFcr,F,D,"recrystalizing, MFcr -> FC",,,,,109.0,AM_20240214,,,
1804,81.5,75.0,,,1_2,RG,F+,D,Faceting,,,,,109.0,AM_20240214,,,
1805,75.0,59.0,,,<1,RG,4F+,D,,,,,,109.0,AM_20240214,,,
1806,59.0,51.0,,,<1,RG,1F,D,,,,,,109.0,AM_20240214,,,
1807,51.0,41.0,,,2_4,FC,F,D,some rounded edges,,,,,109.0,AM_20240214,,,
1808,41.0,40.5,,,<1,MFcr,F+,D,faceting - recrystalizing.  MFcr --> FC,,,,,109.0,AM_20240214,,,
1809,40.5,23.0,,,2_4,FC,F+,D,"Some to 6mm, some rounded edges",,,,,109.0,AM_20240214,,,
1810,23.0,0.0,,,4_6,FC,F,D,"DH, striations, cups",,,,,109.0,AM_20240214,,,
1811,147.0,132.0,,,1_2,DF,F,D,rounding,,,,,147.0,FSTA_20240221,87.70036864153323,,
1812,132.0,102.0,,,1_2,RG,4F,D,DF secondary,,,,,147.0,FSTA_20240221,,,
1813,102.0,101.5,,,4_6,SH,F,D,surface hoar,,,,,147.0,FSTA_20240221,,,
1814,101.5,87.0,,,<1,RG,1F,D,,,,,,147.0,FSTA_20240221,,,
1815,87.0,68.0,,,<1,RG,1F+,D,,,,,,147.0,FSTA_20240221,,,
1816,68.0,60.0,,,2_4,FC,4F,D,rounding,,,,,147.0,FSTA_20240221,,,
1817,60.0,38.0,,,2_4,FC,4F,D,rounding,,,,,147.0,FSTA_20240221,,,
1818,38.0,8.0,,,4_6,FC,F,D,"squares, prisms",,,,,147.0,FSTA_20240221,,,
1819,8.0,0.0,,,4_6,DH,4F,D,well bonded,,,,,147.0,FSTA_20240221,,,
1820,53.0,51.0,,,<1,MF,F,W,,,,,,53.0,JPLMet_20240417,99.25957446808512,4.58633614893617,
1821,51.0,49.0,,,<1,MF,4F,VW,Dusty layer,,,,,53.0,JPLMet_20240417,69.23274858879722,1.6305614822695036,
1822,49.0,44.0,,,1_2,MF,1F+,M,,,,,,53.0,JPLMet_20240417,25.555109890109893,3.6896899508196723,
1823,44.0,32.0,,,1_2,MF,1F,M,,,,,,53.0,JPLMet_20240417,,,
1824,32.0,23.0,,,1_2,MF,4F,M,,,,,,53.0,JPLMet_20240417,,,
1825,23.0,18.0,,,1_2,MF,4F+,W,,,,,,53.0,JPLMet_20240417,,,
1826,18.0,0.0,,,2_4,MF,F,M,,,,,,53.0,JPLMet_20240417,,,
1827,75.0,67.0,,,<1,FC,F,D,,,,,,75.0,JPL1_20240213,42.38413096549842,,
1828,67.0,65.5,,,<1,MFcr,4F,D,some facets,,,,,75.0,JPL1_20240213,,,
1829,65.5,60.5,,,1_2,FC,F,D,,,,,,75.0,JPL1_20240213,,,
1830,60.5,59.5,,,<1,FC,F,D,"was MFcr, but recrystalizing",,,,,75.0,JPL1_20240213,,,
1831,59.5,51.0,,,1_2,FC,4F,D,,,,,,75.0,JPL1_20240213,,,
1832,51.0,38.0,,,1_2,FC,1F-,D,some rounds,,,,,75.0,JPL1_20240213,,,
1833,38.0,28.0,,,1_2,RG,P,D,,,,,,75.0,JPL1_20240213,,,
1834,28.0,0.0,,,4_6,FC,F+,D,"Dh squares, striations",,,,,75.0,JPL1_20240213,,,
1835,75.0,67.0,,,<1,FC,F,D,,,,,,75.0,JPL1_20240207,51.27810459183673,,
1836,67.0,65.5,,,<1,MFcr,4F,D,some facets,,,,,75.0,JPL1_20240207,,,
1837,65.5,60.5,,,1_2,FC,F,D,,,,,,75.0,JPL1_20240207,,,
1838,60.5,59.5,,,<1,FC,F,D,"was MFcr, but recrystalizing",,,,,75.0,JPL1_20240207,,,
1839,59.5,51.0,,,1_2,FC,4F,D,,,,,,75.0,JPL1_20240207,,,
1840,51.0,38.0,,,1_2,FC,1F-,D,some orunds,,,,,75.0,JPL1_20240207,,,
1841,38.0,28.0,,,1_2,RG,P,D,,,,,,75.0,JPL1_20240207,,,
1842,28.0,0.0,,,4_6,FC,F+,D,"DH, squares striations",,,,,75.0,JPL1_20240207,,,
1843,61.0,59.0,,,1_2,PP,F-,D,"PPrm, FC 2mm, DF 1-2mm",,,,,61.0,JPLMet_20240123,9.809999999999999,,
1844,59.0,48.0,,,1_2,DF,F,D,faceting,,,,,61.0,JPLMet_20240123,54.71658608490565,,
1845,48.0,31.0,,,<1,RG,4F,D,secondary size: 1-2mm,,,,,61.0,JPLMet_20240123,,,
1846,31.0,19.0,,,<1,RG,1F+,D,,,,,,61.0,JPLMet_20240123,,,
1847,19.0,0.0,,,2_4,DH,F,D,"cups, secondary size 6mm",,,,,61.0,JPLMet_20240123,,,
1848,103.5,100.5,,,<1,DF,F,D,grapuel 2mm,,,,,103.5,AM_20240119,9.810000000000002,,
1849,100.5,84.0,,,<1,RG,F,D,DF,,,,,103.5,AM_20240119,28.092324872646266,,
1850,84.0,61.0,,,1_2,RG,4F,D,,,,,,103.5,AM_20240119,,,
1851,61.0,53.0,,,<1,RG,1F,D,RGwp,,,,,103.5,AM_20240119,,,
1852,53.0,35.0,,,2_4,FC,F,D,rounding,,,,,103.5,AM_20240119,,,
1853,35.0,34.3,,,<1,MFcr,K,D,rain crust from fall decomposing,,,,,103.5,AM_20240119,,,
1854,34.3,23.0,,,1_2,FC,4F,D,,,,,,103.5,AM_20240119,,,
1855,23.0,0.0,,,4_6,DH,F+,D,"cups, striations, large chains",,,,,103.5,AM_20240119,,,
1856,114.0,110.5,,,<1,PP,F,,"PPgr, 1mm, stellars",,,,,114.0,LFMet_20240119,9.809999999999999,,
1857,110.5,93.0,,,<1,RG,F,,some DF,,,,,114.0,LFMet_20240119,32.98745814713533,,
1858,93.0,63.0,,,<1,RG,F+,,some DF,,,,,114.0,LFMet_20240119,,,
1859,63.0,45.0,,,<1,RG,4F+,,,,,,,114.0,LFMet_20240119,,,
1860,45.0,13.0,,,2_4,FC,F,,"Some rounding, 1-2mm top/2-4mm bottom, squares, prisms",,,,,114.0,LFMet_20240119,,,
1861,13.0,12.0,,,2_4,FC,F,,,,,,,114.0,LFMet_20240119,,,
1862,12.0,10.5,,,2_4,FC,1F,,"rounding, well bonded",,,,,114.0,LFMet_20240119,,,
1863,10.5,0.0,,,4_6,DH,F,,"closwer to 4mm, cups, squares",,,,,114.0,LFMet_20240119,,,
1864,35.0,30.5,,,1_2,DF,F,D,"Old stellars, no riming",,,,,35.0,JPL1_20231227,,,
1865,30.5,24.0,,,<1,FC,F,D,some DF,,,,,35.0,JPL1_20231227,,,
1866,24.0,13.5,,,2_4,FC,F-,D,,,,,,35.0,JPL1_20231227,,,
1867,13.5,5.5,,,2_4,FC,F+,D,Some chains,,,,,35.0,JPL1_20231227,,,
1868,5.5,0.0,,,4_6,DH,F,D,"pronounced striations, cups forming",,,,,35.0,JPL1_20231227,,,
1869,43.0,40.5,,,1_2,FC,F-,D,1mm,,,,,43.0,LFMet_20231220,,0.5457732978571429,
1870,40.5,35.0,,,1_2,FC,F,D,1mm rounding,,,,,43.0,LFMet_20231220,,0.7492082479166666,
1871,35.0,25.0,,,2_4,FC,F,D,rounding occuring,,,,,43.0,LFMet_20231220,,,
1872,25.0,13.5,,,1_2,FC,4F,D,2mm,,,,,43.0,LFMet_20231220,,,
1873,13.5,8.5,,,2_4,FC,P,D,"1mm, several 4mm",,,,,43.0,LFMet_20231220,,,
1874,8.5,0.0,,,4_6,FC,F+,D,,,,,,43.0,LFMet_20231220,,,
1875,63.0,61.0,,,<1,FC,F,D,0.5mm,,,,,63.0,FSTA_20231220,9.809999999999999,0.3458374468085106,
1876,61.0,49.0,,,<1,FC,F,D,"0.5mm, some rounding",,,,,63.0,FSTA_20231220,33.98600670415225,0.5695096017316016,
1877,49.0,34.0,,,1_2,FC,1F-,D,,,,,,63.0,FSTA_20231220,,,
1878,34.0,17.0,,,1_2,FC,4F,D,,,,,,63.0,FSTA_20231220,,,
1879,17.0,10.0,,,2_4,FC,4F,D,large chains,,,,,63.0,FSTA_20231220,,,
1880,10.0,0.0,,,2_4,FC,1F,D,,,,,,63.0,FSTA_20231220,,,
1881,31.5,27.5,,,1_2,DF,F,D,stellars,,,,,31.5,JPLMet_20231227,,0.43715375862068956,
1882,27.5,23.0,,,1_2,FC,F,D,evidence of rounding,,,,,31.5,JPLMet_20231227,,,
1883,23.0,10.0,,,2_4,FC,F,D,"striations, some chains",,,,,31.5,JPLMet_20231227,,,
1884,10.0,0.0,,,2_4,DH,F+,D,,,,,,31.5,JPLMet_20231227,,,
1885,72.0,69.0,,,1_2,DF,F-,D,Sh 2-4mm,,,,,72.0,FSTA_20231228,9.810000000000002,0.1798810868878357,
1886,69.0,59.0,,,2_4,DF,F,D,,,,,,72.0,FSTA_20231228,27.57583728966346,0.5277724896174862,
1887,59.0,43.0,,,1_2,FC,4F,D,rounding starting,,,,,72.0,FSTA_20231228,,,
1888,43.0,29.0,,,<1,FC,1F+,D,rounding,,,,,72.0,FSTA_20231228,,,
1889,29.0,17.0,,,2_4,FC,F,D,,,,,,72.0,FSTA_20231228,,,
1890,17.0,0.0,,,4_6,FC,F+,D,,,,,,72.0,FSTA_20231228,,,
1891,168.0,148.0,,,1_2,DF,F,D,,,,,,168.0,FSTA_20240319,142.4963713768116,4.6336081687515325,
1892,148.0,137.0,,,<1,RG,F+,D,DF 1mm,,,,,168.0,FSTA_20240319,,,
1893,137.0,128.0,,,1_2,RG,4F+,D,1mm,,,,,168.0,FSTA_20240319,,,
1894,128.0,113.0,,,<1,RG,1F,D,,,,,,168.0,FSTA_20240319,,,
1895,113.0,87.5,,,1_2,RG,1F,D,,,,,,168.0,FSTA_20240319,,,
1896,87.5,87.0,,,>6,SH,F,D,rounding,,,,,168.0,FSTA_20240319,,,
1897,87.0,75.0,,,1_2,RG,1F-,D,,,,,,168.0,FSTA_20240319,,,
1898,75.0,53.0,,,1_2,RG,1F+,D,,,,,,168.0,FSTA_20240319,,,
1899,53.0,33.0,,,1_2,FC,F+,D,,,,,,168.0,FSTA_20240319,,,
1900,33.0,22.0,,,2_4,FC,F,D,rounding,,,,,168.0,FSTA_20240319,,,
1901,22.0,0.0,,,2_4,DH,F,D,striated,,,,,168.0,FSTA_20240319,,,
1902,51.0,49.0,,,1_2,DF,F,D,2mm DR,,,,,51.0,LFMet_20231228,9.809999999999999,0.1026118014184397,
1903,49.0,44.0,,,<1,FC,F,D,FC <1mm,,,,,51.0,LFMet_20231228,23.189583841463413,0.33237392941176463,
1904,44.0,40.0,,,2_4,FC,F,D,FC 2-4mm,,,,,51.0,LFMet_20231228,,,
1905,40.0,31.5,,,2_4,FC,F+,D,"FC2-4mm, rounding",,,,,51.0,LFMet_20231228,,,
1906,31.5,26.0,,,1_2,FC,4F,D,"FC 1-2mm, rounding",,,,,51.0,LFMet_20231228,,,
1907,26.0,15.0,,,2_4,FC,4F,D,"FC 2-4mm, small chains",,,,,51.0,LFMet_20231228,,,
1908,15.0,0.0,,,4_6,FC,4F+,D,"FC 4-6mm, chains",,,,,51.0,LFMet_20231228,,,
1909,94.0,91.5,,,2_4,PP,F-,D,stellars,,,,,94.0,LFMet_20240124,9.809999999999999,0.44911830285714294,
1910,91.5,76.0,,,1_2,RG,F+,D,DF secondary,,,,,94.0,LFMet_20240124,41.59685163581168,0.5615921187782806,
1911,76.0,53.5,,,<1,RG,4F,D,,,,,,94.0,LFMet_20240124,,,
1912,53.5,42.0,,,<1,RG,1F+,D,,,,,,94.0,LFMet_20240124,,,
1913,42.0,37.0,,,2_4,FC,F+,D,rounding,,,,,94.0,LFMet_20240124,,,
1914,37.0,11.0,,,2_4,FC,F,D,secondary FC 4-6,,,,,94.0,LFMet_20240124,,,
1915,11.0,0.0,,,4_6,DH,F+,D,striations,,,,,94.0,LFMet_20240124,,,
1916,69.0,65.0,,,2_4,DF,F,M,,,,,,69.0,JPL1_20240123,40.27133007117438,,
1917,65.0,55.0,,,1_2,DF,F,M,RG 1-2mm secondary,,,,,69.0,JPL1_20240123,25.370818200000006,,
1918,55.0,37.0,,,<1,RG,4F,D,,,,,,69.0,JPL1_20240123,,,
1919,37.0,27.0,,,<1,RG,1F,D,,,,,,69.0,JPL1_20240123,,,
1920,27.0,0.0,,,4_6,DH,F,D,striated,,,,,69.0,JPL1_20240123,,,
1921,133.0,130.0,,,1_2,DF,F,D,"stellar 2mm, up to 4mm",,,,,133.0,FSTA_20240124,9.810000000000002,,
1922,130.0,110.0,,,<1,RG,4F,D,DF - 1mm,,,,,133.0,FSTA_20240124,76.6657092555332,,
1923,110.0,84.5,,,<1,RG,P-,D,some faceted edges,,,,,133.0,FSTA_20240124,,,
1924,84.5,64.5,,,<1,RG,P+,D,0.1-0.3mm,,,,,133.0,FSTA_20240124,,,
1925,64.5,42.0,,,1_2,FC,1F-,D,rounding,,,,,133.0,FSTA_20240124,,,
1926,42.0,29.0,,,2_4,FC,1F+,D,rounding,,,,,133.0,FSTA_20240124,,,
1927,29.0,0.0,,,4_6,DH,4F,D,necking,,,,,133.0,FSTA_20240124,,,
1928,99.0,93.0,,,1_2,MF,F+,W,,,,,,99.0,LFMet_20240417,99.5078087885986,,
1929,93.0,87.0,,,<1,MF,F,M,,,,,,99.0,LFMet_20240417,49.76570806451613,,
1930,87.0,85.0,,,<1,MF,F,M,very small faceted edges,,,,,99.0,LFMet_20240417,,,
1931,85.0,83.0,,,1_2,MFcr,1F,M,bottom oof layer poorly bonded,,,,,99.0,LFMet_20240417,,,
1932,83.0,80.0,,,N/O,IF,K,,discontinuous,,,,,99.0,LFMet_20240417,,,
1933,80.0,77.0,,,1_2,MFcr,1F,M,1mm,,,,,99.0,LFMet_20240417,,,
1934,77.0,53.0,,,<1,MF,4F,M,,,,,,99.0,LFMet_20240417,,,
1935,53.0,35.0,,,1_2,MF,1F+,M,evidence of previous rounds,,,,,99.0,LFMet_20240417,,,
1936,35.0,10.0,,,2_4,DH,4F,M,"heavily rounded, some evidence of melt",,,,,99.0,LFMet_20240417,,,
1937,10.0,0.0,,,2_4,DH,1F,D,less rounded than layer above,,,,,99.0,LFMet_20240417,,,
1938,106.0,100.0,,,1_2,PPrm,F,D,some DF 105-93.5,,,,,106.0,LFMet_20240208,31.738806413301663,2.154957358669834,
1939,100.0,93.5,,,1_2,PP,F,D,"less rime than layer above, more stellars",,,,,106.0,LFMet_20240208,22.218585798816573,1.6859301513944225,
1940,93.5,91.5,,,1_2,DF,F,D,,,,,,106.0,LFMet_20240208,,,
1941,91.5,84.0,,,1_2,RG,F,D,mostly ~1mm,,,,,106.0,LFMet_20240208,,,
1942,84.0,83.5,,,1_2,FC,F,D,rounding,,,,,106.0,LFMet_20240208,,,
1943,83.5,72.0,,,<1,RG,4F,D,,,,,,106.0,LFMet_20240208,,,
1944,72.0,53.0,,,<1,RG,1F,D,,,,,,106.0,LFMet_20240208,,,
1945,53.0,46.0,,,<1,RG,P,D,,,,,,106.0,LFMet_20240208,,,
1946,46.0,10.0,,,2_4,FC,F,D,,,,,,106.0,LFMet_20240208,,,
1947,10.0,6.0,,,2_4,FC,P,D,"well bonded FC, some melt early season",,,,,106.0,LFMet_20240208,,,
1948,6.0,0.0,,,4_6,FC,F,D,"DH stirations, prisms",,,,,106.0,LFMet_20240208,,,
1949,146.0,145.5,,,2_4,FC,F+,M,"striated, squares, NSF's",,,,,146.0,AM_20240404,35.035714285714285,1.4218963999999998,
1950,145.5,141.0,,,1_2,MFcr,1F,D,"close to M, some facets",,,,,146.0,AM_20240404,94.31412433862434,3.7470906793650793,
1951,141.0,129.0,,,1_2,RG,F+,D,faceted,,,,,146.0,AM_20240404,176.58224587912088,4.047614906064209,
1952,129.0,128.5,,,1_2,FC,F,D,some rounded edges,,,,,146.0,AM_20240404,,,
1953,128.5,127.5,,,<1,MFcr,4F,D,,,,,,146.0,AM_20240404,,,
1954,127.5,126.5,,,1_2,MF,F,D,heavily faceted,,,,,146.0,AM_20240404,,,
1955,126.5,113.0,,,<1,RG,4F+,D,,,,,,146.0,AM_20240404,,,
1956,113.0,96.0,,,<1,RG,1F+,D,,,,,,146.0,AM_20240404,,,
1957,96.0,85.0,,,<1,RG,1F,D,,,,,,146.0,AM_20240404,,,
1958,85.0,49.0,,,<1,RG,4F+,D,closer to 1f @49cm,,,,,146.0,AM_20240404,,,
1959,49.0,14.0,,,2_4,FC,F,D,DH rounding,,,,,146.0,AM_20240404,,,
1960,14.0,0.0,,,4_6,FC,4F+,D,DH less rounded than layer above,,,,,146.0,AM_20240404,,,
1961,166.0,165.0,,,<1,MFcr,P,D,,,,,,166.0,FSTA_20240404,9.809999999999995,,
1962,165.0,164.0,,,<1,MF,F,VW,0.2-0.3mm,,,,,166.0,FSTA_20240404,9.809999999999995,,
1963,164.0,149.0,,,<1,RG,F+,D,0.1-0.2mm,,,,,166.0,FSTA_20240404,290.845432279545,,
1964,149.0,147.0,,,<1,MFcr,F,D,0.2-0.4mm,,,,,166.0,FSTA_20240404,,,
1965,147.0,114.0,,,<1,RG,1F,D,1F+ @ bottom of layer.  0.2-0.4,,,,,166.0,FSTA_20240404,,,
1966,114.0,79.5,,,<1,RG,P-,D,0.4-0.5mm.  old facets,,,,,166.0,FSTA_20240404,,,
1967,79.5,52.5,,,<1,RG,P,D,"0.4-0.5mm.  old facets, well bonded",,,,,166.0,FSTA_20240404,,,
1968,52.5,16.0,,,1_2,FC,4F+,D,rounding,,,,,166.0,FSTA_20240404,,,
1969,16.0,0.0,,,2_4,FC,F,D,"DH, cups, striations, rounding, some >4mm",,,,,166.0,FSTA_20240404,,,
1970,144.0,128.0,,,1_2,PP,F,D,"PPrm + PPgr (on top, 1 cm thick.  some rime + clean plates/stellars",,,,,144.0,FSTA_20240208,81.33511878524016,2.4399690377639014,
1971,128.0,126.0,,,2_4,PP,F,D,stellars starting to decompose,,,,,144.0,FSTA_20240208,,,
1972,126.0,110.5,,,<1,RG,F,D,,,,,,144.0,FSTA_20240208,,,
1973,110.5,109.5,,,2_4,SH,F,D,up to 10mm,,,,,144.0,FSTA_20240208,,,
1974,109.5,99.0,,,1_2,RG,4F+,D,mostly 1mm,,,,,144.0,FSTA_20240208,,,
1975,99.0,94.0,,,<1,RG,4F,D,some faceting edges,,,,,144.0,FSTA_20240208,,,
1976,94.0,76.0,,,<1,RG,1F,D,,,,,,144.0,FSTA_20240208,,,
1977,76.0,64.0,,,<1,RG,P+,D,some faceted edges,,,,,144.0,FSTA_20240208,,,
1978,64.0,39.0,,,2_4,FC,F+,D,,,,,,144.0,FSTA_20240208,,,
1979,39.0,0.0,,,1_2,FC,F,D,DH some up to 6mm,,,,,144.0,FSTA_20240208,,,
1980,58.5,58.0,,,1_2,FC,F,D,,,,,,58.5,JPLMet_20240207,9.81,,
1981,58.0,56.5,,,1_2,MFcr,1F+,D,,,,,,58.5,JPLMet_20240207,9.810000000000002,,
1982,56.5,50.5,,,<1,RG,F,D,faceting,,,,,58.5,JPLMet_20240207,53.026474662162165,,
1983,50.5,49.5,,,<1,MF,F,D,faceting,,,,,58.5,JPLMet_20240207,,,
1984,49.5,42.0,,,1_2,FC,F,D,,,,,,58.5,JPLMet_20240207,,,
1985,42.0,27.5,,,1_2,RG,1F,D,faceting,,,,,58.5,JPLMet_20240207,,,
1986,27.5,24.0,,,<1,RG,P,D,starting to facet,,,,,58.5,JPLMet_20240207,,,
1987,24.0,0.0,,,4_6,DH,F+,D,prisms,,,,,58.5,JPLMet_20240207,,,
1988,151.0,148.0,,,1_2,MF,F,W,1mm,,,,,151.0,WSL_20240515,81.81754963615532,,
1989,148.0,142.0,,,1_2,MF,4F,M,1mm,,,,,151.0,WSL_20240515,325.9009382422804,,
1990,142.0,140.0,,,<1,MFcr,1F,M,0.5mm,,,,,151.0,WSL_20240515,608.9099468085108,,
1991,140.0,130.0,,,1_2,MF,F,M,1mm,,,,,151.0,WSL_20240515,81.28685742062648,,
1992,130.0,116.0,,,<1,MF,4F,M,0.5mm,,,,,151.0,WSL_20240515,,,
1993,116.0,113.0,,,N/O,IF,I,,discontinuous,,,,,151.0,WSL_20240515,,,
1994,113.0,107.0,,,<1,MF,1F,M,0.2mm,,,,,151.0,WSL_20240515,,,
1995,107.0,105.0,,,<1,MFcr,P,W,"0.4mm, some MFcr, some MF, discontinuous",,,,,151.0,WSL_20240515,,,
1996,105.0,73.0,,,<1,MF,1F,M,0.5mm,,,,,151.0,WSL_20240515,,,
1997,73.0,55.0,,,<1,MF,P,M,0.5mm,,,,,151.0,WSL_20240515,,,
1998,55.0,39.0,,,<1,MF,1F,M,0.4mm,,,,,151.0,WSL_20240515,,,
1999,39.0,0.0,,,1_2,MF,4F,M,2mm,,,,,151.0,WSL_20240515,,,
2000,71.0,63.0,,,<1,FC,F,D,some 1-2mm stellars,,,,,71.0,JPLMet_20240213,37.738664555256065,,
2001,63.0,62.0,,,<1,MFcr,4F,D,,,,,,71.0,JPLMet_20240213,,,
2002,62.0,49.0,,,1_2,FC,F,D,previously rounds,,,,,71.0,JPLMet_20240213,,,
2003,49.0,34.0,,,1_2,FC,1F-,D,,,,,,71.0,JPLMet_20240213,,,
2004,34.0,29.5,,,<1,RG,P-,D,faceting,,,,,71.0,JPLMet_20240213,,,
2005,29.5,0.0,,,2_4,FC,F,D,DH,,,,,71.0,JPLMet_20240213,,,
2006,119.0,109.0,,,<1,RG,F,D,,,,,,119.0,AM_20240229,64.93378267278125,1.9128971954350926,
2007,109.0,101.0,,,1_2,RG,F+,D,some facets / faceted edges,,,,,119.0,AM_20240229,76.02749999999999,2.1306256842105262,
2008,101.0,90.0,,,1_2,RG,4F,D,,,,,,119.0,AM_20240229,,,
2009,90.0,79.0,,,1_2,RG,4F+,D,facets,,,,,119.0,AM_20240229,,,
2010,79.0,78.0,,,1_2,MF,F,D,heavily faced,,,,,119.0,AM_20240229,,,
2011,78.0,64.0,,,1_2,RG,1F,D,,,,,,119.0,AM_20240229,,,
2012,64.0,50.0,,,<1,RG,P-,D,,,,,,119.0,AM_20240229,,,
2013,50.0,14.0,,,2_4,FC,F,D,rounding,,,,,119.0,AM_20240229,,,
2014,14.0,0.0,,,2_4,DH,1F,D,"well bonded, striations, some 6-8mm",,,,,119.0,AM_20240229,,,
2015,32.5,26.5,,,2_4,FC,F-,D,,,,,,32.5,JPL1_20240103,10.549215070643642,,
2016,26.5,16.0,,,4_6,FC,F,D,some small chains,,,,,32.5,JPL1_20240103,,,
2017,16.0,10.5,,,4_6,FC,F+,D,some chains up to 8mm,,,,,32.5,JPL1_20240103,,,
2018,10.5,0.0,,,4_6,DH,F,D,,,,,,32.5,JPL1_20240103,,,
2026,81.0,73.0,,,1_2,PP,F,D,PPrm,,,,,81.0,JPL1_20240117,22.96249665775401,0.353180431372549,
2027,73.0,52.0,,,<1,DF,F,D,,,,,,81.0,JPL1_20240117,,,
2028,52.0,41.0,,,<1,RG,4F,D,DF,,,,,81.0,JPL1_20240117,,,
2029,41.0,28.0,,,1_2,RG,4F,D,,,,,,81.0,JPL1_20240117,,,
2030,28.0,0.0,,,2_4,DH,F,D,,,,,,81.0,JPL1_20240117,,,
2031,107.0,92.0,,,1_2,PPrm,F,D,DF,,,,,107.0,JPLMet_20240305,42.95208587467759,,
2032,92.0,82.0,,,<1,DF,F,D,,,,,,107.0,JPLMet_20240305,,,
2033,82.0,73.5,,,<1,RG,F+,D,DF,,,,,107.0,JPLMet_20240305,,,
2034,73.5,73.0,,,<1,MFcr,1F,D,,,,,,107.0,JPLMet_20240305,,,
2035,73.0,64.5,,,<1,RG,F,D,,,,,,107.0,JPLMet_20240305,,,
2036,64.5,63.5,,,1_2,MFcr,1F,D,some faceted edges,,,,,107.0,JPLMet_20240305,,,
2037,63.5,53.0,,,1_2,FC,F+,D,rounding,,,,,107.0,JPLMet_20240305,,,
2038,53.0,52.5,,,<1,MFcr,F,D,faceting,,,,,107.0,JPLMet_20240305,,,
2039,52.5,41.0,,,1_2,FC,F,D,rounding,,,,,107.0,JPLMet_20240305,,,
2040,41.0,30.0,,,1_2,FC,4F+,D,rounding,,,,,107.0,JPLMet_20240305,,,
2041,30.0,25.0,,,<1,RG,1F,D,faceted edges,,,,,107.0,JPLMet_20240305,,,
2042,25.0,0.0,,,2_4,DH,F,D,striations,,,,,107.0,JPLMet_20240305,,,
2043,51.5,45.0,,,1_2,FC,F-,D,,,,,,51.5,LFMet_20240104,,,
2044,45.0,33.0,,,2_4,FC,F,D,,,,,,51.5,LFMet_20240104,,,
2045,33.0,22.0,,,1_2,FC,F+,D,as large as 4mm,,,,,51.5,LFMet_20240104,,,
2046,22.0,12.0,,,4_6,FC,F+,D,8mm chains,,,,,51.5,LFMet_20240104,,,
2047,12.0,7.5,,,2_4,FC,1F,D,very cohesive,,,,,51.5,LFMet_20240104,,,
2048,7.5,0.0,,,4_6,DH,F,D,"striations, cups",,,,,51.5,LFMet_20240104,,,
2049,173.0,156.0,,,1_2,DF,F,D,,,,,,173.0,FSTA_20240307,136.66542927684708,1.3137151436142025,
2050,156.0,147.0,,,1_2,DF,F,D,,,,,,173.0,FSTA_20240307,,,
2051,147.0,137.0,,,<1,RG,F+,D,,,,,,173.0,FSTA_20240307,,,
2052,137.0,121.0,,,1_2,RG,4F,D,,,,,,173.0,FSTA_20240307,,,
2053,121.0,84.0,,,<1,RG,4F+,D,FC towards bottom of layer,,,,,173.0,FSTA_20240307,,,
2054,84.0,71.0,,,<1,RG,1F+,D,faceted rounds,,,,,173.0,FSTA_20240307,,,
2055,71.0,62.0,,,<1,RG,P,D,,,,,,173.0,FSTA_20240307,,,
2056,62.0,42.0,,,2_4,FC,F+,D,,,,,,173.0,FSTA_20240307,,,
2057,42.0,0.0,,,2_4,DH,F,D,some rounded edges,,,,,173.0,FSTA_20240307,,,
2058,99.0,93.5,,,1_2,DF,F,D,,,,,,99.0,DHCLPX_20240215,40.24329545454545,,
2059,93.5,92.0,,,<1,MFcr,P+,D,<1mm facets on top and bottom,,,,,99.0,DHCLPX_20240215,300.7699285714286,,
2060,92.0,85.0,,,1_2,RG,F,D,,,,,,99.0,DHCLPX_20240215,44.714612903225806,,
2061,85.0,83.5,,,1_2,MFcr,P,D,,,,,,99.0,DHCLPX_20240215,,,
2062,83.5,75.5,,,1_2,RG,F,D,faceting,,,,,99.0,DHCLPX_20240215,,,
2063,75.5,71.0,,,<1,MFcr,1F,D,facets top an dbottom.  thickness varies ,,,,,99.0,DHCLPX_20240215,,,
2064,71.0,54.0,,,<1,RG,4F,D,faceted edges,,,,,99.0,DHCLPX_20240215,,,
2065,54.0,44.0,,,<1,RG,P,D,,,,,,99.0,DHCLPX_20240215,,,
2066,44.0,32.0,,,<1,RG,1F,D,,,,,,99.0,DHCLPX_20240215,,,
2067,32.0,0.0,,,2_4,DH,F,D,,,,,,99.0,DHCLPX_20240215,,,
2068,73.0,72.5,,,>6,SH,F-,D,8-12mm,,,,,73.0,FSTA_20240104,9.81,,
2069,72.5,63.0,,,1_2,FC,F,D,,,,,,73.0,FSTA_20240104,16.6525,,
2070,63.0,54.0,,,1_2,FC,4F,D,some <1mm,,,,,73.0,FSTA_20240104,,,
2071,54.0,47.0,,,<1,FC,4F,D,some rounding,,,,,73.0,FSTA_20240104,,,
2072,47.0,37.0,,,<1,FC,1F,D,"2nd size, 1-2mm",,,,,73.0,FSTA_20240104,,,
2073,37.0,22.0,,,2_4,FC,4F,D,chains,,,,,73.0,FSTA_20240104,,,
2074,22.0,0.0,,,4_6,DH,4F+,D,"chains, cmall cups",,,,,73.0,FSTA_20240104,,,
2075,77.0,72.0,,,<1,MF,F,M,,,,,,77.0,JPLMet_20240220,10.187307692307693,,
2076,72.0,58.0,,,1_2,MF,F,M-,rounded grains secondary,,,,,77.0,JPLMet_20240220,,,
2077,58.0,57.0,,,<1,MFcr,F,D,faceting,,,,,77.0,JPLMet_20240220,,,
2078,57.0,44.0,,,1_2,FC,F+,D,rounding,,,,,77.0,JPLMet_20240220,,,
2079,44.0,31.0,,,1_2,FC,4F+,D,less round that layer above,,,,,77.0,JPLMet_20240220,,,
2080,31.0,27.0,,,<1,RG,1F,D,faceting,,,,,77.0,JPLMet_20240220,,,
2081,27.0,0.0,,,2_4,FC,F,D,striated,,,,,77.0,JPLMet_20240220,,,
2082,36.5,26.0,0.5,0.1,0.3,FCsf,F,D,,10.5,16.0,152.38095238095238,20241121.0,36.5,DHMet_20241121,21.739834158415846,,
2083,26.0,25.0,1.5,0.5,1.0,MFcr,1F,D,"MFcr, Faceting",1.0,4.0,400.0,,36.5,DHMet_20241121,,,
2084,25.0,10.0,1.5,0.5,1.0,FC,4F,D,FCso,15.0,35.0,233.33333333333331,,36.5,DHMet_20241121,,,
2085,10.0,0.0,2.0,0.5,1.0,FC,1F,D,"FCso, Crust like @ ground",10.0,16.0,160.0,,36.5,DHMet_20241121,,,
2094,40.0,39.0,0.5,0.3,0.5,DF,F,N/O,Fallen in last 12 hours,,,,20250210.0,40.0,CCO_20250210,3.3001246047714865,,
2095,39.0,36.0,1.0,0.3,0.5,RG,F,N/O,,,,,,40.0,CCO_20250210,96.25986747104247,,
2096,36.0,30.0,1.0,0.3,1.0,RG,F,N/O,,,,,,40.0,CCO_20250210,,,
2097,30.0,23.0,2.0,0.3,1.0,MFcr,1F,N/O,"This layer was the surface during rain event early February
smooth surface on top",,,,,40.0,CCO_20250210,,,
2098,23.0,14.0,6.0,0.5,2.0,DHxr,1F,N/O,Loos like DH that got wet and stuck together.  Some poly crystals made up of striated facets,,,,,40.0,CCO_20250210,,,
2099,14.0,10.0,3.0,2.0,2.0,MFcl,4F,N/O,,,,,,40.0,CCO_20250210,,,
2100,10.0,0.0,3.0,1.0,2.0,DH,F,N/O,,,,,,40.0,CCO_20250210,,,
2106,66.0,58.0,,,,,K,D,none,,,,20250408.0,66.0,JPLMet_20250408_TS_0725,207.29712986108913,,
2107,58.0,37.0,,,,,P,D,,,,,,66.0,JPLMet_20250408_TS_0725,,,
2108,37.0,21.0,,,,,4F,M,,,,,,66.0,JPLMet_20250408_TS_0725,,,
2109,21.0,0.0,,,,,F,W,,,,,,66.0,JPLMet_20250408_TS_0725,,,
2118,97.0,96.0,1.0,1.0,1.0,MFcr,1F,D,surface = facets,1.0,3.0,300.0,20240311.0,97.0,TPO_20240311,15.695999999999993,,
2119,96.0,61.0,1.0,0.3,0.5,RG,F,D,"most recent storm, settling",25.0,45.0,180.0,,97.0,TPO_20240311,86.71876499999999,,
2120,61.0,59.0,2.0,1.0,2.0,RG,4F,D,,11.4,27.0,236.8421052631579,,97.0,TPO_20240311,,,
2121,59.0,36.0,0.5,0.5,0.5,RG,4F,D,,21.0,59.0,280.95238095238096,,97.0,TPO_20240311,,,
2122,36.0,33.0,2.0,1.0,2.0,MFcr,1F,D,rounding,4.0,12.0,300.0,,97.0,TPO_20240311,,,
2123,33.0,23.0,0.5,0.5,0.5,RG,4F,D,,11.0,37.0,336.3636363636364,,97.0,TPO_20240311,,,
2124,23.0,6.0,6.0,2.0,4.0,FC,F,D,,19.5,54.0,276.9230769230769,,97.0,TPO_20240311,,,
2125,6.0,0.0,6.0,1.0,3.0,FC,1F,D,,,,,,97.0,TPO_20240311,,,
2130,66.0,59.0,,,,,K,D,,,,,20250408.0,66.0,JPLMet_20250408_TS_0528,256.6545039018817,,1.0353841535646637
2131,59.0,50.0,,,,,P,D,,,,,,66.0,JPLMet_20250408_TS_0528,,,
2132,50.0,36.5,,,,,1F,D,,,,,,66.0,JPLMet_20250408_TS_0528,,,
2133,36.5,15.0,,,,,4F,M,,,,,,66.0,JPLMet_20250408_TS_0528,,,
2134,15.0,0.0,,,,,F,M,,,,,,66.0,JPLMet_20250408_TS_0528,,,
2142,142.0,135.0,2.0,1.0,1.0,MFcl,F,N/O,Liquid H20 present,27.8,42.5,152.87769784172662,,142.0,FCO_20250224,69.928315603948,,
2143,135.0,99.0,0.5,0.5,0.5,RG,4F,N/O,,21.6,47.0,217.59259259259255,,142.0,FCO_20250224,80.14625735294118,,
2144,99.0,98.0,1.0,1.0,1.0,MFcl,4F,N/O,,,,,,142.0,FCO_20250224,,,
2145,98.0,89.0,0.5,0.3,0.3,RG,4F,N/O,,,,,,142.0,FCO_20250224,,,
2146,89.0,77.0,4.0,1.0,2.0,MFcr,1F,N/O,surface during early feb rain most likely,,,,,142.0,FCO_20250224,,,
2147,77.0,34.0,2.0,1.0,1.0,FCxr,4F,N/O,,,,,,142.0,FCO_20250224,,,
2148,34.0,17.0,3.0,1.0,2.0,FCxr,4F,N/O,,,,,,142.0,FCO_20250224,,,
2149,17.0,0.0,5.0,1.0,3.0,FCxr,1F,N/O,,,,,,142.0,FCO_20250224,,,
2154,63.0,57.0,,,,,K,,,,,,20250408.0,63.0,JPLMet_20250408_TS_0334,233.7038042076688,,1.1300198779743238
2155,57.0,53.0,,,,,1F,,Some IF,,,,,63.0,JPLMet_20250408_TS_0334,,,
2156,53.0,44.0,,,,,P,,,,,,,63.0,JPLMet_20250408_TS_0334,,,
2157,44.0,41.0,,,,IFil,I,,,,,340.64898375,,63.0,JPLMet_20250408_TS_0334,,,
2158,41.0,29.0,,,,,4F,,,,,,,63.0,JPLMet_20250408_TS_0334,,,
2159,29.0,0.0,,,,,F,,,,,,,63.0,JPLMet_20250408_TS_0334,,,
2166,47.0,45.0,0.5,0.3,0.3,MFpc,F,M,none,3.5,15.0,428.57142857142856,20250506.0,47.0,TPO_20250506,35.589273049645385,,
2167,45.0,39.5,1.0,0.2,0.3,MFpc,1F,M,,5.0,18.0,360.0,,47.0,TPO_20250506,25.910420021186443,,
2168,39.5,33.0,1.0,0.2,0.3,MFpc,F,M,,8.0,39.0,487.5,,47.0,TPO_20250506,,,
2169,33.0,29.0,0.5,0.2,0.3,MFpc,4F,M,,5.0,29.0,580.0,,47.0,TPO_20250506,,,
2170,29.0,0.0,1.0,0.3,0.5,MFpc,F,M,,26.0,87.0,334.61538461538464,,47.0,TPO_20250506,,,
2178,68.0,66.0,0.4,0.1,0.5,FCsf,F,D,Some DFdc,0.7999999999999972,1.0,83.0,20250123.0,68.0,CLPX_FFSP04_20250123,2.511141337386019,,
2179,66.0,62.0,1.0,0.2,0.5,FCsf,F,D,,4.0,5.0,125.0,,68.0,CLPX_FFSP04_20250123,19.552505338078294,,
2180,62.0,51.0,1.5,0.5,1.0,FCsf,F,D,"Some cups, prisms",10.4,18.0,173.0,,68.0,CLPX_FFSP04_20250123,,,
2181,51.0,35.0,2.0,0.5,1.0,FC,F,D,FCso,17.6,38.0,218.0,,68.0,CLPX_FFSP04_20250123,,,
2182,35.0,21.0,3.0,2.0,2.5,DHcp,F,D,,9.0,24.0,264.0,,68.0,CLPX_FFSP04_20250123,,,
2183,21.0,12.0,4.0,2.0,3.0,DHla,F,D,,7.0,14.0,200.0,,68.0,CLPX_FFSP04_20250123,,,
2184,12.0,0.0,5.0,2.0,3.0,DHxr,F,D,DHpr DHla,,,,,68.0,CLPX_FFSP04_20250123,,,
2190,92.0,81.0,0.5,0.2,0.3,FCsf,F,D,,11.0,13.5,122.72727272727272,20250123.0,92.0,CLPX_FFSP01_20250123,26.54794916666667,,
2191,81.0,64.5,1.0,0.2,0.7,FC,F,D,FCso,15.6,29.0,185.8974358974359,,92.0,CLPX_FFSP01_20250123,,,
2192,64.5,52.0,1.0,0.5,0.7,FC,4F,D,FCso Some cups,12.4,31.0,250.0,,92.0,CLPX_FFSP01_20250123,,,
2193,52.0,41.0,1.0,0.5,0.7,FC,1F,D,"FCso Some cups, some DHpr",11.0,31.5,286.3636363636364,,92.0,CLPX_FFSP01_20250123,,,
2194,41.0,21.0,2.0,0.7,1.0,DHcp,4F,D,,19.8,51.0,257.5757575757576,,92.0,CLPX_FFSP01_20250123,,,
2195,21.0,0.0,3.0,1.0,2.0,DHcp,4F,D,"Few striations, some DHpr",19.0,46.0,242.10526315789477,,92.0,CLPX_FFSP01_20250123,,,
2202,64.0,55.0,,,,,P,,,,,,20250408.0,64.0,JPLMet_20250408_TS_0134,68.40360342555995,,1.1267528808036817
2203,55.0,49.0,,,,,1F,,,,,,,64.0,JPLMet_20250408_TS_0134,,,
2204,49.0,47.0,,,,,I,,,,,,,64.0,JPLMet_20250408_TS_0134,,,
2205,47.0,41.0,,,,,1F,,,,,,,64.0,JPLMet_20250408_TS_0134,,,
2206,41.0,15.0,,,,,4F,,,,,,,64.0,JPLMet_20250408_TS_0134,,,
2207,15.0,0.0,,,,,F,,,,,,,64.0,JPLMet_20250408_TS_0134,,,
2214,67.0,60.0,1.0,0.3,0.5,DF,4F,M,DFdc,7.0,14.5,207.14285714285717,20250404.0,67.0,JPLMet_20250404,288.8956422625461,,
2215,60.0,54.0,2.0,0.5,1.0,MFpc,P,D,,4.2,14.5,345.23809523809524,,67.0,JPLMet_20250404,,,
2216,54.0,32.0,2.0,0.5,1.0,MFpc,K,D,,21.6,84.5,391.2037037037037,,67.0,JPLMet_20250404,,,
2217,32.0,17.0,1.0,0.5,0.8,MFcl,4F,M,,15.2,54.5,358.5526315789474,,67.0,JPLMet_20250404,,,
2218,17.0,0.0,3.0,1.0,2.0,RG,F,M,RGlr Very moist,16.0,49.5,309.375,,67.0,JPLMet_20250404,,,
2226,175.0,174.0,,,<1,FC,4F,M,,,,,,175.0,JWST_20240503,6.847042253521128,,
2227,174.0,170.0,,,<1,MF,4F+,M,,,,,,175.0,JWST_20240503,52.91235946691844,,
2228,170.0,162.0,,,1_2,MF,P,M,,,,,,175.0,JWST_20240503,215.09746710871852,,
2229,162.0,149.0,,,1_2,MF,1F,M,,,,,,175.0,JWST_20240503,44.640204126548866,,
2230,149.0,146.0,,,<1,MF,1F-,M,,,,,,175.0,JWST_20240503,,,
2231,146.0,131.0,,,1_2,MF,4F,M,,,,,,175.0,JWST_20240503,,,
2232,131.0,123.0,,,1_2,MF,F,M,,,,,,175.0,JWST_20240503,,,
2233,123.0,111.0,,,<1,MF,1F,M,,,,,,175.0,JWST_20240503,,,
2234,111.0,110.0,,,N/O,IF,I,M,,,,,,175.0,JWST_20240503,,,
2235,110.0,102.0,,,<1,MF,P+,M,,,,,,175.0,JWST_20240503,,,
2236,102.0,98.0,,,<1,MF,P,M,,,,,,175.0,JWST_20240503,,,
2237,98.0,96.0,,,N/O,MF,I,M,,,,,,175.0,JWST_20240503,,,
2238,96.0,88.0,,,<1,IF,P+,M,,,,,,175.0,JWST_20240503,,,
2239,88.0,60.0,,,<1,MF,P+,M,,,,,,175.0,JWST_20240503,,,
2240,60.0,59.0,,,1_2,MFcr,P+,M,,,,,,175.0,JWST_20240503,,,
2241,59.0,38.0,,,<1,MF,P+,M,,,,,,175.0,JWST_20240503,,,
2242,38.0,0.0,,,1_2,MF,4F,M,,,,,,175.0,JWST_20240503,,,
2243,103.0,74.5,,,<1,RG,F+,M,,,,,,103.0,CLPXSL_20240305,39.62570772058824,,
2244,74.5,73.5,,,<1,MFcr,P+,D,,,,,,103.0,CLPXSL_20240305,,,
2245,73.5,68.0,,,<1,RG,F+,D,,,,,,103.0,CLPXSL_20240305,,,
2246,68.0,66.0,,,<1,MFcr,4F,D,facets on top,,,,,103.0,CLPXSL_20240305,,,
2247,66.0,47.0,,,1_2,FC,4F-,D,rounding,,,,,103.0,CLPXSL_20240305,,,
2248,47.0,33.0,,,1_2,RG,1F+,D,some faceted edges,,,,,103.0,CLPXSL_20240305,,,
2249,33.0,12.0,,,2_4,FC,F,D,,,,,,103.0,CLPXSL_20240305,,,
2250,12.0,0.0,,,2_4,DH,F+,D,,,,,,103.0,CLPXSL_20240305,,,
2251,83.0,75.0,,,<1,PP,F,D,"stellars, columns",,,,,83.0,JPL2_20240117,20.324707760376878,,
2252,75.0,57.0,,,<1,DF,F,D,,,,,,83.0,JPL2_20240117,,,
2253,57.0,48.0,,,<1,DF,4F,D,rounding,,,,,83.0,JPL2_20240117,,,
2254,48.0,37.5,,,<1,RG,1F,D,,,,,,83.0,JPL2_20240117,,,
2255,37.5,30.0,,,2_4,FC,F,D,,,,,,83.0,JPL2_20240117,,,
2256,30.0,0.0,,,2_4,FC,F,D,DH,,,,,83.0,JPL2_20240117,,,
2257,74.0,71.5,,,1_2,DF,F-,D,0.5mm FC,,,,,74.0,JPL2_20240123,13.400460000000002,,
2258,71.5,63.0,,,<1,FC,F,D,"some DF, 2mm rounding on FC",,,,,74.0,JPL2_20240123,66.35734776917822,,
2259,63.0,41.0,,,<1,RG,1F-,D,0.5-1mm,,,,,74.0,JPL2_20240123,,,
2260,41.0,29.0,,,<1,RG,P,D,0.3-0.5mm faceting,,,,,74.0,JPL2_20240123,,,
2261,29.0,0.0,,,2_4,DH,F,D,,,,,,74.0,JPL2_20240123,,,
2262,58.0,52.5,,,1_2,FC,F-,D,,,,,,58.0,AM_20240104,12.14540450928382,,
2263,52.5,45.5,,,<1,FC,F,D,,,,,,58.0,AM_20240104,,,
2264,45.5,45.0,,,N/O,IF,,D,Ice lens,,,,,58.0,AM_20240104,,,
2265,45.0,31.5,,,2_4,FC,F+,D,,,,,,58.0,AM_20240104,,,
2266,31.5,26.0,,,1_2,FC,1F,D,,,,,,58.0,AM_20240104,,,
2267,26.0,0.0,,,4_6,DH,F,D,small chains,,,,,58.0,AM_20240104,,,
2268,47.0,46.0,,,N/O,IF,P/K,D,"Ice lens, 2mm",,,,,47.0,AM_20231220,9.809999999999995,,
2269,46.0,32.0,,,1_2,FC,F,D,1-2mm,,,,,47.0,AM_20231220,22.038710000000002,,
2270,32.0,27.0,,,2_4,FC,4F,D,3mm,,,,,47.0,AM_20231220,,,
2271,27.0,18.0,,,2_4,FC,F-,D,"2-4mm, some rounding",,,,,47.0,AM_20231220,,,
2272,18.0,12.0,,,4_6,FC,F,D,"chains, striations, mature facets, no cups",,,,,47.0,AM_20231220,,,
2273,12.0,0.0,,,2_4,FC,F,D,,,,,,47.0,AM_20231220,,,
2279,71.0,63.0,,,<1,FC,F,D,some stellars and DF,,,,,71.0,JPL2_20240213,56.104901196579306,,
2280,63.0,62.0,,,<1,MFcr,1F,D,up to 2cm thick in some places,,,,,71.0,JPL2_20240213,,,
2281,62.0,58.0,,,1_2,FC,F+,D,,,,,,71.0,JPL2_20240213,,,
2282,58.0,57.0,,,<1,MFcr,4F,D,faceting,,,,,71.0,JPL2_20240213,,,
2283,57.0,49.0,,,1_2,FC,F,D,,,,,,71.0,JPL2_20240213,,,
2284,49.0,35.0,,,1_2,RG,1F,D,faceting,,,,,71.0,JPL2_20240213,,,
2285,35.0,27.0,,,<1,RG,1F+,D,,,,,,71.0,JPL2_20240213,,,
2286,27.0,0.0,,,4_6,DH,F,D,"some square edges, few striations",,,,,71.0,JPL2_20240213,,,
2287,130.0,115.0,,,<1,RG,F,D,some DF,,,,,130.0,FSTA_20240214,98.39704829484066,,
2288,115.0,102.5,,,<1,RG,F+,D,some faceted edges,,,,,130.0,FSTA_20240214,,,
2289,102.5,101.5,,,4_6,SH,F,D,,,,,,130.0,FSTA_20240214,,,
2290,101.5,88.0,,,1_2,RG,1F-,D,"faceting, 1mm average",,,,,130.0,FSTA_20240214,,,
2291,88.0,74.0,,,<1,RG,1F+,D,,,,,,130.0,FSTA_20240214,,,
2292,74.0,63.0,,,<1,RG,P,D,pine needles @ 63cm,,,,,130.0,FSTA_20240214,,,
2293,63.0,35.0,,,2_4,FC,F,D,"some rounded edges, pine needles @ 35cm",,,,,130.0,FSTA_20240214,,,
2294,35.0,15.0,,,2_4,FC,F,D,pine needle @ 16cm,,,,,130.0,FSTA_20240214,,,
2295,15.0,8.0,,,2_4,FC,F,D,,,,,,130.0,FSTA_20240214,,,
2296,8.0,0.0,,,2_4,FC,4F,D,"some 6mm, squares, DH",,,,,130.0,FSTA_20240214,,,
2297,155.0,139.0,,,1_2,PP,F,D,rimed,,,,,155.0,AM_20240306,81.72859217960155,,
2298,139.0,128.0,,,1_2,DF,F,D,"RG, <1mm",,,,,155.0,AM_20240306,,,
2299,128.0,118.0,,,<1,RG,F,D,"DF, 1-2mm",,,,,155.0,AM_20240306,,,
2300,118.0,108.0,,,<1,RG,4F-,D,,,,,,155.0,AM_20240306,,,
2301,108.0,107.0,,,1_2,FC,F,D,rounded,,,,,155.0,AM_20240306,,,
2302,107.0,83.0,,,1_2,FC,4F,D,"rounded, closer to 2 mm",,,,,155.0,AM_20240306,,,
2303,83.0,70.0,,,1_2,FC,1F-,D,rounded,,,,,155.0,AM_20240306,,,
2304,70.0,55.0,,,1_2,RG,P-,D,faceted,,,,,155.0,AM_20240306,,,
2305,55.0,0.0,,,1_2,DH,F,D,"rounded, 2-4mm towards bottom",,,,,155.0,AM_20240306,,,
2306,60.0,55.0,,,1_2,DF,F-,D,"DF 2mm, 2-4mm SH",,,,,60.0,AM_20231228,,,
2307,55.0,47.0,,,1_2,DF,F,D,"DF1-2mm, secondary 0.5mm FC",,,,,60.0,AM_20231228,,,
2308,47.0,46.5,,,N/O,IF,,D,Ice lens,,,,,60.0,AM_20231228,,,
2309,46.5,33.0,,,1_2,FC,F,D,"FC1-2mm, rounding occurring",,,,,60.0,AM_20231228,,,
2310,33.0,28.0,,,2_4,FC,4F,D,FC2-4mm,,,,,60.0,AM_20231228,,,
2311,28.0,13.0,,,4_6,FC,F,D,"FC 4-6mm, chains",,,,,60.0,AM_20231228,,,
2312,13.0,0.0,,,4_6,FC,F+,D,,,,,,60.0,AM_20231228,,,
2313,120.0,116.0,,,<1,RG,F,D,DF,,,,,120.0,AM_20240221,18.69679715302491,,
2314,116.0,115.0,,,<1,MF,F+,D,poorly bonded,,,,,120.0,AM_20240221,40.30889084507042,,
2315,115.0,103.0,,,<1,RG,F+,D,,,,,,120.0,AM_20240221,41.90289056603773,,
2316,103.0,92.0,,,<1,RG,4F,D,,,,,,120.0,AM_20240221,,,
2317,92.0,77.0,,,1_2,RG,F+,D,faceted edges,,,,,120.0,AM_20240221,,,
2318,77.0,53.0,,,1_2,RG,1F,D,faceted edges,,,,,120.0,AM_20240221,,,
2319,53.0,26.0,,,2_4,FC,F,D,,,,,,120.0,AM_20240221,,,
2320,26.0,0.0,,,4_6,FC,F,D,"DH, striated",,,,,120.0,AM_20240221,,,
2321,32.5,28.5,,,1_2,DF,F-,D,"stellars, some riming",,,,,32.5,JPL2_20231227,,,
2322,28.5,23.0,,,<1,DF,F,D,"some FC, also <1mm",,,,,32.5,JPL2_20231227,,,
2323,23.0,12.0,,,2_4,FC,F+,D,,,,,,32.5,JPL2_20231227,,,
2324,12.0,5.0,,,2_4,FC,F,D,some chains,,,,,32.5,JPL2_20231227,,,
2325,5.0,0.0,,,2_4,DH,F,D,2-4mm/4-6mm,,,,,32.5,JPL2_20231227,,,
2326,27.0,26.0,,,1_2,PP,F,,PPrm,,,,,27.0,JPL1_20231221,,,
2327,26.0,23.5,,,<1,FC,F,,,,,,,27.0,JPL1_20231221,,,
2328,23.5,15.0,,,<1,FC,4F,,some rounding,,,,,27.0,JPL1_20231221,,,
2329,15.0,7.0,,,<1,FC,4F,,some rounding,,,,,27.0,JPL1_20231221,,,
2330,7.0,0.0,,,2_4,FC,F,,,,,,,27.0,JPL1_20231221,,,
2331,32.0,28.0,,,1_2,FC,F-,D,,,,,,32.0,JPL2_20240103,,,
2332,28.0,17.0,,,2_4,FC,F,D,"striations, secondary size 6mm, some chains",,,,,32.0,JPL2_20240103,,,
2333,17.0,6.0,,,4_6,FC,4F,D,,,,,,32.0,JPL2_20240103,,,
2334,6.0,0.0,,,4_6,DH,F+,D,,,,,,32.0,JPL2_20240103,,,
2335,69.0,68.0,,,1_2,DF,F-,D,,,,,,69.0,CLPXSL_20240123,9.809999999999995,,
2336,68.0,59.0,,,1_2,DF,F,D,some roundingn occuring,,,,,69.0,CLPXSL_20240123,58.16312666666666,,
2337,59.0,37.0,,,<1,RG,1F,D,0.3mm-0.5mm few faceted,,,,,69.0,CLPXSL_20240123,,,
2338,37.0,29.0,,,<1,RG,P,D,0.3mm-0.5mm,,,,,69.0,CLPXSL_20240123,,,
2339,29.0,0.0,,,4_6,DG,F+,D,striations,,,,,69.0,CLPXSL_20240123,,,
2340,71.0,70.5,,,1_2,FC,F,,PPrm 1-2mm,,,,,71.0,JPL2_20240207,9.81,,
2341,70.5,69.5,,,<1,MFcr,1F,,,,,,,71.0,JPL2_20240207,9.809999999999995,,
2342,69.5,64.0,,,<1,RG,F,,DF 1-2mm,,,,,71.0,JPL2_20240207,109.56609509674,,
2343,64.0,63.0,,,<1,MFcr,F,,,,,,,71.0,JPL2_20240207,,,
2344,63.0,53.0,,,1_2,RG,4F,,facetingf,,,,,71.0,JPL2_20240207,,,
2345,53.0,42.0,,,<1,RG,1F,,more faceted,,,,,71.0,JPL2_20240207,,,
2346,42.0,34.0,,,<1,RG,1F,,,,,,,71.0,JPL2_20240207,,,
2347,34.0,26.0,,,<1,RG,P,,,,,,,71.0,JPL2_20240207,,,
2348,26.0,0.0,,,2_4,DH,F,,"square, striations",,,,,71.0,JPL2_20240207,,,
2349,98.0,93.0,,,2_4,PP,F-,D,"stellars 0.5mm plates, DF 1-2mm secondary",,,,,98.0,AM_20240124,47.326495726495736,,
2350,93.0,79.0,,,<1,RG,F+,D,early states of rounding,,,,,98.0,AM_20240124,16.050163648709823,,
2351,79.0,55.0,,,<1,RG,4F+,D,0.5mm more pronounced,,,,,98.0,AM_20240124,,,
2352,55.0,45.0,,,1_2,FC,F,D,starting to round,,,,,98.0,AM_20240124,,,
2353,45.0,44.5,,,<1,MFcr,4F,D,melt forms cust,,,,,98.0,AM_20240124,,,
2354,44.5,30.5,,,4_6,FC,F+,D,minor rounding occuring,,,,,98.0,AM_20240124,,,
2355,30.5,22.5,,,2_4,FC,F,D,minor rounding,,,,,98.0,AM_20240124,,,
2356,22.5,21.0,,,<1,MFcr,4F,D,melt forms crust,,,,,98.0,AM_20240124,,,
2357,21.0,0.0,,,4_6,DH,4F,D,striations,,,,,98.0,AM_20240124,,,
